session_id,timestamp,scenario,audio_rms,audio_peak,audio_zcr,audio_spectral_centroid_hz,audio_mfcc_mean,audio_anomaly,accel_magnitude_mean,accel_std,accel_max,jerk_mean,motion_anomaly,speed_kmh,route_deviation_m,distance_from_safe_zone_m,hour_of_day,night,minutes_since_checkin,incident_history,user_trigger,user_reported_unsafe,distress_label,label_source
RN-01861,2026-08-29T00:53:28,simulated_distress_combined,0.2637,0.8873,0.2608,2641.9,-8.006,1,19.396,7.025,33.885,27.218,1,9.46,434.4,794.0,0,1,134.7,1,0,1,1,controlled_simulation
RN-00354,2026-08-29T11:40:32,normal_day_walk,0.0823,0.04,0.1088,2013.7,-15.076,0,4.044,1.097,2.8,3.535,0,1.8,27.4,312.6,11,0,1.0,0,0,0,0,controlled_simulation
RN-01334,2026-08-10T20:45:46,minor_route_deviation,0.0496,0.1952,0.0932,1908.4,-22.622,0,1.517,0.665,6.72,4.651,0,6.55,80.2,280.4,20,0,36.8,2,0,0,0,controlled_simulation
RN-00906,2026-08-16T07:54:06,normal_commute,0.0336,0.2851,0.0685,2756.4,-17.915,0,4.894,0.972,4.163,1.34,0,14.97,12.7,218.6,7,0,51.5,0,0,0,0,controlled_simulation
RN-01290,2026-08-03T09:12:41,minor_route_deviation,0.0401,0.1212,0.0918,1562.7,-23.473,0,5.391,1.132,6.637,2.274,0,4.87,128.5,245.6,9,0,20.9,0,0,0,0,controlled_simulation
RN-01274,2026-08-14T15:56:48,minor_route_deviation,0.0661,0.218,0.116,1351.9,-26.515,0,3.064,1.482,6.985,2.581,0,7.43,90.9,292.6,15,0,32.2,0,0,0,0,controlled_simulation
RN-00939,2026-08-25T13:17:41,normal_commute,0.0618,0.2576,0.0497,1318.0,-13.13,0,2.2,1.974,6.475,2.579,0,31.62,14.8,234.0,13,0,28.8,0,0,0,0,controlled_simulation
RN-01732,2026-08-03T20:52:06,simulated_help_call,0.3002,0.7807,0.1688,2858.0,-14.884,1,4.24,1.126,6.523,3.222,0,5.35,191.8,458.4,20,0,65.6,0,0,0,1,controlled_simulation
RN-00066,2026-08-28T17:56:58,normal_day_walk,0.0378,0.2482,0.0666,2094.2,-22.778,0,3.829,1.136,5.975,1.969,0,6.78,10.2,212.5,17,0,37.2,0,0,0,0,controlled_simulation
RN-01324,2026-08-05T10:57:22,minor_route_deviation,0.0572,0.2306,0.0901,2345.3,-16.075,0,3.041,1.42,9.082,4.089,0,5.18,60.0,162.9,10,0,12.1,0,0,0,0,controlled_simulation
RN-00057,2026-08-17T12:24:07,normal_day_walk,0.0428,0.1196,0.0763,2564.7,-21.111,0,3.631,0.563,8.279,3.123,0,4.26,18.5,111.9,12,0,43.9,0,0,0,0,controlled_simulation
RN-01293,2026-08-01T10:36:04,minor_route_deviation,0.0648,0.1878,0.0917,1834.5,-13.738,0,2.877,0.938,7.489,4.615,0,5.73,131.2,294.2,10,0,7.5,1,0,0,0,controlled_simulation
RN-01119,2026-08-21T16:06:16,exercise_running,0.1034,0.2636,0.0548,1992.7,-25.893,0,7.238,3.096,10.209,10.494,0,13.43,25.3,90.1,16,0,23.9,0,0,0,0,controlled_simulation
RN-00585,2026-08-06T00:31:52,normal_night_walk,0.0772,0.0916,0.081,1789.8,-25.447,0,5.302,0.807,7.674,1.537,0,6.46,64.4,130.5,0,1,22.1,1,0,0,0,controlled_simulation
RN-00375,2026-08-31T10:13:03,normal_day_walk,0.0535,0.1885,0.0787,2437.1,-17.981,0,4.574,1.253,7.853,2.76,0,4.88,44.7,249.9,10,0,10.6,2,0,0,0,controlled_simulation
RN-00276,2026-08-04T09:40:27,normal_day_walk,0.0257,0.2918,0.051,1962.6,-17.67,0,3.364,1.548,5.349,1.892,0,6.3,12.7,114.5,9,0,36.0,1,0,0,0,controlled_simulation
RN-00747,2026-08-05T17:28:12,normal_commute,0.0325,0.1303,0.0575,2363.0,-13.013,0,3.002,1.909,6.938,1.968,0,15.09,0.0,373.2,17,0,12.8,0,0,0,0,controlled_simulation
RN-00129,2026-08-11T12:17:48,normal_day_walk,0.0669,0.2149,0.109,3135.8,-16.168,0,3.292,0.707,9.034,1.53,0,8.45,7.3,15.9,12,0,7.1,0,0,0,0,controlled_simulation
RN-01647,2026-08-01T04:11:30,suspicious_night_deviation,0.0669,0.2235,0.0914,1698.2,-13.899,0,4.456,1.433,10.204,3.586,0,5.42,260.1,497.8,4,1,120.2,0,0,0,0,controlled_simulation
RN-01853,2026-08-10T03:26:46,simulated_distress_combined,0.2259,0.9558,0.2565,3057.2,-10.648,1,19.247,5.028,30.098,29.025,1,14.22,473.9,834.2,3,1,108.8,0,0,1,1,controlled_simulation
RN-00675,2026-08-20T01:53:19,normal_night_walk,0.0726,0.1499,0.0856,1891.9,-15.687,0,3.327,0.615,6.283,1.95,0,2.53,14.6,87.0,1,1,10.5,0,0,0,0,controlled_simulation
RN-01665,2026-08-03T20:07:13,simulated_help_call,0.2906,0.8038,0.1469,3703.0,-3.963,1,4.123,1.075,5.371,4.499,0,4.04,412.0,560.3,20,0,119.1,0,0,1,1,controlled_simulation
RN-01982,2026-08-29T06:10:12,manual_sos_simulation,0.033,0.2814,0.0675,1850.2,-22.63,0,2.539,0.705,7.955,2.94,0,3.45,245.7,44.6,6,0,78.9,0,1,1,1,controlled_simulation
RN-01084,2026-08-27T10:50:36,exercise_running,0.1228,0.4179,0.0421,1676.6,-22.215,0,8.466,2.159,9.695,6.255,0,10.49,0.0,102.1,10,0,11.3,0,0,0,0,controlled_simulation
RN-01923,2026-08-26T08:14:18,manual_sos_simulation,0.0464,0.1825,0.0919,2083.0,-25.269,0,1.519,1.217,5.681,2.63,0,3.52,346.2,344.2,8,0,86.7,0,1,1,1,controlled_simulation
RN-00100,2026-08-31T12:31:38,normal_day_walk,0.0423,0.1716,0.0686,1226.1,-25.05,0,1.741,0.279,9.386,1.818,0,5.62,34.7,126.2,12,0,34.9,0,0,0,0,controlled_simulation
RN-01180,2026-08-26T18:25:28,social_shout_laughter,0.214,0.726,0.1512,2748.6,-13.22,1,0.992,1.357,6.074,2.142,0,5.91,8.3,229.8,18,0,17.9,1,0,0,0,controlled_simulation
RN-00965,2026-08-23T17:28:19,exercise_running,0.0595,0.4639,0.072,2070.4,-10.837,0,9.162,1.375,8.983,10.174,0,11.18,25.1,132.2,17,0,3.7,0,0,0,0,controlled_simulation
RN-00793,2026-08-18T08:53:25,normal_commute,0.0714,0.1122,0.0308,1743.3,-20.867,0,5.033,0.949,7.559,4.077,0,19.23,31.7,98.2,8,0,64.2,0,0,0,0,controlled_simulation
RN-00030,2026-08-19T22:11:25,normal_day_walk,0.0749,0.1127,0.0955,1697.3,-12.681,0,3.513,0.958,6.931,3.222,0,2.99,11.6,113.6,22,1,59.9,0,0,0,0,controlled_simulation
RN-00629,2026-08-02T22:06:48,normal_night_walk,0.0427,0.1971,0.055,2313.6,-14.349,0,2.034,1.061,8.532,2.742,0,7.57,6.4,50.6,22,1,17.7,0,0,0,0,controlled_simulation
RN-00945,2026-08-04T07:00:01,exercise_running,0.0965,0.1365,0.0983,2011.1,-22.101,0,7.526,2.159,11.829,8.801,0,13.96,25.7,171.1,7,0,52.5,2,0,0,0,controlled_simulation
RN-00573,2026-08-09T02:30:27,normal_night_walk,0.0499,0.1674,0.1206,1718.2,-20.278,0,3.171,1.487,8.123,1.731,0,2.8,0.0,243.4,2,1,41.8,0,0,0,0,controlled_simulation
RN-00908,2026-08-06T13:29:01,normal_commute,0.0892,0.206,0.1117,1396.2,-14.271,0,3.83,1.087,5.951,1.55,0,23.51,15.7,210.7,13,0,35.3,2,0,0,0,controlled_simulation
RN-01081,2026-08-30T07:09:42,exercise_running,0.0637,0.3538,0.0689,1824.9,-15.796,0,5.423,1.415,13.588,8.183,0,8.23,0.6,197.5,7,0,39.5,0,0,0,0,controlled_simulation
RN-00451,2026-08-12T02:22:35,normal_night_walk,0.0851,0.1296,0.1083,1660.9,-15.225,0,4.452,0.736,7.646,4.42,0,3.26,28.3,126.0,2,1,19.5,1,0,0,0,controlled_simulation
RN-01610,2026-08-23T02:38:09,suspicious_night_deviation,0.0704,0.0405,0.09,1768.2,-17.644,0,2.002,0.761,8.997,2.099,0,5.06,452.7,517.0,2,1,90.4,2,0,0,0,controlled_simulation
RN-01291,2026-08-10T22:57:02,minor_route_deviation,0.09,0.1403,0.0714,2173.8,-15.575,0,4.707,1.18,9.473,3.549,0,6.81,60.0,236.3,22,1,49.0,0,0,0,0,controlled_simulation
RN-01079,2026-08-11T14:37:59,exercise_running,0.0783,0.3346,0.0415,1243.5,-10.567,0,6.137,3.139,9.587,10.049,0,12.61,5.8,5.0,14,0,17.7,2,0,0,0,controlled_simulation
RN-00255,2026-08-12T06:13:12,normal_day_walk,0.0653,0.2063,0.0861,2328.6,-21.26,0,3.979,1.35,8.677,2.882,0,6.6,16.6,175.9,6,0,15.3,0,0,0,0,controlled_simulation
RN-00125,2026-08-01T13:50:56,normal_day_walk,0.0556,0.1624,0.0598,1237.9,-16.046,0,2.493,0.999,7.897,2.079,0,7.84,24.8,155.4,13,0,14.9,0,0,0,0,controlled_simulation
RN-01928,2026-08-25T20:18:32,manual_sos_simulation,0.0302,0.1927,0.0269,1580.1,-22.137,0,2.479,0.953,4.478,2.714,0,6.71,158.3,355.1,20,0,77.2,0,1,1,1,controlled_simulation
RN-00252,2026-08-11T09:29:31,normal_day_walk,0.0493,0.2129,0.0972,2625.3,-17.145,0,2.446,1.508,8.223,3.308,0,5.49,49.3,268.7,9,0,19.5,0,0,0,0,controlled_simulation
RN-00586,2026-08-30T03:38:20,normal_night_walk,0.0712,0.0655,0.118,2175.5,-14.776,0,2.477,1.099,8.39,2.687,0,7.03,47.5,99.7,3,1,1.0,0,0,0,0,controlled_simulation
RN-01569,2026-08-13T21:58:36,suspicious_night_deviation,0.0419,0.1956,0.116,2192.0,-11.037,0,2.702,1.462,9.558,2.864,0,3.19,414.8,672.3,21,0,63.3,1,0,0,0,controlled_simulation
RN-00825,2026-08-02T08:54:14,normal_commute,0.0433,0.2341,0.0715,1922.2,-27.048,0,3.549,0.224,7.184,3.151,0,4.0,7.4,206.5,8,0,14.0,1,0,0,0,controlled_simulation
RN-00508,2026-08-06T22:28:37,normal_night_walk,0.0643,0.0811,0.0831,2267.1,-22.035,0,3.765,0.922,7.517,1.447,0,3.92,28.8,228.0,22,1,1.0,0,0,0,0,controlled_simulation
RN-00890,2026-08-08T08:09:55,normal_commute,0.0191,0.1554,0.0443,1861.4,-22.489,0,0.997,0.72,12.617,2.544,0,12.66,29.9,312.7,8,0,10.8,0,0,0,0,controlled_simulation
RN-00071,2026-08-28T15:03:51,normal_day_walk,0.0631,0.1802,0.1243,1805.7,-19.219,0,2.525,1.017,7.132,2.676,0,7.04,12.9,171.7,15,0,7.2,0,0,0,0,controlled_simulation
RN-01609,2026-08-18T22:22:50,suspicious_night_deviation,0.0842,0.1926,0.1212,1316.0,-25.28,0,2.252,0.981,3.034,2.929,0,7.4,341.6,667.4,22,1,96.2,1,0,0,0,controlled_simulation
RN-01533,2026-08-23T21:05:40,suspicious_night_deviation,0.0749,0.2234,0.0833,1640.1,-14.286,0,4.196,0.903,4.755,3.915,0,2.76,457.0,622.2,21,0,109.4,1,0,0,0,controlled_simulation
RN-00248,2026-08-16T12:31:15,normal_day_walk,0.0677,0.2666,0.079,1522.9,-6.081,0,3.154,1.558,3.56,2.933,0,7.66,19.6,112.6,12,0,9.9,1,0,0,0,controlled_simulation
RN-01451,2026-08-22T15:30:04,sudden_phone_drop,0.0463,0.2838,0.0346,2803.9,-18.03,0,9.0,5.586,23.824,13.275,1,5.05,6.9,179.1,15,0,17.8,0,0,0,0,controlled_simulation
RN-00213,2026-08-25T07:28:24,normal_day_walk,0.0546,0.145,0.0601,1378.8,-15.081,0,1.806,0.921,5.353,0.928,0,8.38,8.6,133.4,7,0,32.7,0,0,0,0,controlled_simulation
RN-00910,2026-08-19T13:07:41,normal_commute,0.0429,0.2271,0.0631,2404.6,-8.85,0,3.229,1.024,9.888,0.914,0,18.3,33.2,109.4,13,0,35.9,0,0,0,0,controlled_simulation
RN-01742,2026-08-26T21:16:24,simulated_help_call,0.4141,0.779,0.1,3391.8,-13.201,1,5.288,0.775,6.871,1.444,0,4.07,296.2,316.1,21,0,49.7,0,0,1,1,controlled_simulation
RN-01245,2026-08-01T16:57:19,social_shout_laughter,0.1431,0.5809,0.1509,2327.8,-17.739,0,1.335,1.235,5.755,3.757,0,5.86,17.8,27.2,16,0,7.0,0,0,0,0,controlled_simulation
RN-01697,2026-08-11T20:49:11,simulated_help_call,0.2766,0.7481,0.2101,3176.4,-9.1,1,2.903,1.039,5.616,0.933,0,3.78,335.6,489.1,20,0,108.0,0,0,0,1,controlled_simulation
RN-01183,2026-08-10T12:18:56,social_shout_laughter,0.1971,0.6061,0.2182,3347.4,-21.399,1,3.64,1.16,5.164,3.019,0,2.57,25.3,275.0,12,0,24.6,1,0,0,0,controlled_simulation
RN-00362,2026-08-19T20:16:52,normal_day_walk,0.015,0.3488,0.0833,1630.8,-9.74,0,3.71,0.892,11.355,2.583,0,5.43,6.1,123.1,20,0,30.8,2,0,0,0,controlled_simulation
RN-01474,2026-08-10T10:24:14,sudden_phone_drop,0.0712,0.1779,0.0973,1439.2,-13.754,0,15.304,4.909,21.986,13.849,1,4.87,5.7,146.0,10,0,49.2,0,0,0,0,controlled_simulation
RN-00679,2026-08-26T00:24:11,normal_night_walk,0.0553,0.0716,0.0525,1436.4,-20.313,0,1.595,0.709,5.021,0.545,0,6.04,47.4,153.3,0,1,45.8,0,0,0,0,controlled_simulation
RN-01622,2026-08-08T00:19:23,suspicious_night_deviation,0.0273,0.2204,0.0492,1666.3,-14.802,0,0.967,1.227,8.414,2.047,0,4.95,286.6,536.9,0,1,90.5,0,0,0,0,controlled_simulation
RN-01090,2026-08-24T06:55:06,exercise_running,0.0975,0.3395,0.1036,2043.5,-12.282,0,5.337,2.825,13.325,7.554,0,9.59,21.2,168.4,6,0,45.1,0,0,0,0,controlled_simulation
RN-01988,2026-08-27T04:56:11,manual_sos_simulation,0.0935,0.04,0.0984,2300.2,-20.801,0,4.243,1.022,8.598,3.933,0,2.98,392.4,219.2,4,1,101.5,0,1,1,1,controlled_simulation
RN-01848,2026-08-24T03:59:22,simulated_distress_combined,0.384,0.8936,0.1468,3591.4,-6.098,1,17.91,5.913,33.451,35.043,1,10.67,561.1,685.9,3,1,133.3,1,0,1,1,controlled_simulation
RN-00988,2026-08-09T19:32:44,exercise_running,0.0872,0.3294,0.0764,1575.3,-19.468,0,4.651,2.627,12.448,9.358,0,9.28,0.0,268.2,19,0,21.3,1,0,0,0,controlled_simulation
RN-01513,2026-08-08T02:27:46,suspicious_night_deviation,0.0253,0.0975,0.0745,1665.2,-16.5,0,1.357,0.788,6.581,4.173,0,3.5,366.9,900.0,2,1,95.3,1,0,0,0,controlled_simulation
RN-00112,2026-08-24T20:30:55,normal_day_walk,0.0752,0.2008,0.1002,1892.9,-30.182,0,1.988,1.174,5.257,4.755,0,4.19,19.0,23.4,20,0,55.7,0,0,0,0,controlled_simulation
RN-01488,2026-08-09T03:14:15,suspicious_night_deviation,0.0345,0.1813,0.0675,1512.2,-21.797,0,3.815,0.858,2.5,3.332,0,6.12,371.1,668.9,3,1,78.2,2,0,0,0,controlled_simulation
RN-01454,2026-08-29T22:02:01,sudden_phone_drop,0.0587,0.1956,0.0554,1894.9,-21.572,0,9.0,6.978,23.19,22.788,1,5.48,11.6,179.2,22,1,32.2,0,0,0,0,controlled_simulation
RN-00384,2026-08-21T22:48:27,normal_day_walk,0.0511,0.1902,0.0518,1632.6,-20.184,0,2.569,1.254,10.404,1.424,0,9.4,36.3,75.1,22,1,20.1,1,0,0,0,controlled_simulation
RN-01396,2026-08-17T18:03:22,minor_route_deviation,0.0578,0.1762,0.069,2358.1,-23.657,0,3.428,0.851,8.784,1.586,0,3.12,177.3,95.0,18,0,11.7,0,0,0,0,controlled_simulation
RN-01055,2026-08-25T14:27:53,exercise_running,0.1532,0.3709,0.0858,1494.0,-14.972,0,8.185,3.091,8.81,5.362,0,13.16,28.7,228.9,14,0,57.5,0,0,0,0,controlled_simulation
RN-00756,2026-08-31T08:39:22,normal_commute,0.0397,0.2695,0.0555,1873.3,-15.685,0,4.669,1.169,6.894,4.858,0,14.18,12.2,36.6,8,0,7.8,0,0,0,0,controlled_simulation
RN-00325,2026-08-18T16:04:36,normal_day_walk,0.0952,0.2308,0.0753,2802.0,-11.032,0,3.117,0.949,5.587,5.472,0,3.74,0.0,41.0,16,0,43.3,1,0,0,0,controlled_simulation
RN-01624,2026-08-11T04:50:47,suspicious_night_deviation,0.0672,0.1335,0.0901,1520.3,-23.922,0,2.607,1.785,5.836,4.7,0,7.14,470.1,374.5,4,1,79.8,1,0,0,0,controlled_simulation
RN-00788,2026-08-20T08:15:02,normal_commute,0.0366,0.283,0.0976,1590.1,-17.35,0,4.181,1.655,7.974,2.957,0,9.23,27.3,192.0,8,0,26.6,0,0,0,0,controlled_simulation
RN-00369,2026-08-21T16:27:58,normal_day_walk,0.0991,0.1924,0.0638,2426.6,-12.209,0,3.22,0.652,9.721,2.397,0,7.38,24.5,321.6,16,0,28.2,0,0,0,0,controlled_simulation
RN-01820,2026-08-30T10:18:53,simulated_fall,0.1869,0.4178,0.038,2053.9,-17.834,1,22.865,3.561,27.589,16.393,1,8.56,279.1,194.5,10,0,82.4,1,0,1,1,controlled_simulation
RN-00070,2026-08-10T11:13:53,normal_day_walk,0.0352,0.2291,0.1172,1727.7,-23.761,0,1.98,0.822,10.107,4.008,0,7.03,26.6,193.9,11,0,34.4,2,0,0,0,controlled_simulation
RN-00858,2026-08-13T09:13:08,normal_commute,0.0366,0.2884,0.0671,1438.4,-24.298,0,1.578,1.173,6.237,2.462,0,18.7,45.9,189.6,9,0,66.0,0,0,0,0,controlled_simulation
RN-01484,2026-08-21T02:42:14,suspicious_night_deviation,0.0866,0.1708,0.048,1779.8,-20.896,0,2.511,1.194,7.649,2.843,0,4.12,507.9,412.1,2,1,98.5,1,0,0,0,controlled_simulation
RN-01556,2026-08-13T21:23:38,suspicious_night_deviation,0.015,0.2355,0.0567,1491.3,-9.497,0,3.152,0.772,5.449,2.174,0,5.48,664.3,556.1,21,0,63.0,1,0,0,0,controlled_simulation
RN-01692,2026-08-24T03:36:27,simulated_help_call,0.2484,0.6617,0.1546,2867.6,-10.12,1,3.561,0.787,5.521,4.75,0,1.55,435.1,394.4,3,1,63.4,0,0,0,1,controlled_simulation
RN-01475,2026-08-26T18:28:14,sudden_phone_drop,0.0504,0.1043,0.1027,2778.4,-14.571,0,14.473,6.48,18.463,9.0,1,6.21,22.9,5.0,18,0,11.5,0,0,0,0,controlled_simulation
RN-01799,2026-08-12T16:22:26,simulated_fall,0.1453,0.2556,0.1137,1352.0,-15.804,0,16.3,6.599,31.651,22.99,1,9.89,165.0,109.4,16,0,73.9,0,0,0,1,controlled_simulation
RN-00479,2026-08-08T21:46:40,normal_night_walk,0.0453,0.1631,0.053,1820.9,-16.267,0,4.153,1.068,5.282,6.062,0,2.4,26.0,161.0,21,0,47.1,0,0,0,0,controlled_simulation
RN-00282,2026-08-21T17:54:19,normal_day_walk,0.0561,0.1351,0.124,1443.4,-21.676,0,4.724,0.732,8.355,2.616,0,5.39,17.4,178.8,17,0,29.1,2,0,0,0,controlled_simulation
RN-01648,2026-08-01T21:32:25,suspicious_night_deviation,0.0522,0.2725,0.1191,2542.2,-12.809,0,2.283,0.58,8.297,0.987,0,3.59,619.8,735.3,21,0,121.0,0,0,0,0,controlled_simulation
RN-01557,2026-08-08T22:16:01,suspicious_night_deviation,0.043,0.2558,0.0303,1986.3,-24.275,0,2.928,1.215,7.187,4.275,0,1.99,466.9,496.6,22,1,93.4,0,0,0,0,controlled_simulation
RN-01730,2026-08-21T05:41:08,simulated_help_call,0.3186,0.7661,0.2672,3029.8,-6.924,1,2.376,0.788,8.529,2.954,0,5.57,318.6,513.7,5,0,124.9,0,0,1,1,controlled_simulation
RN-00211,2026-08-03T17:45:11,normal_day_walk,0.0488,0.04,0.0786,833.4,-16.922,0,2.641,0.916,5.461,3.199,0,5.12,23.9,214.3,17,0,10.5,0,0,0,0,controlled_simulation
RN-00298,2026-08-23T12:54:06,normal_day_walk,0.0696,0.1767,0.0753,1963.6,-14.234,0,2.956,1.061,7.29,2.906,0,4.3,17.9,69.7,12,0,41.2,0,0,0,0,controlled_simulation
RN-01885,2026-08-20T04:23:48,simulated_distress_combined,0.3114,0.8526,0.2515,3746.5,-8.883,1,19.757,4.617,35.183,26.745,1,9.82,673.0,548.2,4,1,79.3,1,0,0,1,controlled_simulation
RN-01834,2026-08-03T15:57:50,simulated_fall,0.0445,0.4315,0.0511,2057.7,-16.817,0,17.631,5.117,33.578,33.964,1,9.13,202.2,169.8,15,0,79.8,0,0,0,1,controlled_simulation
RN-00652,2026-08-31T23:32:44,normal_night_walk,0.0304,0.2938,0.0636,2724.2,-21.461,0,4.627,1.398,7.023,1.79,0,5.18,37.5,330.1,23,1,21.7,0,0,0,0,controlled_simulation
RN-01234,2026-08-21T18:39:18,social_shout_laughter,0.1636,0.744,0.1535,3580.5,-14.296,1,3.659,0.498,6.505,0.933,0,4.76,10.8,237.1,18,0,9.1,0,0,0,0,controlled_simulation
RN-01503,2026-08-15T21:50:03,suspicious_night_deviation,0.0786,0.1099,0.0779,1834.8,-24.823,0,2.244,1.35,4.138,1.907,0,3.37,462.4,608.6,21,0,126.5,2,0,0,0,controlled_simulation
RN-01932,2026-08-30T20:53:17,manual_sos_simulation,0.0251,0.1858,0.0522,1555.2,-17.382,0,3.619,0.324,7.333,1.779,0,4.23,11.7,367.3,20,0,46.2,0,1,1,1,controlled_simulation
RN-00917,2026-08-11T08:50:26,normal_commute,0.0677,0.2389,0.0495,2497.4,-14.148,0,3.284,1.618,8.516,2.72,0,28.79,64.0,21.5,8,0,11.8,0,0,0,0,controlled_simulation
RN-00994,2026-08-30T08:08:20,exercise_running,0.0669,0.4276,0.0524,1693.5,-16.298,0,7.199,2.173,12.713,13.309,0,10.6,16.6,188.4,8,0,24.8,0,0,0,0,controlled_simulation
RN-00430,2026-08-12T01:04:22,normal_night_walk,0.0576,0.079,0.0766,1304.5,-14.201,0,4.178,1.063,9.818,2.759,0,5.14,14.7,180.1,1,1,14.5,0,0,0,0,controlled_simulation
RN-01371,2026-08-05T14:37:06,minor_route_deviation,0.04,0.1504,0.1102,1776.8,-21.288,0,3.069,0.867,11.882,1.487,0,4.29,156.4,200.2,14,0,1.0,0,0,0,0,controlled_simulation
RN-00240,2026-08-26T18:24:31,normal_day_walk,0.0539,0.1928,0.0784,1755.2,-19.645,0,4.604,0.995,9.418,4.478,0,4.05,14.6,243.4,18,0,11.8,0,0,0,0,controlled_simulation
RN-00880,2026-08-19T07:28:30,normal_commute,0.0614,0.2231,0.0691,1955.4,-16.278,0,3.745,0.807,9.293,3.306,0,11.72,48.8,172.7,7,0,27.6,0,0,0,0,controlled_simulation
RN-00621,2026-08-11T05:15:00,normal_night_walk,0.0514,0.2189,0.0895,1881.0,-14.027,0,2.569,1.288,6.486,3.551,0,5.14,0.0,73.5,5,0,41.4,0,0,0,0,controlled_simulation
RN-00257,2026-08-31T15:24:43,normal_day_walk,0.0403,0.0599,0.0609,1316.8,-15.24,0,2.803,1.364,12.053,3.074,0,5.14,12.8,232.4,15,0,24.6,0,0,0,0,controlled_simulation
RN-00612,2026-08-16T00:53:53,normal_night_walk,0.0491,0.2104,0.1146,1885.7,-13.934,0,3.224,0.659,4.229,3.315,0,8.55,26.0,98.6,0,1,24.1,0,0,0,0,controlled_simulation
RN-00545,2026-08-22T01:08:25,normal_night_walk,0.0353,0.2316,0.1024,1111.2,-26.01,0,0.755,0.943,10.352,3.009,0,7.31,43.6,190.1,1,1,7.1,0,0,0,0,controlled_simulation
RN-00772,2026-08-20T08:31:25,normal_commute,0.0408,0.1618,0.0872,1506.6,-22.12,0,3.33,1.064,10.645,4.212,0,11.94,27.0,158.5,8,0,26.5,0,0,0,0,controlled_simulation
RN-01420,2026-08-04T22:46:04,sudden_phone_drop,0.0335,0.2014,0.0288,2132.0,-17.847,0,13.561,4.048,25.423,13.742,1,3.34,63.2,26.9,22,1,31.9,0,0,0,0,controlled_simulation
RN-01042,2026-08-09T13:33:41,exercise_running,0.1091,0.2812,0.0839,2474.3,-11.471,0,5.62,1.657,14.902,11.029,0,13.54,7.3,188.3,13,0,5.1,0,0,0,0,controlled_simulation
RN-01790,2026-08-19T12:01:35,simulated_fall,0.1146,0.4328,0.0859,1687.2,-12.769,0,19.646,5.047,31.904,18.952,1,4.27,209.1,140.0,12,0,91.3,0,0,0,1,controlled_simulation
RN-00760,2026-08-16T07:08:25,normal_commute,0.0283,0.2131,0.06,1356.4,-12.341,0,2.797,0.953,5.963,3.644,0,17.12,37.5,244.6,7,0,30.9,0,0,0,0,controlled_simulation
RN-00383,2026-08-20T22:17:54,normal_day_walk,0.0733,0.2494,0.0623,1598.0,-9.288,0,2.441,1.449,7.412,2.61,0,2.68,13.3,93.3,22,1,33.4,0,0,0,0,controlled_simulation
RN-01104,2026-08-26T08:11:09,exercise_running,0.16,0.2375,0.0915,2184.0,-23.305,0,7.614,2.045,15.934,8.315,0,8.3,32.5,205.8,8,0,22.7,0,0,0,0,controlled_simulation
RN-00974,2026-08-18T11:20:12,exercise_running,0.1289,0.2955,0.0316,1983.4,-18.012,0,5.194,2.201,11.639,7.699,0,10.22,27.5,126.1,11,0,14.8,0,0,0,0,controlled_simulation
RN-00353,2026-08-30T21:14:54,normal_day_walk,0.0532,0.1822,0.0378,1631.8,-11.856,0,3.625,1.987,7.88,3.795,0,7.61,28.8,104.8,21,0,23.1,0,0,0,0,controlled_simulation
RN-01606,2026-08-24T04:54:49,suspicious_night_deviation,0.0388,0.1861,0.062,1694.3,-13.089,0,3.127,0.977,7.469,3.916,0,2.19,573.5,749.7,4,1,92.2,1,0,0,0,controlled_simulation
RN-01826,2026-08-09T10:40:24,simulated_fall,0.1427,0.4913,0.084,2270.4,-25.244,0,18.233,3.734,29.263,21.706,1,5.94,247.9,49.3,10,0,56.3,0,0,0,1,controlled_simulation
RN-01037,2026-08-29T17:34:12,exercise_running,0.0963,0.1742,0.0248,1867.2,-30.657,0,7.329,2.88,11.444,8.355,0,11.35,17.8,53.9,17,0,48.1,0,0,0,0,controlled_simulation
RN-01108,2026-08-19T20:51:03,exercise_running,0.0961,0.2734,0.0923,1595.2,-19.017,0,6.488,2.39,17.434,5.518,0,11.95,6.4,202.1,20,0,78.4,0,0,0,0,controlled_simulation
RN-00495,2026-08-28T03:16:39,normal_night_walk,0.0436,0.2098,0.0977,1228.1,-17.013,0,2.223,1.322,10.258,4.957,0,3.28,54.1,93.1,3,1,30.9,0,0,0,0,controlled_simulation
RN-00394,2026-08-13T09:41:54,normal_day_walk,0.0185,0.2176,0.1211,2288.7,-28.778,0,5.992,1.057,7.262,3.892,0,7.04,16.9,121.8,9,0,31.7,0,0,0,0,controlled_simulation
RN-01547,2026-08-29T03:56:09,suspicious_night_deviation,0.0574,0.1707,0.0983,1608.8,-10.159,0,2.859,0.98,7.565,2.649,0,6.14,350.3,667.2,3,1,89.1,0,0,0,0,controlled_simulation
RN-00465,2026-08-12T01:46:43,normal_night_walk,0.0604,0.1911,0.0909,1173.7,-31.191,0,4.064,1.053,9.082,2.793,0,3.65,27.7,223.1,1,1,3.2,0,0,0,0,controlled_simulation
RN-00887,2026-08-27T08:37:16,normal_commute,0.0444,0.157,0.0496,1062.9,-11.966,0,2.928,0.928,6.811,4.429,0,16.85,18.0,115.9,8,0,13.4,0,0,0,0,controlled_simulation
RN-01194,2026-08-08T11:43:31,social_shout_laughter,0.1671,0.5162,0.1545,3432.2,-22.961,0,2.606,1.419,8.098,3.289,0,6.49,0.0,5.0,11,0,38.5,0,0,0,0,controlled_simulation
RN-00367,2026-08-17T18:34:02,normal_day_walk,0.0293,0.1392,0.0983,2283.0,-10.769,0,2.948,1.096,8.459,4.727,0,1.44,31.0,70.6,18,0,24.4,0,0,0,0,controlled_simulation
RN-01894,2026-08-23T00:52:31,simulated_distress_combined,0.314,0.8825,0.1425,3036.9,-13.248,1,19.939,6.161,32.401,23.999,1,7.42,566.4,545.7,0,1,76.6,2,0,0,1,controlled_simulation
RN-01874,2026-08-22T23:08:44,simulated_distress_combined,0.2322,0.9117,0.2138,3505.0,-11.487,1,20.308,6.094,35.837,30.833,1,9.51,422.9,300.0,23,1,143.1,0,0,1,1,controlled_simulation
RN-00745,2026-08-23T07:13:44,normal_commute,0.0634,0.1477,0.0738,2458.0,-19.873,0,2.68,1.459,4.148,1.629,0,20.5,25.5,374.2,7,0,30.7,0,0,0,0,controlled_simulation
RN-00530,2026-08-11T03:00:08,normal_night_walk,0.0447,0.2624,0.1155,2481.6,-17.72,0,3.282,0.841,9.972,2.298,0,6.03,56.3,218.7,3,1,1.0,0,0,0,0,controlled_simulation
RN-00803,2026-08-18T13:29:15,normal_commute,0.0325,0.1168,0.0848,1795.8,-8.74,0,4.156,1.709,6.257,3.806,0,15.28,47.3,147.0,13,0,28.7,0,0,0,0,controlled_simulation
RN-01224,2026-08-25T14:05:00,social_shout_laughter,0.1308,0.5773,0.1658,3136.4,-13.031,0,3.17,1.303,7.756,0.929,0,4.79,17.0,135.0,14,0,47.2,0,0,0,0,controlled_simulation
RN-01979,2026-08-29T16:47:22,manual_sos_simulation,0.0369,0.04,0.1296,1157.3,-21.076,0,4.019,1.341,5.322,3.78,0,3.44,62.7,492.3,16,0,52.6,0,1,1,1,controlled_simulation
RN-01906,2026-08-09T22:36:26,simulated_distress_combined,0.2951,0.9663,0.2396,3084.1,-10.442,1,22.656,4.603,32.067,24.274,1,10.43,433.0,825.3,22,1,155.0,1,0,1,1,controlled_simulation
RN-01700,2026-08-26T20:45:40,simulated_help_call,0.3332,0.8836,0.1995,2508.0,-11.421,1,3.082,0.648,6.132,3.946,0,5.6,237.1,453.4,20,0,38.8,0,0,1,1,controlled_simulation
RN-01545,2026-08-16T04:19:22,suspicious_night_deviation,0.067,0.1956,0.092,1351.1,-26.822,0,2.969,0.895,7.862,3.252,0,2.12,310.4,303.8,4,1,124.2,1,0,0,0,controlled_simulation
RN-01314,2026-08-12T08:47:20,minor_route_deviation,0.0525,0.1425,0.0644,1645.3,-19.237,0,2.777,1.359,8.011,2.405,0,7.69,156.3,135.3,8,0,3.1,0,0,0,0,controlled_simulation
RN-00307,2026-08-15T22:36:31,normal_day_walk,0.0599,0.136,0.1198,1772.7,-12.103,0,2.949,1.254,6.802,3.271,0,6.04,25.3,41.1,22,1,15.3,0,0,0,0,controlled_simulation
RN-01667,2026-08-22T22:40:34,simulated_help_call,0.2283,0.7853,0.1667,3549.8,-4.993,1,3.694,1.371,2.804,3.383,0,5.51,512.9,302.5,22,1,58.3,0,0,1,1,controlled_simulation
RN-00863,2026-08-17T17:00:37,normal_commute,0.0384,0.1163,0.0735,1879.5,-21.131,0,3.199,1.107,4.295,5.752,0,16.4,18.6,102.9,17,0,17.9,0,0,0,0,controlled_simulation
RN-01567,2026-08-09T21:54:35,suspicious_night_deviation,0.0477,0.2402,0.0998,1895.2,-17.458,0,2.953,1.545,6.311,2.43,0,5.97,190.9,463.5,21,0,65.4,2,0,0,0,controlled_simulation
RN-00531,2026-08-01T04:30:28,normal_night_walk,0.067,0.1784,0.0998,2520.4,-20.783,0,3.453,1.049,6.998,1.958,0,7.36,30.3,223.2,4,1,3.7,2,0,0,0,controlled_simulation
RN-00655,2026-08-10T20:50:16,normal_night_walk,0.0754,0.262,0.1014,1644.5,-10.881,0,4.202,1.109,5.755,5.31,0,7.8,14.0,321.1,20,0,21.8,0,0,0,0,controlled_simulation
RN-01260,2026-08-09T22:38:19,social_shout_laughter,0.1032,0.7147,0.1695,3004.4,-8.814,1,2.934,0.927,5.666,2.332,0,3.83,3.5,98.9,22,1,37.0,0,0,0,0,controlled_simulation
RN-00234,2026-08-06T14:04:16,normal_day_walk,0.0675,0.2455,0.0958,1976.9,-16.765,0,4.02,1.065,10.274,3.274,0,5.8,24.4,165.3,14,0,25.8,0,0,0,0,controlled_simulation
RN-00121,2026-08-27T07:07:43,normal_day_walk,0.0493,0.0774,0.0786,1313.4,-20.916,0,2.216,1.459,3.657,4.355,0,7.14,0.0,84.6,7,0,43.5,0,0,0,0,controlled_simulation
RN-01698,2026-08-28T04:44:50,simulated_help_call,0.3742,0.7873,0.1,3756.6,-9.007,1,3.583,0.433,11.573,3.617,0,4.46,337.7,497.3,4,1,66.9,0,0,1,1,controlled_simulation
RN-00950,2026-08-17T14:19:11,exercise_running,0.0439,0.2713,0.0837,1958.0,-26.088,0,7.97,2.293,13.27,8.5,0,9.64,5.2,146.1,14,0,1.0,0,0,0,0,controlled_simulation
RN-00618,2026-08-05T02:11:48,normal_night_walk,0.0447,0.1304,0.068,2566.5,-25.015,0,3.569,1.071,4.749,4.017,0,5.97,11.5,82.5,2,1,27.5,1,0,0,0,controlled_simulation
RN-01179,2026-08-04T11:05:39,social_shout_laughter,0.248,0.4672,0.1257,2534.3,-23.703,1,2.33,0.772,5.257,6.304,0,6.98,37.1,32.1,11,0,10.5,0,0,0,0,controlled_simulation
RN-00308,2026-08-23T22:25:19,normal_day_walk,0.0776,0.2016,0.0846,2797.8,-11.797,0,2.799,0.371,7.641,3.031,0,3.5,6.0,131.9,22,1,36.1,0,0,0,0,controlled_simulation
RN-00136,2026-08-30T12:35:55,normal_day_walk,0.0672,0.1279,0.0951,2411.2,-3.937,0,2.731,0.77,10.102,3.76,0,5.4,26.4,169.9,12,0,10.4,0,0,0,0,controlled_simulation
RN-00555,2026-08-30T05:40:11,normal_night_walk,0.0974,0.1964,0.0383,1645.9,-12.755,0,3.144,1.517,6.77,4.209,0,3.1,45.6,102.7,5,0,15.9,0,0,0,0,controlled_simulation
RN-01674,2026-08-27T20:51:12,simulated_help_call,0.3308,0.7645,0.2393,3106.8,-9.445,1,2.836,0.617,10.143,4.168,0,7.28,100.0,313.4,20,0,88.4,0,0,0,1,controlled_simulation
RN-00584,2026-08-20T20:34:59,normal_night_walk,0.0424,0.1565,0.0962,2227.7,-26.873,0,1.685,1.395,5.03,2.739,0,5.98,28.9,185.2,20,0,21.3,1,0,0,0,controlled_simulation
RN-01641,2026-08-11T22:32:10,suspicious_night_deviation,0.08,0.0911,0.03,1821.0,-19.417,0,2.74,0.544,11.177,4.045,0,6.22,329.3,685.8,22,1,91.7,3,0,0,0,controlled_simulation
RN-00671,2026-08-24T22:40:37,normal_night_walk,0.0309,0.1709,0.035,1290.4,-16.916,0,0.925,0.551,6.855,5.85,0,5.82,48.5,200.2,22,1,28.2,0,0,0,0,controlled_simulation
RN-00835,2026-08-27T08:35:06,normal_commute,0.0697,0.241,0.1148,2166.2,-18.352,0,2.558,0.855,7.591,2.861,0,21.64,0.0,218.0,8,0,16.0,0,0,0,0,controlled_simulation
RN-00110,2026-08-06T07:39:54,normal_day_walk,0.0641,0.0882,0.0677,2251.8,-21.873,0,3.804,0.829,6.346,3.377,0,3.52,19.6,105.0,7,0,51.6,0,0,0,0,controlled_simulation
RN-01165,2026-08-17T17:59:32,social_shout_laughter,0.09,0.7777,0.2301,3797.8,-21.87,1,2.503,1.224,4.682,3.939,0,1.39,14.7,44.2,17,0,33.9,1,0,0,0,controlled_simulation
RN-01960,2026-08-23T15:50:45,manual_sos_simulation,0.0696,0.1359,0.074,2385.0,-24.673,0,3.183,1.323,7.917,5.256,0,4.41,452.1,285.2,15,0,25.8,0,1,1,1,controlled_simulation
RN-01465,2026-08-10T19:21:08,sudden_phone_drop,0.0497,0.2777,0.1049,1835.7,-14.037,0,11.705,4.56,25.601,14.825,1,3.97,23.6,236.9,19,0,33.6,0,0,0,0,controlled_simulation
RN-01729,2026-08-05T00:41:47,simulated_help_call,0.2603,0.7419,0.217,3351.6,-12.626,1,4.224,1.418,9.593,2.856,0,3.44,268.2,397.4,0,1,94.8,0,0,1,1,controlled_simulation
RN-01243,2026-08-26T07:37:23,social_shout_laughter,0.2171,0.6205,0.1378,2870.5,-16.386,1,2.523,0.656,8.518,3.197,0,3.95,19.2,43.7,7,0,30.4,0,0,0,0,controlled_simulation
RN-00212,2026-08-12T20:11:54,normal_day_walk,0.0504,0.0725,0.0956,1724.4,-22.825,0,1.871,0.896,7.483,2.27,0,5.05,14.0,167.3,20,0,27.2,0,0,0,0,controlled_simulation
RN-01768,2026-08-24T11:13:52,simulated_fall,0.1538,0.2947,0.0797,1616.2,-17.763,0,16.708,8.0,27.408,24.637,1,9.23,283.0,264.2,11,0,61.7,1,0,0,1,controlled_simulation
RN-01121,2026-08-20T09:54:47,social_shout_laughter,0.2243,0.6724,0.1311,1961.9,-26.507,1,4.611,0.835,9.098,3.38,0,6.59,0.0,139.2,9,0,30.4,0,0,0,0,controlled_simulation
RN-00680,2026-08-14T03:54:08,normal_night_walk,0.0714,0.1043,0.0523,2004.8,-13.012,0,3.533,0.823,8.393,1.35,0,5.72,34.8,217.4,3,1,74.8,0,0,0,0,controlled_simulation
RN-01951,2026-08-18T08:50:15,manual_sos_simulation,0.0693,0.0618,0.0675,1673.8,-19.489,0,2.635,1.148,8.406,2.223,0,4.78,509.7,397.0,8,0,56.0,0,1,1,1,controlled_simulation
RN-01839,2026-08-11T10:39:30,simulated_fall,0.0902,0.4173,0.0852,2135.7,-11.057,0,26.163,5.549,28.05,21.127,1,3.59,215.9,43.0,10,0,44.5,0,0,1,1,controlled_simulation
RN-00412,2026-08-13T20:27:05,normal_day_walk,0.0507,0.1483,0.0687,2417.7,-15.045,0,3.051,1.097,4.019,3.554,0,4.77,8.8,145.8,20,0,36.3,0,0,0,0,controlled_simulation
RN-01325,2026-08-29T19:58:23,minor_route_deviation,0.0369,0.1712,0.0779,2216.9,-18.855,0,3.225,1.07,10.81,2.848,0,3.59,154.3,109.3,19,0,12.9,0,0,0,0,controlled_simulation
RN-00783,2026-08-19T09:31:47,normal_commute,0.0158,0.121,0.0321,2208.0,-12.678,0,4.528,1.419,8.581,4.48,0,14.05,72.3,148.7,9,0,49.9,0,0,0,0,controlled_simulation
RN-01346,2026-08-15T11:03:32,minor_route_deviation,0.0842,0.1354,0.1354,932.0,-21.913,0,1.159,0.45,4.27,3.715,0,4.32,134.0,420.0,11,0,15.3,2,0,0,0,controlled_simulation
RN-00875,2026-08-15T18:30:44,normal_commute,0.0568,0.1162,0.1088,2323.3,-19.353,0,3.287,0.782,10.054,3.94,0,15.45,56.4,201.0,18,0,6.2,1,0,0,0,controlled_simulation
RN-01653,2026-08-19T01:42:44,simulated_help_call,0.2992,0.8543,0.2234,3128.4,-7.118,1,2.718,1.43,9.112,3.171,0,5.84,204.7,650.3,1,1,50.3,0,0,0,1,controlled_simulation
RN-01279,2026-08-10T09:53:00,minor_route_deviation,0.0667,0.145,0.0709,2524.1,-4.604,0,2.842,0.93,6.489,3.208,0,7.06,104.4,282.3,9,0,25.5,0,0,0,0,controlled_simulation
RN-00786,2026-08-30T19:03:25,normal_commute,0.0774,0.2412,0.1227,2134.7,-29.096,0,3.925,1.576,6.645,2.637,0,14.51,41.2,139.7,19,0,1.4,0,0,0,0,controlled_simulation
RN-01819,2026-08-21T21:17:56,simulated_fall,0.0979,0.3045,0.0981,951.5,-25.374,0,20.166,6.759,28.973,34.977,1,3.44,97.2,256.3,21,0,71.2,1,0,1,1,controlled_simulation
RN-01199,2026-08-20T17:16:05,social_shout_laughter,0.121,0.5027,0.1804,2526.6,-13.325,0,3.165,1.194,4.37,2.365,0,6.58,48.7,183.2,17,0,34.7,1,0,0,0,controlled_simulation
RN-00808,2026-08-18T13:50:32,normal_commute,0.0396,0.2483,0.1257,1801.4,-7.448,0,2.335,1.076,5.88,2.743,0,26.95,0.0,5.0,13,0,44.4,0,0,0,0,controlled_simulation
RN-00713,2026-08-08T08:35:44,normal_commute,0.0322,0.0677,0.0897,2475.7,-21.901,0,3.389,1.125,6.391,2.439,0,18.53,42.2,205.8,8,0,18.0,1,0,0,0,controlled_simulation
RN-01991,2026-08-02T16:16:29,manual_sos_simulation,0.0661,0.1428,0.0964,2438.3,-14.684,0,2.285,1.227,7.23,3.163,0,3.35,313.8,274.9,16,0,46.3,0,1,1,1,controlled_simulation
RN-01660,2026-08-25T03:57:12,simulated_help_call,0.2678,0.7308,0.2568,3656.8,-14.822,1,3.185,1.455,6.662,2.2,0,2.43,264.1,522.9,3,1,53.1,0,0,1,1,controlled_simulation
RN-01191,2026-08-09T20:42:13,social_shout_laughter,0.2436,0.6317,0.2114,2260.7,-17.072,1,3.188,0.721,6.051,4.02,0,0.77,0.8,197.3,20,0,23.2,0,0,0,0,controlled_simulation
RN-01226,2026-08-06T21:28:46,social_shout_laughter,0.198,0.5491,0.07,4153.8,-14.425,1,4.494,0.784,12.598,1.858,0,6.34,7.3,253.3,21,0,22.4,0,0,0,0,controlled_simulation
RN-00603,2026-08-06T03:07:03,normal_night_walk,0.0612,0.124,0.0611,1405.4,-17.234,0,1.21,1.247,5.705,3.827,0,3.51,57.4,254.9,3,1,32.1,0,0,0,0,controlled_simulation
RN-00271,2026-08-29T15:38:10,normal_day_walk,0.0611,0.04,0.0793,1826.3,-14.935,0,3.494,1.113,7.587,3.295,0,5.02,18.0,163.4,15,0,62.7,0,0,0,0,controlled_simulation
RN-01385,2026-08-01T17:35:24,minor_route_deviation,0.04,0.0868,0.0687,1488.1,-18.084,0,3.269,1.425,9.581,3.701,0,4.78,129.7,371.8,17,0,35.2,0,0,0,0,controlled_simulation
RN-00232,2026-08-30T12:41:55,normal_day_walk,0.0793,0.2303,0.0603,1535.3,-18.828,0,3.123,0.421,4.855,4.539,0,5.48,1.0,178.5,12,0,72.3,1,0,0,0,controlled_simulation
RN-00050,2026-08-31T08:20:39,normal_day_walk,0.0552,0.1974,0.0613,1287.4,-15.444,0,3.24,1.029,5.335,2.819,0,4.91,16.9,301.8,8,0,41.1,0,0,0,0,controlled_simulation
RN-00463,2026-08-19T03:24:20,normal_night_walk,0.0664,0.1084,0.0769,1903.1,-33.082,0,3.363,0.269,6.352,4.153,0,5.68,16.1,213.8,3,1,47.0,1,0,0,0,controlled_simulation
RN-01106,2026-08-12T06:32:32,exercise_running,0.0436,0.1482,0.0826,1373.0,-16.891,0,5.827,3.318,14.074,10.483,0,11.59,14.3,265.6,6,0,51.5,0,0,0,0,controlled_simulation
RN-00856,2026-08-11T19:20:49,normal_commute,0.0578,0.1409,0.0525,743.1,-12.854,0,3.202,0.488,10.199,3.019,0,19.26,40.5,57.0,19,0,19.1,1,0,0,0,controlled_simulation
RN-00694,2026-08-15T08:35:11,normal_commute,0.0746,0.3001,0.0888,1030.4,-16.539,0,3.424,1.65,9.085,3.173,0,8.25,28.5,362.6,8,0,38.4,0,0,0,0,controlled_simulation
RN-01552,2026-08-24T04:25:27,suspicious_night_deviation,0.0728,0.1243,0.054,1229.3,-17.875,0,4.429,1.212,7.84,4.018,0,4.57,668.8,397.7,4,1,89.8,0,0,0,0,controlled_simulation
RN-01873,2026-08-07T22:53:05,simulated_distress_combined,0.2976,0.7372,0.2165,3886.9,-10.848,1,18.324,4.793,32.133,26.85,1,4.94,638.6,1100.0,22,1,129.7,1,0,1,1,controlled_simulation
RN-00527,2026-08-12T05:01:48,normal_night_walk,0.0347,0.0706,0.0847,2121.1,-14.976,0,3.772,1.34,6.764,3.352,0,5.05,0.0,156.0,5,0,27.5,1,0,0,0,controlled_simulation
RN-00174,2026-08-22T17:21:38,normal_day_walk,0.071,0.1421,0.0992,2285.5,-15.116,0,2.575,0.463,11.005,3.991,0,6.57,8.3,5.0,17,0,15.4,0,0,0,0,controlled_simulation
RN-00721,2026-08-04T13:32:12,normal_commute,0.0696,0.1902,0.08,1464.8,-19.148,0,3.284,1.288,6.307,4.637,0,25.39,17.3,93.4,13,0,16.1,0,0,0,0,controlled_simulation
RN-00415,2026-08-26T14:34:37,normal_day_walk,0.0308,0.1698,0.053,1822.5,-17.681,0,3.148,1.318,6.243,0.4,0,4.45,27.0,160.1,14,0,38.0,0,0,0,0,controlled_simulation
RN-00238,2026-08-15T17:52:27,normal_day_walk,0.0331,0.1569,0.1187,1681.3,-14.389,0,3.238,1.723,6.514,2.428,0,1.67,4.8,261.7,17,0,57.8,0,0,0,0,controlled_simulation
RN-01473,2026-08-23T19:21:35,sudden_phone_drop,0.0716,0.2026,0.0875,2500.5,-13.18,0,15.246,4.758,22.117,14.96,1,6.07,30.5,222.8,19,0,9.4,0,0,0,0,controlled_simulation
RN-01336,2026-08-21T21:40:08,minor_route_deviation,0.0603,0.2362,0.0896,1891.3,-15.5,0,3.68,0.952,9.979,3.789,0,7.96,60.0,276.5,21,0,21.9,0,0,0,0,controlled_simulation
RN-01064,2026-08-08T13:08:03,exercise_running,0.0972,0.2828,0.0615,2810.7,-8.141,0,9.775,2.716,11.387,2.32,0,9.89,17.2,70.6,13,0,31.9,0,0,0,0,controlled_simulation
RN-00024,2026-08-30T22:05:27,normal_day_walk,0.0704,0.2389,0.1201,1644.0,-17.461,0,3.699,1.915,7.09,0.596,0,5.36,29.8,141.0,22,1,48.9,0,0,0,0,controlled_simulation
RN-01767,2026-08-29T11:31:16,simulated_fall,0.1446,0.4017,0.1063,1686.6,-16.844,0,18.817,5.209,29.316,24.519,1,3.76,212.2,211.3,11,0,57.2,0,0,1,1,controlled_simulation
RN-00064,2026-08-14T13:52:16,normal_day_walk,0.0686,0.2065,0.0539,1390.5,-17.739,0,2.089,1.605,6.499,1.014,0,5.01,22.8,200.3,13,0,18.3,0,0,0,0,controlled_simulation
RN-00290,2026-08-19T22:11:02,normal_day_walk,0.0908,0.1504,0.0549,3079.1,-15.046,0,2.601,0.907,10.818,0.4,0,7.33,2.0,101.1,22,1,26.8,0,0,0,0,controlled_simulation
RN-00189,2026-08-14T07:18:46,normal_day_walk,0.0271,0.1614,0.0985,2911.9,-19.766,0,2.784,0.409,9.621,2.676,0,4.4,35.5,201.9,7,0,60.4,0,0,0,0,controlled_simulation
RN-00702,2026-08-14T09:32:22,normal_commute,0.0745,0.1958,0.0686,2348.3,-12.132,0,2.441,1.125,11.711,2.578,0,16.43,16.0,333.9,9,0,48.1,0,0,0,0,controlled_simulation
RN-01815,2026-08-21T07:49:08,simulated_fall,0.1201,0.2438,0.0846,2273.6,-17.535,0,16.781,5.048,29.732,21.1,1,8.66,179.1,173.9,7,0,88.4,0,0,0,1,controlled_simulation
RN-01138,2026-08-07T06:11:30,social_shout_laughter,0.2357,0.3987,0.1377,2607.7,-11.556,1,3.456,1.537,7.234,1.65,0,5.02,26.3,128.7,6,0,31.9,0,0,0,0,controlled_simulation
RN-00355,2026-08-03T20:10:06,normal_day_walk,0.0398,0.0685,0.095,1603.3,-18.863,0,3.24,1.238,4.639,3.933,0,8.15,33.8,5.0,20,0,1.0,0,0,0,0,controlled_simulation
RN-00417,2026-08-21T11:23:11,normal_day_walk,0.0586,0.2324,0.0539,1583.1,-17.902,0,3.831,1.293,7.019,2.32,0,2.6,19.1,123.7,11,0,19.2,0,0,0,0,controlled_simulation
RN-01246,2026-08-31T09:07:19,social_shout_laughter,0.1378,0.6077,0.1402,2743.5,-20.656,1,4.236,0.527,6.78,2.68,0,3.99,19.4,99.9,9,0,32.2,0,0,0,0,controlled_simulation
RN-00931,2026-08-15T08:15:21,normal_commute,0.0545,0.1797,0.0978,1865.5,-12.687,0,1.366,0.964,10.211,2.488,0,19.15,8.2,5.0,8,0,48.3,0,0,0,0,controlled_simulation
RN-00197,2026-08-24T15:40:08,normal_day_walk,0.0429,0.1836,0.1066,2091.8,-8.139,0,2.639,0.916,5.25,4.519,0,5.74,7.8,173.3,15,0,37.0,1,0,0,0,controlled_simulation
RN-00580,2026-08-26T05:21:21,normal_night_walk,0.0645,0.1798,0.0803,1687.9,-20.833,0,2.496,0.92,5.276,3.634,0,6.32,33.7,66.9,5,0,25.1,0,0,0,0,controlled_simulation
RN-01135,2026-08-25T12:55:06,social_shout_laughter,0.2936,0.4792,0.1314,2934.9,-11.452,1,3.117,0.9,9.821,1.762,0,3.63,13.9,5.0,12,0,27.0,0,0,0,0,controlled_simulation
RN-01814,2026-08-18T19:17:20,simulated_fall,0.1167,0.2268,0.0669,1474.9,-12.948,0,18.831,6.148,30.64,30.044,1,7.14,245.9,212.4,19,0,60.0,2,0,1,1,controlled_simulation
RN-01935,2026-08-17T02:07:01,manual_sos_simulation,0.0312,0.3122,0.1053,2218.3,-18.305,0,3.137,0.976,5.213,4.306,0,3.16,340.2,226.4,2,1,60.4,1,1,1,1,controlled_simulation
RN-00434,2026-08-15T04:58:27,normal_night_walk,0.0186,0.1407,0.099,2472.1,-14.166,0,3.524,1.148,9.899,5.347,0,4.01,49.8,275.1,4,1,10.0,0,0,0,0,controlled_simulation
RN-00101,2026-08-31T08:12:54,normal_day_walk,0.0358,0.1762,0.114,2078.6,-17.024,0,4.219,1.543,4.656,2.625,0,5.81,22.5,161.5,8,0,53.4,0,0,0,0,controlled_simulation
RN-01655,2026-08-05T23:13:25,simulated_help_call,0.2856,0.7693,0.1933,2943.2,-7.158,1,3.013,1.533,6.537,1.391,0,6.62,305.9,581.6,23,1,107.1,0,0,1,1,controlled_simulation
RN-00395,2026-08-26T19:05:43,normal_day_walk,0.0378,0.1852,0.066,1334.6,-27.359,0,2.428,0.909,10.472,3.124,0,2.92,21.9,24.7,19,0,47.2,1,0,0,0,controlled_simulation
RN-01939,2026-08-15T22:05:34,manual_sos_simulation,0.038,0.2018,0.02,2348.6,-12.946,0,3.104,0.782,7.805,2.919,0,4.71,221.4,402.9,22,1,46.9,0,1,1,1,controlled_simulation
RN-00221,2026-08-11T07:14:14,normal_day_walk,0.0614,0.1587,0.0618,1868.2,-19.561,0,3.602,1.079,7.525,3.788,0,5.92,0.0,83.7,7,0,44.4,1,0,0,0,controlled_simulation
RN-01676,2026-08-05T21:52:25,simulated_help_call,0.3022,0.8192,0.1897,3649.2,-9.198,1,2.262,1.083,7.204,3.663,0,3.53,318.0,557.5,21,0,57.8,0,0,1,1,controlled_simulation
RN-01498,2026-08-06T21:51:21,suspicious_night_deviation,0.0503,0.3008,0.1008,2099.3,-15.065,0,2.284,0.554,6.541,6.469,0,5.12,747.5,593.3,21,0,109.6,1,0,0,0,controlled_simulation
RN-01785,2026-08-22T16:27:39,simulated_fall,0.1665,0.3785,0.0976,1573.2,-20.432,0,18.288,3.1,30.576,28.415,1,5.03,66.5,135.8,16,0,80.6,0,0,1,1,controlled_simulation
RN-00345,2026-08-14T08:14:25,normal_day_walk,0.042,0.1622,0.0888,1579.7,-15.05,0,1.081,1.027,6.411,3.941,0,6.43,44.7,76.7,8,0,7.3,0,0,0,0,controlled_simulation
RN-01028,2026-08-05T15:42:45,exercise_running,0.0586,0.3575,0.0775,1592.9,-17.321,0,5.161,2.184,16.484,5.113,0,11.75,25.7,219.6,15,0,33.1,0,0,0,0,controlled_simulation
RN-00889,2026-08-08T18:00:35,normal_commute,0.03,0.04,0.0788,2460.7,-12.24,0,2.864,1.296,6.775,4.484,0,24.31,3.3,164.5,18,0,26.2,0,0,0,0,controlled_simulation
RN-01351,2026-08-09T13:21:44,minor_route_deviation,0.015,0.1642,0.0719,1343.1,-27.983,0,3.377,1.153,7.832,2.392,0,7.12,125.2,168.0,13,0,18.0,0,0,0,0,controlled_simulation
RN-00553,2026-08-01T23:37:33,normal_night_walk,0.0531,0.1094,0.0892,2337.4,-15.02,0,1.533,1.282,9.428,0.849,0,6.15,15.7,85.7,23,1,18.1,0,0,0,0,controlled_simulation
RN-00744,2026-08-23T17:21:03,normal_commute,0.0509,0.2274,0.0841,1726.1,-10.279,0,2.318,0.768,6.997,4.797,0,26.09,65.2,192.1,17,0,35.3,0,0,0,0,controlled_simulation
RN-01542,2026-08-31T03:11:01,suspicious_night_deviation,0.0334,0.1342,0.0711,1917.8,-22.572,0,4.829,0.979,5.291,3.585,0,4.11,325.5,647.7,3,1,58.8,1,0,0,0,controlled_simulation
RN-00539,2026-08-12T22:18:59,normal_night_walk,0.0466,0.1241,0.0923,2657.6,-18.8,0,2.75,1.075,5.469,4.888,0,4.78,13.8,355.8,22,1,1.0,0,0,0,0,controlled_simulation
RN-00907,2026-08-09T08:43:19,normal_commute,0.0354,0.1188,0.0834,1718.2,-23.848,0,1.968,1.419,6.73,4.143,0,19.81,21.1,214.7,8,0,20.6,0,0,0,0,controlled_simulation
RN-01395,2026-08-06T18:25:46,minor_route_deviation,0.0485,0.2236,0.0956,2431.4,-19.619,0,2.013,1.93,5.446,1.7,0,3.95,81.8,148.5,18,0,13.5,0,0,0,0,controlled_simulation
RN-00116,2026-08-17T16:59:33,normal_day_walk,0.0816,0.117,0.0472,933.0,-17.837,0,2.671,1.104,9.258,1.203,0,6.04,19.2,159.8,16,0,20.3,0,0,0,0,controlled_simulation
RN-00830,2026-08-29T17:14:54,normal_commute,0.0399,0.2351,0.0718,1898.2,-21.212,0,2.819,0.813,8.575,1.923,0,27.21,21.3,100.7,17,0,18.5,0,0,0,0,controlled_simulation
RN-01938,2026-08-07T15:39:46,manual_sos_simulation,0.0692,0.2116,0.0741,2360.0,-16.559,0,4.801,0.948,8.497,3.571,0,4.63,340.1,275.1,15,0,46.9,0,1,1,1,controlled_simulation
RN-00809,2026-08-17T13:11:14,normal_commute,0.0718,0.2364,0.0914,2017.6,-19.373,0,2.93,0.908,8.933,1.645,0,20.39,26.8,22.1,13,0,6.8,1,0,0,0,controlled_simulation
RN-01311,2026-08-17T22:56:14,minor_route_deviation,0.0275,0.216,0.0664,2533.5,-15.991,0,2.226,1.253,5.889,2.662,0,5.57,186.8,568.5,22,1,33.1,0,0,0,0,controlled_simulation
RN-01005,2026-08-10T22:49:18,exercise_running,0.1046,0.3384,0.0528,1900.9,-19.432,0,5.864,1.776,15.971,5.35,0,10.29,24.8,152.8,22,1,19.8,0,0,0,0,controlled_simulation
RN-00306,2026-08-07T19:19:13,normal_day_walk,0.0566,0.117,0.0845,1241.7,-23.995,0,2.901,1.854,7.691,1.575,0,6.07,27.3,185.8,19,0,9.3,1,0,0,0,controlled_simulation
RN-01101,2026-08-08T15:29:24,exercise_running,0.0933,0.4056,0.079,1165.7,-16.685,0,6.937,2.157,12.099,9.925,0,10.91,22.5,74.9,15,0,70.3,1,0,0,0,controlled_simulation
RN-00480,2026-08-03T22:07:20,normal_night_walk,0.0486,0.1481,0.0501,1590.3,-22.492,0,1.805,1.044,6.686,4.406,0,8.87,9.0,236.2,22,1,19.0,1,0,0,0,controlled_simulation
RN-01424,2026-08-16T11:22:59,sudden_phone_drop,0.0473,0.1194,0.0765,2232.7,-13.401,0,16.776,4.006,26.04,20.717,1,3.79,24.8,247.1,11,0,67.3,0,0,0,0,controlled_simulation
RN-01076,2026-08-09T09:16:30,exercise_running,0.0771,0.1912,0.13,1785.2,-5.766,0,8.328,2.934,13.004,6.926,0,12.73,0.0,94.4,9,0,2.2,0,0,0,0,controlled_simulation
RN-00571,2026-08-01T04:16:30,normal_night_walk,0.0253,0.2258,0.0733,1263.5,-19.942,0,2.266,1.159,9.768,2.194,0,8.31,60.6,257.8,4,1,11.5,1,0,0,0,controlled_simulation
RN-00619,2026-08-26T00:11:11,normal_night_walk,0.0436,0.1643,0.0326,1489.4,-22.271,0,1.155,1.068,9.555,4.947,0,3.57,24.2,58.0,0,1,15.3,0,0,0,0,controlled_simulation
RN-01898,2026-08-02T01:21:47,simulated_distress_combined,0.3472,0.9958,0.1779,3342.9,-11.959,1,13.961,5.058,30.289,24.701,1,8.02,364.4,713.3,1,1,130.3,3,0,1,1,controlled_simulation
RN-01266,2026-08-28T18:35:23,minor_route_deviation,0.065,0.1796,0.0893,2449.9,-8.788,0,1.322,1.28,5.676,2.897,0,5.99,88.5,105.3,18,0,42.6,0,0,0,0,controlled_simulation
RN-00079,2026-08-13T17:04:22,normal_day_walk,0.0519,0.0708,0.0619,1567.2,-14.128,0,4.071,1.631,5.906,3.362,0,6.88,19.0,102.9,17,0,1.0,0,0,0,0,controlled_simulation
RN-01912,2026-08-28T01:40:24,simulated_distress_combined,0.2267,0.9027,0.1885,3998.5,-9.463,1,19.699,6.944,26.984,28.519,1,11.08,435.9,681.8,1,1,91.0,0,0,1,1,controlled_simulation
RN-00033,2026-08-13T18:50:23,normal_day_walk,0.067,0.1318,0.1134,1763.9,-10.981,0,4.008,1.67,5.56,1.935,0,5.18,16.8,211.2,18,0,31.2,0,0,0,0,controlled_simulation
RN-01538,2026-08-26T02:27:57,suspicious_night_deviation,0.0578,0.103,0.1063,2280.3,-23.247,0,3.576,0.927,7.896,2.202,0,3.02,593.6,368.3,2,1,103.4,0,0,0,0,controlled_simulation
RN-01034,2026-08-30T22:00:29,exercise_running,0.0989,0.1774,0.1019,2057.8,-15.863,0,4.27,2.694,9.788,9.363,0,10.89,30.3,326.2,22,1,20.4,0,0,0,0,controlled_simulation
RN-01563,2026-08-12T02:53:43,suspicious_night_deviation,0.064,0.1676,0.1115,1502.1,-26.669,0,2.638,0.579,6.304,4.003,0,2.21,531.2,531.1,2,1,40.0,1,0,0,0,controlled_simulation
RN-00352,2026-08-28T16:30:04,normal_day_walk,0.0792,0.2243,0.0825,1953.3,-15.652,0,3.541,1.069,4.978,2.741,0,3.71,22.0,110.0,16,0,55.4,0,0,0,0,controlled_simulation
RN-00164,2026-08-18T12:34:26,normal_day_walk,0.0587,0.2625,0.0467,1099.4,-13.881,0,2.392,0.753,7.107,3.993,0,6.87,10.4,267.0,12,0,23.4,0,0,0,0,controlled_simulation
RN-00204,2026-08-10T13:53:30,normal_day_walk,0.0597,0.1981,0.1018,1933.6,-12.253,0,3.637,1.218,5.812,1.38,0,6.64,1.9,240.2,13,0,9.7,0,0,0,0,controlled_simulation
RN-01054,2026-08-12T07:37:38,exercise_running,0.0694,0.1394,0.0627,1893.9,-16.45,0,4.464,3.373,13.594,9.005,0,10.25,17.0,184.7,7,0,24.8,0,0,0,0,controlled_simulation
RN-01365,2026-08-04T18:09:38,minor_route_deviation,0.064,0.1766,0.0977,1393.5,-23.441,0,2.824,2.019,5.093,2.134,0,6.23,180.9,316.6,18,0,33.9,0,0,0,0,controlled_simulation
RN-01967,2026-08-31T16:23:09,manual_sos_simulation,0.0718,0.2531,0.1069,2545.2,-15.832,0,3.478,1.339,11.55,1.304,0,4.28,478.5,616.1,16,0,46.6,2,1,1,1,controlled_simulation
RN-00496,2026-08-15T21:47:24,normal_night_walk,0.0335,0.1662,0.0699,2396.8,2.129,0,3.141,1.463,8.729,3.548,0,9.46,23.5,50.2,21,0,47.0,0,0,0,0,controlled_simulation
RN-01625,2026-08-05T04:51:16,suspicious_night_deviation,0.059,0.3419,0.06,1302.3,-17.919,0,3.668,0.911,8.412,1.244,0,4.33,412.7,712.8,4,1,59.9,1,0,0,0,controlled_simulation
RN-01966,2026-08-20T01:20:54,manual_sos_simulation,0.0596,0.1569,0.0905,1867.0,-19.328,0,2.868,0.411,10.712,0.497,0,3.26,170.4,447.9,1,1,22.2,0,1,1,1,controlled_simulation
RN-01963,2026-08-10T02:58:34,manual_sos_simulation,0.0636,0.2715,0.0618,2661.4,-23.585,0,2.551,1.406,8.95,1.828,0,3.52,176.9,644.9,2,1,40.8,0,1,1,1,controlled_simulation
RN-00611,2026-08-29T01:58:42,normal_night_walk,0.0506,0.2949,0.0758,2013.3,-16.472,0,3.072,1.043,5.044,1.038,0,4.0,14.8,182.0,1,1,10.6,0,0,0,0,controlled_simulation
RN-00433,2026-08-18T22:35:42,normal_night_walk,0.0738,0.1779,0.0851,1219.3,-13.935,0,2.319,0.628,7.04,2.092,0,2.65,23.7,199.0,22,1,21.4,0,0,0,0,controlled_simulation
RN-01492,2026-08-03T00:02:17,suspicious_night_deviation,0.0598,0.1916,0.0747,1902.1,-15.086,0,3.141,1.263,8.551,1.962,0,3.48,439.7,431.9,0,1,55.2,1,0,0,0,controlled_simulation
RN-00219,2026-08-16T13:53:26,normal_day_walk,0.0725,0.2717,0.0822,1743.2,-24.062,0,3.987,1.478,8.966,3.319,0,7.05,18.3,95.1,13,0,41.0,0,0,0,0,controlled_simulation
RN-01931,2026-08-28T02:32:42,manual_sos_simulation,0.0724,0.2157,0.0783,1388.8,-11.791,0,4.175,1.109,10.531,1.522,0,2.79,300.4,528.0,2,1,19.9,0,1,1,1,controlled_simulation
RN-01466,2026-08-07T08:02:09,sudden_phone_drop,0.0313,0.2388,0.087,881.3,-14.439,0,11.787,4.256,24.026,24.589,1,7.6,0.7,23.2,8,0,46.4,0,0,0,0,controlled_simulation
RN-00631,2026-08-04T21:42:52,normal_night_walk,0.0283,0.1481,0.0945,2197.6,-20.782,0,4.349,1.283,7.186,3.136,0,6.9,45.0,311.6,21,0,27.5,1,0,0,0,controlled_simulation
RN-01382,2026-08-27T10:22:11,minor_route_deviation,0.0406,0.2232,0.0861,2403.2,-11.603,0,4.604,0.975,6.055,1.22,0,5.64,192.0,295.7,10,0,14.2,1,0,0,0,controlled_simulation
RN-01302,2026-08-08T22:20:56,minor_route_deviation,0.0489,0.0762,0.075,2005.3,-16.411,0,4.2,0.531,9.695,3.509,0,6.6,112.0,282.8,22,1,15.4,0,0,0,0,controlled_simulation
RN-00060,2026-08-04T12:40:20,normal_day_walk,0.0602,0.1551,0.0369,2053.3,-15.612,0,3.502,0.2,8.266,0.4,0,5.38,30.4,184.2,12,0,46.6,0,0,0,0,controlled_simulation
RN-00299,2026-08-08T12:55:35,normal_day_walk,0.0871,0.1374,0.0845,3135.9,-16.494,0,3.351,1.399,5.526,2.344,0,6.56,21.5,185.5,12,0,1.0,0,0,0,0,controlled_simulation
RN-01711,2026-08-27T04:48:26,simulated_help_call,0.2412,0.903,0.1853,2410.3,-5.505,1,4.255,0.966,6.618,2.35,0,7.49,321.8,559.5,4,1,97.2,2,0,1,1,controlled_simulation
RN-00074,2026-08-23T10:09:23,normal_day_walk,0.0476,0.1545,0.0779,1129.9,-21.81,0,2.166,0.432,7.266,1.803,0,3.23,5.9,361.2,10,0,57.4,0,0,0,0,controlled_simulation
RN-00163,2026-08-24T20:54:55,normal_day_walk,0.0804,0.2017,0.0978,1126.3,-22.114,0,3.762,0.808,11.817,3.564,0,5.61,24.4,229.5,20,0,26.5,0,0,0,0,controlled_simulation
RN-01275,2026-08-08T20:24:12,minor_route_deviation,0.031,0.352,0.1044,1874.4,-14.331,0,3.554,1.38,10.863,3.737,0,5.68,128.5,247.8,20,0,22.3,0,0,0,0,controlled_simulation
RN-01594,2026-08-16T03:38:27,suspicious_night_deviation,0.0435,0.0599,0.1041,1828.2,-12.623,0,2.546,0.646,5.691,1.722,0,7.21,531.4,471.7,3,1,96.8,1,0,0,0,controlled_simulation
RN-01434,2026-08-15T09:28:19,sudden_phone_drop,0.0353,0.1729,0.0795,2355.2,-23.105,0,20.349,3.371,17.0,22.462,1,2.81,18.9,196.4,9,0,23.2,0,0,0,0,controlled_simulation
RN-01613,2026-08-26T01:06:16,suspicious_night_deviation,0.0447,0.1052,0.1201,1892.7,-20.352,0,3.428,1.338,7.876,3.181,0,3.78,284.0,723.8,1,1,76.8,1,0,0,0,controlled_simulation
RN-00592,2026-08-05T05:45:46,normal_night_walk,0.0252,0.2119,0.082,2081.5,-14.814,0,2.509,1.175,7.802,0.733,0,3.98,0.0,307.7,5,0,18.8,0,0,0,0,controlled_simulation
RN-00317,2026-08-15T11:56:02,normal_day_walk,0.0402,0.2063,0.0538,1848.7,-12.902,0,1.573,0.356,10.245,4.085,0,3.61,0.0,38.8,11,0,25.1,0,0,0,0,controlled_simulation
RN-00046,2026-08-16T10:29:27,normal_day_walk,0.0533,0.259,0.0871,2195.3,-23.701,0,1.147,0.576,5.654,4.753,0,2.19,27.6,108.4,10,0,6.6,0,0,0,0,controlled_simulation
RN-01720,2026-08-13T04:11:29,simulated_help_call,0.1746,0.9575,0.198,2603.0,-10.488,1,4.562,0.722,7.636,1.111,0,5.43,346.4,379.0,4,1,82.9,1,0,0,1,controlled_simulation
RN-01832,2026-08-12T16:00:03,simulated_fall,0.159,0.3092,0.0893,1317.7,-26.391,0,20.12,6.909,29.661,27.026,1,4.85,206.5,171.9,16,0,91.1,1,0,0,1,controlled_simulation
RN-00428,2026-08-01T01:49:58,normal_night_walk,0.0507,0.1944,0.0887,1616.1,-11.084,0,4.028,0.702,8.299,3.017,0,1.44,48.6,101.0,1,1,1.0,1,0,0,0,controlled_simulation
RN-00582,2026-08-20T01:59:19,normal_night_walk,0.0244,0.1797,0.0982,1234.2,-11.152,0,5.809,1.543,6.391,3.509,0,6.72,20.6,182.4,1,1,4.7,1,0,0,0,controlled_simulation
RN-00077,2026-08-07T13:12:24,normal_day_walk,0.0224,0.04,0.0903,2202.2,-22.504,0,2.124,1.564,7.411,4.549,0,4.67,8.0,5.0,13,0,1.0,0,0,0,0,controlled_simulation
RN-01917,2026-08-18T21:21:51,simulated_distress_combined,0.2716,0.9807,0.2176,4450.0,-8.892,1,17.717,3.948,35.32,23.244,1,6.74,679.7,839.6,21,0,84.8,1,0,1,1,controlled_simulation
RN-01415,2026-08-26T08:13:42,sudden_phone_drop,0.0481,0.2032,0.1067,2089.5,-13.908,0,17.963,4.588,17.0,21.639,1,4.94,20.9,171.2,8,0,9.6,0,0,0,0,controlled_simulation
RN-00781,2026-08-24T18:34:31,normal_commute,0.0718,0.291,0.0958,1538.1,-20.446,0,4.755,0.384,5.113,0.83,0,16.7,31.9,146.5,18,0,44.2,0,0,0,0,controlled_simulation
RN-01920,2026-08-13T22:20:28,simulated_distress_combined,0.3654,0.9128,0.2107,2244.3,-9.655,1,21.89,5.665,32.91,25.989,1,12.2,622.3,416.8,22,1,58.5,0,0,0,1,controlled_simulation
RN-01174,2026-08-05T06:04:04,social_shout_laughter,0.2338,0.6354,0.1575,2805.4,-21.96,1,2.993,0.486,9.55,3.5,0,3.41,8.6,102.8,6,0,7.0,0,0,0,0,controlled_simulation
RN-01320,2026-08-12T16:58:56,minor_route_deviation,0.05,0.1441,0.1195,1586.0,-16.626,0,3.62,1.653,8.156,4.612,0,6.03,110.9,87.0,16,0,26.2,0,0,0,0,controlled_simulation
RN-00938,2026-08-01T09:19:01,normal_commute,0.0627,0.0891,0.0725,1539.3,-4.268,0,2.715,0.953,7.633,4.775,0,16.86,18.6,24.7,9,0,16.8,1,0,0,0,controlled_simulation
RN-00031,2026-08-12T14:33:20,normal_day_walk,0.054,0.1681,0.1071,2014.9,-19.431,0,2.498,1.251,5.797,3.799,0,5.4,38.1,148.2,14,0,35.5,0,0,0,0,controlled_simulation
RN-01092,2026-08-22T12:40:38,exercise_running,0.1216,0.344,0.0761,2493.7,-18.426,0,6.122,1.923,11.325,6.901,0,10.21,11.3,136.1,12,0,37.8,1,0,0,0,controlled_simulation
RN-01616,2026-08-18T04:20:53,suspicious_night_deviation,0.058,0.1065,0.1419,1268.1,-15.532,0,3.619,1.33,7.137,2.655,0,3.82,379.0,493.0,4,1,85.0,3,0,0,0,controlled_simulation
RN-01230,2026-08-28T15:18:21,social_shout_laughter,0.198,0.4921,0.2031,3009.6,-11.346,1,2.007,0.723,9.064,3.543,0,0.54,23.5,259.4,15,0,39.2,1,0,0,0,controlled_simulation
RN-00975,2026-08-10T14:26:30,exercise_running,0.0675,0.3077,0.0713,789.4,-23.544,0,6.833,2.194,11.674,10.067,0,11.87,53.1,114.1,14,0,31.5,2,0,0,0,controlled_simulation
RN-01085,2026-08-05T21:21:02,exercise_running,0.0593,0.3208,0.0897,2904.3,-13.637,0,6.553,1.961,16.457,9.435,0,12.84,18.4,88.7,21,0,18.5,1,0,0,0,controlled_simulation
RN-00515,2026-08-19T00:56:51,normal_night_walk,0.0606,0.2395,0.0553,2451.4,-10.684,0,3.874,0.712,9.454,2.893,0,5.14,26.0,250.9,0,1,21.9,0,0,0,0,controlled_simulation
RN-01551,2026-08-17T01:40:05,suspicious_night_deviation,0.0182,0.2618,0.0428,1769.9,-11.833,0,2.076,1.174,11.075,4.146,0,3.84,322.0,462.4,1,1,99.3,0,0,0,0,controlled_simulation
RN-01568,2026-08-17T02:03:14,suspicious_night_deviation,0.0688,0.0769,0.0672,1298.9,-17.031,0,3.981,1.124,8.608,5.87,0,3.09,524.6,433.9,2,1,46.7,0,0,0,0,controlled_simulation
RN-01811,2026-08-16T16:24:18,simulated_fall,0.1282,0.2366,0.0822,1225.0,-24.792,0,13.884,5.955,29.816,28.685,1,1.66,58.6,331.6,16,0,47.4,1,0,1,1,controlled_simulation
RN-01574,2026-08-28T03:04:58,suspicious_night_deviation,0.0317,0.1478,0.16,1551.8,-16.197,0,2.586,1.225,9.865,1.82,0,6.31,425.5,393.2,3,1,63.7,2,0,0,0,controlled_simulation
RN-00045,2026-08-16T10:09:00,normal_day_walk,0.0739,0.1117,0.0797,2165.7,-23.175,0,2.38,1.295,7.057,3.777,0,7.0,14.6,47.2,10,0,24.0,0,0,0,0,controlled_simulation
RN-01687,2026-08-05T22:28:53,simulated_help_call,0.2012,0.8186,0.2722,4162.7,-17.475,1,3.424,1.074,7.44,1.554,0,5.67,222.5,351.6,22,1,131.4,1,0,1,1,controlled_simulation
RN-00169,2026-08-03T22:34:52,normal_day_walk,0.0426,0.076,0.0323,1274.2,-23.16,0,3.327,0.485,7.02,4.544,0,5.82,35.3,120.1,22,1,42.9,0,0,0,0,controlled_simulation
RN-00304,2026-08-22T17:34:14,normal_day_walk,0.0404,0.067,0.0901,1934.4,-23.014,0,2.539,0.395,5.464,4.441,0,1.6,0.0,5.0,17,0,5.4,0,0,0,0,controlled_simulation
RN-00991,2026-08-08T18:10:06,exercise_running,0.097,0.2215,0.0678,2666.6,-15.048,0,7.789,2.117,12.514,7.345,0,13.67,21.1,264.9,18,0,30.9,0,0,0,0,controlled_simulation
RN-00556,2026-08-23T00:03:03,normal_night_walk,0.0316,0.1807,0.1341,1373.8,-16.716,0,1.523,0.996,4.716,4.968,0,4.52,17.4,360.3,0,1,1.0,0,0,0,0,controlled_simulation
RN-01925,2026-08-24T14:01:52,manual_sos_simulation,0.082,0.126,0.102,2199.5,-21.311,0,3.549,2.5,8.765,3.083,0,6.42,41.6,439.1,14,0,73.6,0,1,1,1,controlled_simulation
RN-00608,2026-08-05T05:00:12,normal_night_walk,0.0687,0.2337,0.0771,2252.6,-22.521,0,3.393,1.462,10.043,3.34,0,5.33,21.2,20.0,5,0,43.4,0,0,0,0,controlled_simulation
RN-01619,2026-08-25T02:42:48,suspicious_night_deviation,0.0602,0.0696,0.0875,1316.9,-18.256,0,4.188,1.438,10.49,2.38,0,5.08,467.6,418.2,2,1,89.2,1,0,0,0,controlled_simulation
RN-00758,2026-08-06T07:43:33,normal_commute,0.0506,0.2289,0.1092,1773.1,-22.146,0,2.675,1.313,2.764,2.537,0,4.0,6.8,57.7,7,0,6.4,1,0,0,0,controlled_simulation
RN-00439,2026-08-25T20:08:30,normal_night_walk,0.0467,0.0951,0.0832,2367.6,-28.761,0,3.701,0.813,9.696,1.448,0,4.68,52.3,137.5,20,0,17.7,0,0,0,0,controlled_simulation
RN-00583,2026-08-13T01:29:04,normal_night_walk,0.0654,0.253,0.069,2280.6,-18.308,0,3.758,1.944,6.324,3.478,0,5.58,47.8,126.9,1,1,46.4,0,0,0,0,controlled_simulation
RN-01519,2026-08-30T00:47:03,suspicious_night_deviation,0.0608,0.2079,0.0807,1574.8,-20.24,0,4.03,1.421,8.539,4.812,0,3.46,407.3,346.6,0,1,56.5,1,0,0,0,controlled_simulation
RN-00528,2026-08-24T03:31:07,normal_night_walk,0.0529,0.1661,0.0838,2163.1,-11.017,0,0.635,0.986,4.793,3.265,0,6.35,56.2,203.2,3,1,45.3,1,0,0,0,controlled_simulation
RN-00343,2026-08-23T18:10:34,normal_day_walk,0.0779,0.2237,0.0765,1411.1,-15.569,0,4.009,1.295,7.178,1.724,0,3.15,7.8,191.3,18,0,1.0,0,0,0,0,controlled_simulation
RN-01737,2026-08-26T00:23:41,simulated_help_call,0.3959,0.7744,0.2055,3239.4,-7.416,1,1.833,1.125,7.438,2.315,0,7.29,449.4,444.0,0,1,47.6,0,0,1,1,controlled_simulation
RN-00368,2026-08-30T15:30:03,normal_day_walk,0.0501,0.2346,0.1101,1383.4,-15.587,0,3.181,1.498,10.13,4.439,0,6.93,27.1,9.1,15,0,9.9,0,0,0,0,controlled_simulation
RN-00186,2026-08-03T10:22:15,normal_day_walk,0.0367,0.2172,0.0793,1987.0,-21.681,0,3.302,1.165,11.402,1.477,0,6.36,13.9,5.0,10,0,1.0,1,0,0,0,controlled_simulation
RN-01117,2026-08-16T11:35:07,exercise_running,0.0792,0.2913,0.0555,1602.9,-21.144,0,6.003,1.478,11.245,10.244,0,9.9,7.3,5.0,11,0,12.6,0,0,0,0,controlled_simulation
RN-01755,2026-08-19T09:03:20,simulated_fall,0.0409,0.3622,0.0935,1807.5,-18.505,0,18.956,3.397,28.856,25.254,1,3.85,216.6,80.3,9,0,94.5,0,0,1,1,controlled_simulation
RN-01426,2026-08-07T20:11:49,sudden_phone_drop,0.0583,0.2345,0.0765,2144.2,-16.721,0,13.158,4.128,29.77,10.223,1,1.98,23.1,134.1,20,0,50.3,0,0,0,0,controlled_simulation
RN-00301,2026-08-16T18:52:19,normal_day_walk,0.0313,0.1808,0.0983,1806.7,-12.294,0,4.983,1.303,4.049,0.4,0,3.47,22.4,146.1,18,0,1.0,1,0,0,0,controlled_simulation
RN-01904,2026-08-30T23:24:11,simulated_distress_combined,0.3967,1.0,0.2121,2779.3,-10.563,1,21.719,7.728,28.853,28.149,1,7.56,499.0,718.6,23,1,150.8,0,0,1,1,controlled_simulation
RN-00833,2026-08-12T18:53:59,normal_commute,0.0516,0.0967,0.1102,1912.4,-21.985,0,3.147,1.193,4.939,3.483,0,14.83,0.0,111.6,18,0,61.9,0,0,0,0,controlled_simulation
RN-00544,2026-08-10T21:42:29,normal_night_walk,0.0608,0.0868,0.0815,1943.3,-28.057,0,3.137,0.691,5.264,4.975,0,4.4,28.9,199.4,21,0,4.7,0,0,0,0,controlled_simulation
RN-01601,2026-08-19T02:48:54,suspicious_night_deviation,0.0681,0.1284,0.0491,2731.3,-13.856,0,0.977,0.51,7.464,2.296,0,4.05,413.0,557.3,2,1,53.7,3,0,0,0,controlled_simulation
RN-00351,2026-08-07T12:18:17,normal_day_walk,0.0578,0.1405,0.0843,2270.6,-16.034,0,3.905,1.034,5.515,3.079,0,5.88,39.0,45.1,12,0,15.1,0,0,0,0,controlled_simulation
RN-01933,2026-08-22T23:22:44,manual_sos_simulation,0.0698,0.2909,0.0574,2906.4,-4.104,0,3.186,0.882,4.626,3.776,0,5.08,224.4,100.2,23,1,71.3,0,1,1,1,controlled_simulation
RN-01511,2026-08-24T01:27:00,suspicious_night_deviation,0.0595,0.04,0.117,1442.7,-22.493,0,3.589,0.792,3.655,5.037,0,4.27,439.2,378.4,1,1,67.2,0,0,0,0,controlled_simulation
RN-00979,2026-08-05T18:06:08,exercise_running,0.0678,0.3853,0.0672,2374.3,-14.867,0,6.821,1.833,7.0,10.364,0,11.89,33.1,20.8,18,0,41.7,0,0,0,0,controlled_simulation
RN-00176,2026-08-10T12:17:55,normal_day_walk,0.0672,0.2192,0.1042,2243.4,-22.91,0,2.968,1.301,6.213,2.688,0,4.8,7.0,93.5,12,0,44.8,1,0,0,0,controlled_simulation
RN-00483,2026-08-28T20:23:23,normal_night_walk,0.0729,0.2204,0.1111,2803.2,-26.463,0,3.556,0.576,8.681,3.755,0,0.71,16.2,105.8,20,0,41.5,0,0,0,0,controlled_simulation
RN-01413,2026-08-05T08:50:43,sudden_phone_drop,0.0532,0.1936,0.0512,2342.3,-14.215,0,18.045,4.541,23.738,16.272,1,6.02,21.3,60.4,8,0,56.6,0,0,0,0,controlled_simulation
RN-01611,2026-08-02T23:20:00,suspicious_night_deviation,0.0489,0.1333,0.0695,2729.5,-19.002,0,2.814,1.093,8.144,2.952,0,5.94,345.6,652.9,23,1,120.3,2,0,0,0,controlled_simulation
RN-00124,2026-08-16T17:19:39,normal_day_walk,0.0593,0.1738,0.0826,2613.5,-24.702,0,2.813,1.379,7.028,2.632,0,4.51,14.7,73.9,17,0,33.7,1,0,0,0,controlled_simulation
RN-00600,2026-08-29T02:44:54,normal_night_walk,0.0699,0.1846,0.1016,1763.0,-15.998,0,4.521,0.548,4.12,3.924,0,5.32,9.8,109.3,2,1,19.9,0,0,0,0,controlled_simulation
RN-01795,2026-08-27T14:53:45,simulated_fall,0.1283,0.4451,0.1004,2101.2,-17.358,0,21.291,4.796,29.175,18.103,1,3.84,30.0,118.9,14,0,88.9,0,0,0,1,controlled_simulation
RN-01746,2026-08-19T23:42:09,simulated_help_call,0.16,0.8229,0.2192,3505.4,-5.106,1,3.742,0.663,9.002,1.639,0,2.62,285.6,331.1,23,1,47.0,1,0,0,1,controlled_simulation
RN-01379,2026-08-30T15:35:35,minor_route_deviation,0.0831,0.1373,0.0647,2210.5,-19.329,0,3.976,0.997,7.731,3.715,0,4.99,138.0,80.0,15,0,2.0,1,0,0,0,controlled_simulation
RN-01186,2026-08-06T07:48:45,social_shout_laughter,0.2376,0.7855,0.1491,3374.8,-19.108,1,2.625,1.305,7.773,2.34,0,4.81,16.2,186.9,7,0,36.9,1,0,0,0,controlled_simulation
RN-00486,2026-08-23T20:45:15,normal_night_walk,0.0455,0.2392,0.0944,1215.2,-23.642,0,4.174,0.918,6.014,3.89,0,2.62,30.9,153.8,20,0,61.7,0,0,0,0,controlled_simulation
RN-00332,2026-08-12T16:20:01,normal_day_walk,0.0619,0.1104,0.0609,2267.3,-9.146,0,4.017,1.204,8.259,1.866,0,4.15,11.8,317.8,16,0,1.0,0,0,0,0,controlled_simulation
RN-00789,2026-08-25T08:30:47,normal_commute,0.0401,0.1384,0.1124,2275.0,-22.506,0,3.023,1.305,8.141,1.732,0,25.34,30.9,109.7,8,0,11.2,0,0,0,0,controlled_simulation
RN-00195,2026-08-03T15:48:29,normal_day_walk,0.0656,0.1089,0.0811,2191.3,-17.341,0,2.73,1.373,9.605,2.915,0,2.96,36.6,80.9,15,0,61.2,0,0,0,0,controlled_simulation
RN-00638,2026-08-19T04:15:53,normal_night_walk,0.0729,0.2591,0.0783,1931.2,-20.617,0,2.717,0.352,6.15,3.657,0,8.31,27.1,238.6,4,1,6.7,1,0,0,0,controlled_simulation
RN-00472,2026-08-23T23:24:16,normal_night_walk,0.0705,0.0867,0.1144,1786.9,-27.419,0,2.459,1.259,9.952,0.4,0,6.19,0.0,178.0,23,1,18.6,2,0,0,0,controlled_simulation
RN-01714,2026-08-30T01:24:36,simulated_help_call,0.3205,0.8201,0.1968,3142.2,-17.118,1,2.872,1.455,6.576,3.783,0,5.83,350.9,192.6,1,1,56.3,0,0,0,1,controlled_simulation
RN-00323,2026-08-28T15:08:29,normal_day_walk,0.0633,0.1393,0.107,1093.2,-17.437,0,3.622,1.036,2.5,2.418,0,2.54,10.4,110.9,15,0,32.4,1,0,0,0,controlled_simulation
RN-01197,2026-08-27T10:40:38,social_shout_laughter,0.1996,0.6643,0.0858,2740.4,-14.738,1,4.915,0.564,7.447,5.222,0,4.08,24.7,90.6,10,0,42.5,0,0,0,0,controlled_simulation
RN-00267,2026-08-04T06:14:41,normal_day_walk,0.059,0.1781,0.0733,1655.0,-15.588,0,3.394,1.275,6.245,4.759,0,2.98,6.1,45.6,6,0,11.5,0,0,0,0,controlled_simulation
RN-01544,2026-08-25T00:21:16,suspicious_night_deviation,0.0476,0.1984,0.0885,1411.4,-16.549,0,1.778,0.944,8.081,3.157,0,4.01,505.7,250.0,0,1,87.5,1,0,0,0,controlled_simulation
RN-01804,2026-08-26T18:39:23,simulated_fall,0.1391,0.3451,0.1143,1958.0,-18.013,0,14.53,6.188,26.466,18.623,1,6.48,303.3,93.1,18,0,43.4,0,0,0,1,controlled_simulation
RN-00068,2026-08-25T13:56:08,normal_day_walk,0.0509,0.0685,0.0653,2495.9,-16.781,0,2.378,1.179,10.138,6.371,0,7.6,16.9,122.3,13,0,4.9,0,0,0,0,controlled_simulation
RN-01738,2026-08-28T23:46:40,simulated_help_call,0.2629,0.8115,0.1718,3243.2,-7.675,1,2.932,1.579,5.374,1.483,0,2.89,416.7,529.4,23,1,48.8,0,0,1,1,controlled_simulation
RN-01593,2026-08-21T02:39:51,suspicious_night_deviation,0.0411,0.1337,0.0832,1481.6,-17.167,0,2.682,0.873,7.115,2.722,0,5.72,289.1,637.2,2,1,84.9,2,0,0,0,controlled_simulation
RN-01564,2026-08-21T00:48:45,suspicious_night_deviation,0.0529,0.1735,0.0633,1722.8,-8.867,0,3.802,1.291,5.493,2.507,0,4.82,410.4,719.1,0,1,44.0,1,0,0,0,controlled_simulation
RN-00481,2026-08-04T00:21:13,normal_night_walk,0.0571,0.2064,0.0643,700.0,-14.756,0,3.624,0.773,5.549,3.858,0,2.54,6.5,226.7,0,1,32.1,0,0,0,0,controlled_simulation
RN-01757,2026-08-21T21:36:01,simulated_fall,0.0941,0.1698,0.0664,2469.5,-17.204,0,17.844,3.842,27.795,14.17,1,5.38,133.9,180.6,21,0,80.5,1,0,0,1,controlled_simulation
RN-01913,2026-08-20T03:57:30,simulated_distress_combined,0.3783,0.7687,0.1989,3459.5,-8.706,1,24.31,6.874,33.218,30.679,1,10.29,525.3,586.1,3,1,124.8,0,0,1,1,controlled_simulation
RN-01441,2026-08-13T11:34:24,sudden_phone_drop,0.0595,0.2834,0.1093,1486.7,-17.744,0,17.064,4.731,17.739,28.0,1,7.37,3.1,175.9,11,0,8.9,0,0,0,0,controlled_simulation
RN-01461,2026-08-21T15:20:51,sudden_phone_drop,0.0687,0.234,0.0606,2176.3,-19.362,0,12.913,6.329,30.333,15.685,1,4.28,28.4,256.2,15,0,17.7,1,0,0,0,controlled_simulation
RN-00888,2026-08-08T19:53:09,normal_commute,0.0761,0.1677,0.0897,1417.4,-23.856,0,3.803,1.267,8.6,2.991,0,13.92,50.7,112.8,19,0,1.0,0,0,0,0,controlled_simulation
RN-00423,2026-08-06T23:47:35,normal_night_walk,0.0443,0.1097,0.0931,1998.5,-19.534,0,1.968,1.616,5.944,4.776,0,6.07,31.9,178.5,23,1,43.1,0,0,0,0,controlled_simulation
RN-01675,2026-08-04T01:00:23,simulated_help_call,0.3093,0.7813,0.1887,3708.8,-12.559,1,2.719,0.873,5.942,4.108,0,4.23,354.1,277.3,1,1,75.9,0,0,0,1,controlled_simulation
RN-01450,2026-08-22T13:52:13,sudden_phone_drop,0.0612,0.1224,0.1053,1091.2,-19.946,0,22.0,3.42,24.232,21.924,1,4.22,32.7,52.3,13,0,26.4,1,0,0,0,controlled_simulation
RN-00765,2026-08-13T18:58:31,normal_commute,0.0957,0.3059,0.0604,2521.7,-19.219,0,4.36,0.822,6.145,2.006,0,17.33,38.9,66.4,18,0,20.4,1,0,0,0,controlled_simulation
RN-00520,2026-08-21T03:51:34,normal_night_walk,0.054,0.3533,0.0872,1937.2,-17.498,0,3.025,1.295,8.793,3.878,0,4.99,26.9,382.9,3,1,19.2,0,0,0,0,controlled_simulation
RN-01432,2026-08-28T17:44:03,sudden_phone_drop,0.0633,0.2402,0.0605,1755.4,-4.145,0,17.569,5.062,27.128,11.657,1,7.01,9.7,31.9,17,0,19.5,1,0,0,0,controlled_simulation
RN-00614,2026-08-13T20:41:03,normal_night_walk,0.0652,0.1761,0.091,1576.3,-14.836,0,1.914,1.25,6.962,3.637,0,8.6,15.5,126.8,20,0,1.0,1,0,0,0,controlled_simulation
RN-01531,2026-08-28T23:53:50,suspicious_night_deviation,0.0642,0.1945,0.1064,1613.8,-22.516,0,3.604,1.156,8.366,2.553,0,6.65,217.1,482.0,23,1,73.6,0,0,0,0,controlled_simulation
RN-01783,2026-08-04T11:04:53,simulated_fall,0.0888,0.4258,0.1003,2493.4,-13.23,0,15.889,4.832,31.516,24.949,1,5.96,110.0,229.7,11,0,22.1,1,0,0,1,controlled_simulation
RN-01659,2026-08-17T21:32:30,simulated_help_call,0.3152,0.8111,0.1966,3318.3,-18.231,1,5.053,1.261,12.231,2.236,0,9.79,212.1,538.4,21,0,99.8,0,0,1,1,controlled_simulation
RN-00454,2026-08-14T23:21:57,normal_night_walk,0.05,0.1201,0.0796,1303.1,-18.849,0,4.666,1.107,7.854,2.42,0,4.21,17.8,20.0,23,1,11.9,0,0,0,0,controlled_simulation
RN-00731,2026-08-25T08:58:06,normal_commute,0.0629,0.1865,0.0883,2388.7,-19.14,0,2.602,1.163,7.84,1.729,0,12.79,21.8,156.1,8,0,1.0,0,0,0,0,controlled_simulation
RN-00535,2026-08-07T20:31:12,normal_night_walk,0.0754,0.2965,0.0669,2697.6,-15.89,0,2.526,1.008,8.202,3.584,0,6.38,30.0,355.9,20,0,18.7,0,0,0,0,controlled_simulation
RN-00966,2026-08-21T10:52:00,exercise_running,0.0593,0.3676,0.1156,2476.1,-17.222,0,8.328,1.088,14.11,9.627,0,9.68,0.0,274.6,10,0,1.0,0,0,0,0,controlled_simulation
RN-01285,2026-08-08T18:08:18,minor_route_deviation,0.0433,0.2041,0.0979,1561.3,-13.631,0,3.148,0.828,7.585,3.148,0,8.05,80.9,194.6,18,0,1.0,0,0,0,0,controlled_simulation
RN-01740,2026-08-16T23:23:08,simulated_help_call,0.2395,0.7116,0.2052,2867.8,-11.055,1,2.715,0.861,6.671,4.289,0,5.2,201.9,423.2,23,1,37.1,0,0,1,1,controlled_simulation
RN-00262,2026-08-30T14:05:12,normal_day_walk,0.0345,0.1083,0.0818,1514.2,-23.355,0,3.115,1.276,9.623,3.728,0,5.96,0.0,119.7,14,0,30.5,0,0,0,0,controlled_simulation
RN-00536,2026-08-05T22:00:18,normal_night_walk,0.05,0.173,0.0354,2158.2,-26.37,0,3.885,0.702,7.908,3.839,0,4.69,4.5,323.1,22,1,32.6,1,0,0,0,controlled_simulation
RN-00969,2026-08-07T15:13:07,exercise_running,0.0888,0.3162,0.0868,1859.8,-18.727,0,5.676,2.28,13.02,8.716,0,12.24,22.2,123.7,15,0,39.1,0,0,0,0,controlled_simulation
RN-00241,2026-08-21T12:14:30,normal_day_walk,0.0518,0.1258,0.072,1773.7,-24.914,0,4.488,1.199,8.656,2.834,0,5.42,2.2,52.9,12,0,63.6,0,0,0,0,controlled_simulation
RN-00820,2026-08-29T08:49:37,normal_commute,0.0192,0.2057,0.092,1894.0,-9.81,0,3.271,0.919,5.425,3.015,0,17.36,38.3,116.9,8,0,12.3,0,0,0,0,controlled_simulation
RN-00693,2026-08-08T18:03:45,normal_commute,0.06,0.0952,0.02,1708.0,-18.451,0,2.835,0.877,5.528,3.043,0,9.84,52.2,312.1,18,0,1.0,0,0,0,0,controlled_simulation
RN-00421,2026-08-15T01:23:05,normal_night_walk,0.0862,0.0872,0.0714,2210.6,-10.501,0,4.654,0.744,7.498,2.412,0,4.16,39.9,139.5,1,1,10.9,0,0,0,0,controlled_simulation
RN-01086,2026-08-31T13:22:29,exercise_running,0.0819,0.4031,0.0707,1261.7,-19.923,0,7.554,2.346,14.368,10.808,0,12.56,5.1,172.6,13,0,1.0,0,0,0,0,controlled_simulation
RN-01999,2026-08-12T19:07:55,manual_sos_simulation,0.0529,0.2612,0.0831,821.5,-19.375,0,2.846,0.358,8.188,1.706,0,1.79,334.3,437.1,19,0,48.7,0,1,1,1,controlled_simulation
RN-00366,2026-08-17T19:17:23,normal_day_walk,0.0513,0.0477,0.0665,1350.8,-16.957,0,3.657,1.438,12.557,2.531,0,5.62,12.6,20.4,19,0,27.6,0,0,0,0,controlled_simulation
RN-01023,2026-08-06T10:43:35,exercise_running,0.0514,0.2627,0.0742,2259.8,-22.032,0,4.381,2.376,13.574,9.75,0,10.8,53.8,71.7,10,0,29.1,0,0,0,0,controlled_simulation
RN-01241,2026-08-02T15:00:22,social_shout_laughter,0.1785,0.666,0.1252,2963.3,-11.198,1,3.593,1.655,5.556,3.228,0,6.7,0.4,151.5,15,0,20.6,0,0,0,0,controlled_simulation
RN-00589,2026-08-22T21:28:42,normal_night_walk,0.0309,0.2071,0.1024,1952.3,-26.228,0,1.51,1.222,4.562,2.54,0,5.04,11.9,29.9,21,0,24.8,1,0,0,0,controlled_simulation
RN-00737,2026-08-14T08:56:38,normal_commute,0.0741,0.2786,0.0907,1602.9,-17.094,0,3.499,1.7,7.686,4.293,0,21.02,24.4,163.0,8,0,33.2,0,0,0,0,controlled_simulation
RN-01762,2026-08-28T07:08:29,simulated_fall,0.0617,0.4374,0.0729,1818.2,-13.43,0,19.698,4.444,29.713,22.751,1,7.18,154.3,180.1,7,0,77.1,0,0,1,1,controlled_simulation
RN-00942,2026-08-06T15:55:16,exercise_running,0.0903,0.2463,0.112,2034.4,-12.926,0,5.072,1.622,13.664,11.982,0,10.06,12.2,213.5,15,0,24.3,0,0,0,0,controlled_simulation
RN-00072,2026-08-17T15:57:07,normal_day_walk,0.0561,0.1826,0.03,1605.6,-17.927,0,3.12,1.101,10.938,0.4,0,3.77,37.3,125.2,15,0,48.2,1,0,0,0,controlled_simulation
RN-01408,2026-08-11T17:37:53,sudden_phone_drop,0.0446,0.2087,0.1036,2194.4,-18.847,0,15.228,4.379,23.271,15.634,1,3.54,25.3,17.0,17,0,1.0,0,0,0,0,controlled_simulation
RN-00260,2026-08-28T15:38:46,normal_day_walk,0.036,0.1374,0.0763,3404.3,-16.574,0,4.445,1.171,5.482,3.366,0,6.83,7.3,171.5,15,0,23.7,0,0,0,0,controlled_simulation
RN-00052,2026-08-25T06:38:52,normal_day_walk,0.0478,0.1971,0.0509,897.5,-27.309,0,3.446,0.701,6.538,4.725,0,5.46,10.9,83.5,6,0,30.6,0,0,0,0,controlled_simulation
RN-00199,2026-08-17T08:17:20,normal_day_walk,0.065,0.2274,0.0571,1315.2,-12.679,0,2.62,1.219,5.748,2.256,0,2.38,8.2,135.4,8,0,34.8,0,0,0,0,controlled_simulation
RN-01789,2026-08-06T12:52:28,simulated_fall,0.1522,0.4897,0.1074,1949.9,-22.852,0,15.636,3.586,29.46,24.657,1,8.23,201.4,135.1,12,0,42.4,1,0,0,1,controlled_simulation
RN-00651,2026-08-30T20:05:21,normal_night_walk,0.0295,0.2498,0.1011,1743.7,-12.129,0,3.237,1.078,3.625,3.089,0,1.5,39.0,115.9,20,0,31.3,0,0,0,0,controlled_simulation
RN-00333,2026-08-05T13:48:39,normal_day_walk,0.0542,0.2234,0.1098,2530.5,-8.98,0,3.558,0.832,5.881,4.186,0,9.37,19.4,271.6,13,0,11.7,1,0,0,0,controlled_simulation
RN-01360,2026-08-19T16:09:39,minor_route_deviation,0.0528,0.2185,0.0819,1310.7,-18.775,0,2.674,1.084,5.493,3.342,0,5.98,128.3,280.9,16,0,28.3,0,0,0,0,controlled_simulation
RN-00594,2026-08-07T22:57:02,normal_night_walk,0.0564,0.2226,0.0663,1254.0,-16.749,0,4.965,1.056,7.417,4.833,0,3.65,27.4,170.3,22,1,13.7,0,0,0,0,controlled_simulation
RN-01392,2026-08-15T14:52:06,minor_route_deviation,0.0558,0.1553,0.0741,1189.7,-20.541,0,3.639,1.017,4.019,3.983,0,5.54,120.5,251.3,14,0,59.3,0,0,0,0,controlled_simulation
RN-01801,2026-08-30T07:21:41,simulated_fall,0.1222,0.6205,0.0349,1684.3,-14.691,1,20.218,6.039,27.454,25.755,1,8.06,30.0,191.7,7,0,58.6,0,0,0,1,controlled_simulation
RN-01315,2026-08-24T13:22:42,minor_route_deviation,0.0582,0.2339,0.1182,3193.5,-20.46,0,1.926,0.888,10.777,3.04,0,7.15,76.1,220.8,13,0,23.9,0,0,0,0,controlled_simulation
RN-01112,2026-08-19T20:57:36,exercise_running,0.0895,0.2535,0.1048,2062.8,-11.708,0,6.173,2.681,15.266,6.847,0,11.57,6.9,231.1,20,0,43.4,0,0,0,0,controlled_simulation
RN-01007,2026-08-23T09:41:15,exercise_running,0.0942,0.3217,0.102,1549.2,-26.219,0,5.568,2.114,11.71,6.497,0,6.57,0.0,177.5,9,0,56.7,0,0,0,0,controlled_simulation
RN-01327,2026-08-20T07:00:40,minor_route_deviation,0.0427,0.2317,0.1529,2099.9,-20.753,0,3.464,1.539,8.936,2.168,0,6.39,139.2,319.4,7,0,30.6,0,0,0,0,controlled_simulation
RN-00427,2026-08-27T05:44:31,normal_night_walk,0.0559,0.1048,0.0834,1572.6,-18.644,0,3.423,1.115,6.42,2.934,0,6.4,6.9,414.6,5,0,16.7,0,0,0,0,controlled_simulation
RN-01559,2026-08-02T04:26:32,suspicious_night_deviation,0.0543,0.2848,0.0989,2018.5,-15.294,0,3.848,1.078,10.518,3.443,0,6.93,493.5,727.9,4,1,73.7,0,0,0,0,controlled_simulation
RN-01294,2026-08-15T17:44:58,minor_route_deviation,0.0469,0.2418,0.1209,2090.1,-17.815,0,3.422,2.265,6.897,4.845,0,7.2,134.3,251.1,17,0,28.2,0,0,0,0,controlled_simulation
RN-00591,2026-08-21T23:07:03,normal_night_walk,0.0563,0.2191,0.0626,2186.2,-11.418,0,2.989,1.012,4.058,3.648,0,4.23,19.2,77.7,23,1,18.1,1,0,0,0,controlled_simulation
RN-01958,2026-08-14T23:00:06,manual_sos_simulation,0.0621,0.1285,0.1351,827.1,-17.168,0,3.732,1.046,5.209,2.651,0,5.48,415.2,472.4,23,1,59.6,0,1,1,1,controlled_simulation
RN-01977,2026-08-18T06:43:57,manual_sos_simulation,0.0312,0.0908,0.069,1709.3,-14.175,0,4.099,0.999,3.1,2.124,0,3.93,138.5,490.3,6,0,62.1,0,1,1,1,controlled_simulation
RN-01133,2026-08-29T12:06:12,social_shout_laughter,0.1919,0.7725,0.0973,2225.4,-20.274,1,3.341,1.162,8.743,3.889,0,5.91,25.4,83.0,12,0,1.0,1,0,0,0,controlled_simulation
RN-00986,2026-08-04T08:28:53,exercise_running,0.0701,0.3959,0.0982,2004.5,-16.545,0,4.264,1.761,13.066,6.394,0,14.06,33.9,122.2,8,0,12.1,2,0,0,0,controlled_simulation
RN-00399,2026-08-18T21:54:13,normal_day_walk,0.0619,0.1228,0.1002,2180.4,-12.266,0,5.063,0.897,10.612,2.773,0,5.64,14.7,197.7,21,0,25.2,0,0,0,0,controlled_simulation
RN-01512,2026-08-14T23:43:30,suspicious_night_deviation,0.0861,0.0879,0.1396,1756.5,-15.776,0,3.975,1.06,5.258,5.697,0,2.32,382.8,338.8,23,1,131.1,1,0,0,0,controlled_simulation
RN-00437,2026-08-02T20:24:59,normal_night_walk,0.0362,0.1853,0.0748,1507.5,-14.465,0,3.624,0.589,5.719,2.137,0,5.06,0.0,22.0,20,0,19.4,0,0,0,0,controlled_simulation
RN-00193,2026-08-27T15:20:00,normal_day_walk,0.0628,0.3254,0.0993,2420.4,-22.286,0,2.439,1.401,7.916,1.115,0,5.31,13.9,140.4,15,0,29.6,1,0,0,0,controlled_simulation
RN-01436,2026-08-31T13:44:15,sudden_phone_drop,0.0423,0.1377,0.1032,2833.5,-21.892,0,16.163,4.062,26.895,12.222,1,7.03,47.9,134.5,13,0,1.0,0,0,0,0,controlled_simulation
RN-00615,2026-08-30T01:20:10,normal_night_walk,0.0488,0.1194,0.1121,2072.4,-19.546,0,2.67,0.955,10.094,3.192,0,8.21,16.1,236.2,1,1,43.8,0,0,0,0,controlled_simulation
RN-01494,2026-08-19T00:40:53,suspicious_night_deviation,0.026,0.0881,0.108,1850.9,-16.601,0,2.902,1.283,7.562,2.7,0,5.32,419.0,408.7,0,1,103.4,0,0,0,0,controlled_simulation
RN-00577,2026-08-11T20:58:20,normal_night_walk,0.079,0.1069,0.0825,2332.3,-18.297,0,2.227,1.363,4.491,3.687,0,6.21,22.8,230.9,20,0,18.4,0,0,0,0,controlled_simulation
RN-00987,2026-08-01T06:30:12,exercise_running,0.0273,0.2254,0.0901,2220.8,-19.92,0,7.442,2.262,14.508,6.513,0,14.32,18.6,190.0,6,0,33.5,0,0,0,0,controlled_simulation
RN-01433,2026-08-21T16:26:51,sudden_phone_drop,0.0709,0.0566,0.1109,1147.6,-20.786,0,9.753,3.834,24.252,20.068,1,4.34,19.3,112.0,16,0,1.0,0,0,0,0,controlled_simulation
RN-00707,2026-08-29T17:16:09,normal_commute,0.0228,0.0553,0.07,1732.6,-16.472,0,4.026,1.632,4.97,3.121,0,10.24,5.1,127.0,17,0,38.6,1,0,0,0,controlled_simulation
RN-01259,2026-08-27T15:01:35,social_shout_laughter,0.2239,0.6305,0.176,3135.6,-19.867,1,3.832,0.911,7.804,2.659,0,3.56,22.2,190.6,15,0,3.2,0,0,0,0,controlled_simulation
RN-00142,2026-08-23T22:00:10,normal_day_walk,0.0736,0.0972,0.0206,1496.8,-17.309,0,3.499,1.186,9.669,3.661,0,3.13,16.8,200.8,22,1,1.0,0,0,0,0,controlled_simulation
RN-01358,2026-08-31T18:26:33,minor_route_deviation,0.0403,0.1487,0.0627,1139.0,-18.263,0,4.299,1.787,9.629,5.263,0,4.11,166.2,80.0,18,0,30.7,0,0,0,0,controlled_simulation
RN-00003,2026-08-12T21:38:08,normal_day_walk,0.0402,0.2255,0.0829,1948.4,-13.643,0,3.869,1.29,6.169,3.279,0,6.11,33.8,129.7,21,0,9.9,0,0,0,0,controlled_simulation
RN-01222,2026-08-27T13:17:01,social_shout_laughter,0.1985,0.6038,0.1657,2510.9,-21.169,1,3.652,0.993,6.549,3.611,0,5.18,0.0,54.6,13,0,1.0,1,0,0,0,controlled_simulation
RN-01870,2026-08-18T22:33:47,simulated_distress_combined,0.3008,0.8206,0.2487,3337.1,-10.467,1,16.07,6.269,38.177,23.837,1,4.82,673.9,816.9,22,1,88.8,2,0,0,1,controlled_simulation
RN-01623,2026-08-27T00:59:27,suspicious_night_deviation,0.0399,0.1923,0.0414,1894.6,-18.341,0,1.906,0.991,8.428,4.405,0,4.45,424.5,542.7,0,1,119.8,3,0,0,0,controlled_simulation
RN-00340,2026-08-10T13:53:17,normal_day_walk,0.0641,0.2344,0.0389,2125.6,-13.207,0,4.358,0.913,9.354,4.633,0,7.08,0.0,142.8,13,0,5.5,1,0,0,0,controlled_simulation
RN-01770,2026-08-13T12:00:27,simulated_fall,0.0535,0.426,0.0542,1966.4,-12.134,0,19.761,3.986,27.712,18.954,1,7.27,144.0,112.7,12,0,92.8,0,0,1,1,controlled_simulation
RN-01537,2026-08-11T01:01:23,suspicious_night_deviation,0.0416,0.2378,0.0772,2496.0,-15.319,0,2.648,1.347,4.403,0.969,0,3.83,483.5,657.6,1,1,100.3,2,0,0,0,controlled_simulation
RN-00484,2026-08-04T20:15:58,normal_night_walk,0.0485,0.094,0.0785,2328.2,-18.975,0,3.156,1.042,5.927,4.049,0,6.85,13.6,179.3,20,0,6.6,1,0,0,0,controlled_simulation
RN-00266,2026-08-18T21:34:48,normal_day_walk,0.0759,0.2293,0.0851,1951.7,-18.394,0,2.335,1.593,9.959,3.72,0,5.72,45.3,79.8,21,0,41.3,0,0,0,0,controlled_simulation
RN-00377,2026-08-14T08:56:16,normal_day_walk,0.0301,0.1958,0.0936,1398.4,-25.109,0,3.152,1.402,8.713,0.4,0,2.35,21.1,285.2,8,0,28.7,0,0,0,0,controlled_simulation
RN-00742,2026-08-03T19:23:34,normal_commute,0.0585,0.1552,0.1229,1890.5,-15.238,0,3.729,0.826,11.355,0.971,0,23.15,11.9,286.0,19,0,12.5,0,0,0,0,controlled_simulation
RN-01014,2026-08-07T06:16:15,exercise_running,0.0874,0.28,0.0757,2742.6,-7.571,0,9.168,3.497,13.813,8.502,0,17.59,30.2,195.5,6,0,54.9,0,0,0,0,controlled_simulation
RN-00440,2026-08-27T23:27:42,normal_night_walk,0.0644,0.3175,0.1174,1862.1,-12.695,0,4.011,0.468,12.722,2.311,0,5.49,31.4,154.7,23,1,56.7,0,0,0,0,controlled_simulation
RN-00272,2026-08-08T10:23:14,normal_day_walk,0.0382,0.149,0.1259,1313.7,-10.357,0,4.141,1.265,8.637,0.875,0,3.71,19.4,5.4,10,0,27.1,0,0,0,0,controlled_simulation
RN-00185,2026-08-19T16:52:42,normal_day_walk,0.0415,0.295,0.0857,2570.0,-15.888,0,4.339,1.109,6.913,2.841,0,0.2,0.0,267.9,16,0,17.8,1,0,0,0,controlled_simulation
RN-00940,2026-08-23T13:42:31,normal_commute,0.0663,0.1786,0.0748,1967.5,-12.014,0,2.214,0.82,9.796,4.502,0,15.32,61.3,118.5,13,0,34.5,1,0,0,0,controlled_simulation
RN-00245,2026-08-19T06:40:05,normal_day_walk,0.0262,0.0842,0.0966,1165.0,-19.155,0,4.812,0.877,8.142,3.771,0,2.46,0.0,44.9,6,0,36.3,0,0,0,0,controlled_simulation
RN-00932,2026-08-19T08:05:29,normal_commute,0.0607,0.2311,0.0675,1762.1,-25.779,0,3.886,0.336,8.29,2.807,0,25.48,33.3,244.3,8,0,39.7,0,0,0,0,controlled_simulation
RN-00446,2026-08-02T20:41:34,normal_night_walk,0.0611,0.1815,0.1248,1786.1,-18.404,0,3.896,1.332,7.834,1.359,0,2.75,14.7,334.4,20,0,17.5,0,0,0,0,controlled_simulation
RN-00597,2026-08-25T22:00:21,normal_night_walk,0.0469,0.1684,0.1233,2136.4,-5.693,0,4.139,1.378,9.544,0.4,0,4.83,10.3,20.0,22,1,46.0,0,0,0,0,controlled_simulation
RN-00818,2026-08-29T08:51:38,normal_commute,0.0553,0.1121,0.0773,1637.6,-17.991,0,3.516,1.183,9.421,3.998,0,20.9,30.4,102.2,8,0,41.2,0,0,0,0,controlled_simulation
RN-01273,2026-08-05T10:38:46,minor_route_deviation,0.0365,0.2107,0.0796,1480.3,-20.223,0,2.269,0.913,6.752,6.578,0,8.28,62.3,232.1,10,0,49.3,0,0,0,0,controlled_simulation
RN-01677,2026-08-22T20:50:34,simulated_help_call,0.3255,0.7614,0.1437,2836.9,-8.673,1,3.284,1.582,6.331,1.841,0,5.17,198.6,180.0,20,0,78.6,0,0,0,1,controlled_simulation
RN-00487,2026-08-30T02:56:02,normal_night_walk,0.0959,0.1786,0.0401,1856.6,-21.902,0,4.204,0.81,4.15,2.577,0,4.14,0.0,353.6,2,1,35.5,1,0,0,0,controlled_simulation
RN-00681,2026-08-02T07:31:57,normal_commute,0.0546,0.1853,0.079,2679.0,-14.058,0,3.636,1.066,5.859,3.454,0,14.43,38.1,129.5,7,0,53.6,1,0,0,0,controlled_simulation
RN-00416,2026-08-21T15:57:09,normal_day_walk,0.0354,0.2793,0.0737,1609.5,-21.271,0,3.553,0.852,7.271,3.612,0,4.94,33.5,86.9,15,0,22.5,0,0,0,0,controlled_simulation
RN-00274,2026-08-11T10:53:14,normal_day_walk,0.0702,0.1546,0.0708,1581.6,-28.932,0,2.797,1.784,8.205,3.407,0,5.16,0.0,47.5,10,0,11.5,0,0,0,0,controlled_simulation
RN-01472,2026-08-29T13:21:36,sudden_phone_drop,0.0669,0.164,0.081,1870.1,-14.291,0,15.201,6.803,25.597,13.053,1,3.16,13.3,110.7,13,0,1.0,0,0,0,0,controlled_simulation
RN-01830,2026-08-02T20:53:58,simulated_fall,0.0825,0.3352,0.0629,2210.3,-14.489,0,14.552,4.609,27.628,21.052,1,2.76,222.7,69.1,20,0,87.1,0,0,0,1,controlled_simulation
RN-01455,2026-08-22T15:22:26,sudden_phone_drop,0.0699,0.2115,0.0841,2083.7,-8.425,0,13.75,2.5,20.162,12.912,1,5.32,2.7,374.1,15,0,20.5,1,0,0,0,controlled_simulation
RN-00251,2026-08-14T21:26:11,normal_day_walk,0.0601,0.1076,0.1053,1739.4,-21.248,0,2.926,0.858,8.704,2.185,0,2.98,24.2,247.7,21,0,8.7,0,0,0,0,controlled_simulation
RN-00414,2026-08-25T06:01:49,normal_day_walk,0.0557,0.2068,0.0669,1744.1,-18.718,0,4.746,1.375,9.929,2.267,0,4.34,29.8,165.7,6,0,13.4,0,0,0,0,controlled_simulation
RN-01386,2026-08-04T18:55:55,minor_route_deviation,0.0492,0.1746,0.0894,1885.5,-24.942,0,3.758,1.137,8.729,2.518,0,4.43,151.7,260.6,18,0,17.2,0,0,0,0,controlled_simulation
RN-01308,2026-08-25T09:23:30,minor_route_deviation,0.0542,0.2352,0.1037,1607.6,-26.138,0,3.647,1.314,4.416,2.248,0,7.09,166.4,186.5,9,0,27.4,2,0,0,0,controlled_simulation
RN-00716,2026-08-20T09:07:28,normal_commute,0.0689,0.0821,0.0698,1599.4,-21.689,0,4.141,1.08,2.962,3.214,0,15.09,0.0,150.8,9,0,7.1,1,0,0,0,controlled_simulation
RN-00311,2026-08-05T18:36:13,normal_day_walk,0.089,0.277,0.0593,1815.2,-27.11,0,3.519,1.091,9.188,4.356,0,4.06,14.3,71.9,18,0,22.1,0,0,0,0,controlled_simulation
RN-00927,2026-08-26T18:42:31,normal_commute,0.0722,0.2004,0.0818,2908.7,-13.992,0,2.699,0.579,9.71,2.107,0,27.67,15.3,145.1,18,0,16.4,0,0,0,0,controlled_simulation
RN-00382,2026-08-16T15:05:50,normal_day_walk,0.0289,0.1231,0.0457,2199.8,-14.443,0,1.217,1.227,5.297,1.712,0,0.33,46.8,59.5,15,0,61.9,0,0,0,0,controlled_simulation
RN-01566,2026-08-02T21:18:48,suspicious_night_deviation,0.0337,0.2508,0.0533,2168.9,-23.633,0,3.662,1.281,10.054,3.584,0,1.45,414.5,496.5,21,0,60.8,0,0,0,0,controlled_simulation
RN-00426,2026-08-01T04:45:47,normal_night_walk,0.042,0.1846,0.118,1635.3,-12.747,0,4.929,0.978,8.269,1.121,0,3.88,31.2,247.1,4,1,31.4,0,0,0,0,controlled_simulation
RN-01875,2026-08-26T23:59:29,simulated_distress_combined,0.3511,0.9061,0.2196,3613.1,-8.826,1,20.512,4.136,36.329,24.986,1,4.29,454.4,566.5,23,1,80.0,0,0,1,1,controlled_simulation
RN-00533,2026-08-03T04:01:06,normal_night_walk,0.0574,0.1446,0.0426,1094.3,-26.634,0,3.198,0.945,9.419,2.756,0,3.77,31.3,64.8,4,1,32.8,0,0,0,0,controlled_simulation
RN-00753,2026-08-04T09:17:38,normal_commute,0.0529,0.2371,0.0732,2590.8,-15.24,0,1.958,1.196,9.069,0.796,0,6.78,36.9,38.0,9,0,1.0,0,0,0,0,controlled_simulation
RN-00766,2026-08-27T13:37:13,normal_commute,0.059,0.1646,0.0679,1492.4,-19.207,0,3.534,0.796,8.863,2.753,0,17.62,4.4,82.6,13,0,29.1,0,0,0,0,controlled_simulation
RN-01357,2026-08-28T19:16:24,minor_route_deviation,0.0348,0.1239,0.0604,1286.1,-20.22,0,2.183,1.314,7.713,4.06,0,2.98,121.8,273.0,19,0,42.1,0,0,0,0,controlled_simulation
RN-00409,2026-08-16T16:01:56,normal_day_walk,0.0622,0.1344,0.0436,1333.7,-22.415,0,2.582,1.245,7.225,0.687,0,6.75,10.2,149.7,16,0,13.3,0,0,0,0,controlled_simulation
RN-01615,2026-08-11T21:42:36,suspicious_night_deviation,0.0569,0.2878,0.0528,1188.6,-26.603,0,2.609,0.577,6.945,4.435,0,5.43,508.3,288.4,21,0,76.8,1,0,0,0,controlled_simulation
RN-00695,2026-08-19T18:32:34,normal_commute,0.0629,0.0962,0.0664,1405.1,-21.282,0,3.04,1.484,9.44,2.043,0,9.61,22.5,220.9,18,0,23.4,0,0,0,0,controlled_simulation
RN-01739,2026-08-15T05:10:52,simulated_help_call,0.3006,0.9523,0.1564,3455.6,-15.306,1,3.698,1.1,4.87,3.488,0,5.23,160.2,248.3,5,0,90.1,0,0,1,1,controlled_simulation
RN-00549,2026-08-03T03:33:57,normal_night_walk,0.0739,0.1334,0.0573,2220.4,-31.257,0,4.026,1.417,10.526,0.998,0,6.15,29.4,286.0,3,1,32.7,0,0,0,0,controlled_simulation
RN-00937,2026-08-19T08:39:59,normal_commute,0.0542,0.2915,0.0706,1196.1,-9.889,0,3.203,0.383,9.199,2.468,0,14.87,53.4,51.3,8,0,48.1,0,0,0,0,controlled_simulation
RN-01390,2026-08-22T06:10:55,minor_route_deviation,0.0286,0.2227,0.0668,2355.8,-20.025,0,3.304,0.969,10.224,2.818,0,4.27,103.9,126.0,6,0,34.8,0,0,0,0,controlled_simulation
RN-01608,2026-08-03T04:00:52,suspicious_night_deviation,0.0629,0.2551,0.0868,1506.3,-12.44,0,3.967,1.412,7.727,2.887,0,5.3,359.5,514.2,4,1,101.4,1,0,0,0,controlled_simulation
RN-01940,2026-08-13T02:27:23,manual_sos_simulation,0.0506,0.2318,0.062,2032.0,-8.337,0,2.636,1.419,8.108,3.252,0,6.69,316.7,455.5,2,1,26.4,1,1,1,1,controlled_simulation
RN-01482,2026-08-11T03:00:11,suspicious_night_deviation,0.015,0.1844,0.0461,1040.8,-19.023,0,3.587,1.756,4.179,2.496,0,5.63,564.7,434.9,3,1,80.1,3,0,0,0,controlled_simulation
RN-00183,2026-08-06T22:43:36,normal_day_walk,0.0554,0.0961,0.0241,2010.8,-8.277,0,3.689,0.93,11.276,2.999,0,4.03,12.3,143.7,22,1,45.6,0,0,0,0,controlled_simulation
RN-01941,2026-08-26T11:56:17,manual_sos_simulation,0.0918,0.1605,0.0571,1872.5,-15.302,0,4.929,1.04,7.393,4.88,0,6.42,298.5,356.5,11,0,52.6,1,1,1,1,controlled_simulation
RN-01161,2026-08-25T21:57:40,social_shout_laughter,0.1144,0.658,0.1227,3180.5,-13.552,1,3.638,1.432,7.607,2.584,0,3.33,30.2,15.7,21,0,33.1,1,0,0,0,controlled_simulation
RN-00171,2026-08-28T09:14:41,normal_day_walk,0.0562,0.188,0.1122,1069.4,-17.102,0,3.346,1.464,5.328,3.211,0,6.27,17.0,37.4,9,0,22.5,1,0,0,0,controlled_simulation
RN-00293,2026-08-13T10:57:52,normal_day_walk,0.038,0.0664,0.1021,2436.9,-14.024,0,2.877,1.298,6.111,6.025,0,4.85,5.9,146.3,10,0,13.8,0,0,0,0,controlled_simulation
RN-00562,2026-08-26T01:00:38,normal_night_walk,0.0538,0.136,0.0474,1883.6,-22.014,0,3.238,1.055,7.193,2.505,0,6.03,18.4,253.4,1,1,31.9,0,0,0,0,controlled_simulation
RN-01457,2026-08-10T19:37:43,sudden_phone_drop,0.0374,0.04,0.0785,1223.2,-18.806,0,16.836,5.413,26.411,21.838,1,6.43,14.1,78.8,19,0,21.8,0,0,0,0,controlled_simulation
RN-01877,2026-08-25T04:07:07,simulated_distress_combined,0.2107,0.8272,0.2338,3238.8,-5.23,1,20.191,5.955,35.295,25.481,1,7.92,533.9,637.8,4,1,129.0,1,0,1,1,controlled_simulation
RN-01652,2026-08-26T05:53:51,simulated_help_call,0.2752,0.6261,0.1279,3461.7,-10.41,1,3.307,0.724,7.417,1.736,0,6.25,407.1,334.1,5,0,60.5,0,0,1,1,controlled_simulation
RN-00850,2026-08-24T19:24:57,normal_commute,0.0393,0.1793,0.0634,1960.5,-12.989,0,3.799,1.458,7.379,3.913,0,14.82,20.0,5.0,19,0,31.9,0,0,0,0,controlled_simulation
RN-00273,2026-08-10T11:53:39,normal_day_walk,0.0183,0.2585,0.0577,835.2,-15.964,0,3.127,0.93,6.379,3.43,0,5.27,11.4,142.6,11,0,20.5,0,0,0,0,controlled_simulation
RN-01550,2026-08-01T22:02:51,suspicious_night_deviation,0.0824,0.2472,0.0291,1348.7,-20.53,0,4.307,0.852,4.469,1.792,0,5.47,436.3,409.7,22,1,68.2,2,0,0,0,controlled_simulation
RN-01035,2026-08-11T07:44:15,exercise_running,0.0622,0.2089,0.0977,1932.6,-30.946,0,6.094,2.979,13.988,9.664,0,11.84,16.9,30.2,7,0,39.4,0,0,0,0,controlled_simulation
RN-01744,2026-08-12T21:05:00,simulated_help_call,0.361,0.7698,0.1562,3268.1,-10.422,1,2.133,0.651,9.555,3.31,0,4.19,411.7,445.9,21,0,82.8,0,0,1,1,controlled_simulation
RN-00372,2026-08-18T17:04:03,normal_day_walk,0.0497,0.163,0.0561,1803.5,-13.521,0,4.737,2.049,5.091,1.489,0,5.57,18.8,152.4,17,0,33.1,0,0,0,0,controlled_simulation
RN-01670,2026-08-06T04:31:13,simulated_help_call,0.2715,0.792,0.2349,3712.9,-7.853,1,2.146,0.763,10.604,4.64,0,5.9,343.1,314.5,4,1,66.9,0,0,1,1,controlled_simulation
RN-00722,2026-08-16T17:55:04,normal_commute,0.0393,0.175,0.0933,1861.0,-17.88,0,2.706,1.222,11.276,2.555,0,12.86,31.0,214.0,17,0,31.3,0,0,0,0,controlled_simulation
RN-00734,2026-08-01T09:31:06,normal_commute,0.0603,0.1676,0.091,1362.8,-14.1,0,2.341,1.049,9.184,2.39,0,10.79,21.0,141.9,9,0,38.9,0,0,0,0,controlled_simulation
RN-00778,2026-08-31T17:53:55,normal_commute,0.0456,0.04,0.0511,2050.0,-18.447,0,4.162,1.375,6.412,1.282,0,18.52,42.4,245.7,17,0,19.8,0,0,0,0,controlled_simulation
RN-00519,2026-08-14T23:55:52,normal_night_walk,0.0543,0.1577,0.1032,993.7,-27.929,0,2.144,0.97,6.858,2.26,0,2.97,22.0,189.6,23,1,1.0,0,0,0,0,controlled_simulation
RN-00335,2026-08-01T07:17:03,normal_day_walk,0.0651,0.2071,0.0535,2208.1,-13.538,0,3.559,1.206,10.875,4.323,0,7.93,46.3,66.7,7,0,34.5,0,0,0,0,controlled_simulation
RN-00846,2026-08-06T17:23:52,normal_commute,0.0758,0.2118,0.1133,2896.2,-11.913,0,3.961,1.306,9.288,4.901,0,23.08,37.8,130.2,17,0,16.8,0,0,0,0,controlled_simulation
RN-01252,2026-08-01T12:28:27,social_shout_laughter,0.1978,0.6954,0.1585,3593.0,-13.486,1,3.308,0.862,6.595,0.543,0,4.96,51.3,218.2,12,0,41.7,1,0,0,0,controlled_simulation
RN-01053,2026-08-23T14:45:26,exercise_running,0.0532,0.1953,0.1002,1593.4,-18.198,0,7.673,2.157,11.583,11.485,0,12.26,28.0,91.2,14,0,58.6,1,0,0,0,controlled_simulation
RN-01924,2026-08-16T22:46:37,manual_sos_simulation,0.0726,0.1503,0.03,1485.7,-6.646,0,3.69,0.907,7.528,2.889,0,5.72,269.2,348.7,22,1,44.7,1,1,1,1,controlled_simulation
RN-00016,2026-08-13T10:19:18,normal_day_walk,0.0933,0.0899,0.0708,2003.7,-9.357,0,2.213,1.743,13.31,1.594,0,3.42,16.7,5.0,10,0,1.0,0,0,0,0,controlled_simulation
RN-00708,2026-08-30T07:05:42,normal_commute,0.0527,0.2386,0.049,1225.5,-17.089,0,2.36,0.611,6.88,3.072,0,9.28,42.4,102.0,7,0,30.1,0,0,0,0,controlled_simulation
RN-00901,2026-08-08T08:18:37,normal_commute,0.0695,0.127,0.0571,1799.0,-11.922,0,1.621,1.4,8.418,2.861,0,8.31,0.0,55.5,8,0,1.6,0,0,0,0,controlled_simulation
RN-01980,2026-08-23T01:11:32,manual_sos_simulation,0.0522,0.1864,0.0815,1700.8,-22.518,0,3.741,1.304,4.501,4.69,0,4.28,533.2,629.9,1,1,58.0,0,1,1,1,controlled_simulation
RN-01573,2026-08-14T22:37:59,suspicious_night_deviation,0.017,0.04,0.1031,2011.0,-14.141,0,3.404,0.801,4.221,2.014,0,5.82,474.4,373.0,22,1,99.6,0,0,0,0,controlled_simulation
RN-00904,2026-08-15T18:20:06,normal_commute,0.053,0.254,0.0998,1596.6,-13.828,0,3.596,1.278,7.24,2.597,0,12.95,12.5,36.0,18,0,3.8,0,0,0,0,controlled_simulation
RN-00466,2026-08-09T23:46:39,normal_night_walk,0.0493,0.1343,0.1579,1996.3,-24.512,0,1.852,1.643,8.343,3.544,0,4.17,7.4,140.4,23,1,55.9,0,0,0,0,controlled_simulation
RN-01978,2026-08-23T12:35:41,manual_sos_simulation,0.0478,0.3582,0.1007,1440.7,-15.003,0,2.012,2.044,5.598,4.525,0,5.07,283.0,372.2,12,0,46.3,0,1,1,1,controlled_simulation
RN-00200,2026-08-28T16:17:04,normal_day_walk,0.0663,0.2066,0.0973,1234.4,-22.905,0,2.312,0.576,6.076,3.678,0,6.4,0.0,217.7,16,0,28.2,1,0,0,0,controlled_simulation
RN-01207,2026-08-31T14:59:26,social_shout_laughter,0.2575,0.5771,0.1761,2360.4,-19.029,1,3.661,1.251,5.465,2.985,0,5.23,16.2,5.0,14,0,15.6,0,0,0,0,controlled_simulation
RN-01056,2026-08-20T20:17:18,exercise_running,0.0959,0.3265,0.0681,2411.1,-15.782,0,6.349,2.105,12.455,9.12,0,8.17,7.2,129.9,20,0,12.1,1,0,0,0,controlled_simulation
RN-01132,2026-08-17T18:01:26,social_shout_laughter,0.1707,0.7894,0.07,3688.1,-19.397,1,2.833,0.876,9.031,2.096,0,4.2,10.0,258.8,18,0,25.5,0,0,0,0,controlled_simulation
RN-01380,2026-08-23T19:27:28,minor_route_deviation,0.0704,0.2446,0.0919,1185.0,-21.144,0,3.767,0.959,8.063,4.672,0,2.33,99.6,167.0,19,0,13.1,0,0,0,0,controlled_simulation
RN-00999,2026-08-29T18:11:43,exercise_running,0.0446,0.2478,0.0349,2145.8,-13.519,0,7.185,2.732,9.058,7.763,0,13.07,20.6,122.8,18,0,41.3,0,0,0,0,controlled_simulation
RN-00728,2026-08-07T07:35:41,normal_commute,0.0652,0.0899,0.0568,2090.4,-21.147,0,2.916,0.718,8.989,1.314,0,23.44,42.1,198.2,7,0,27.7,0,0,0,0,controlled_simulation
RN-01772,2026-08-27T14:49:10,simulated_fall,0.0667,0.3607,0.0643,2442.6,-20.952,0,24.307,4.273,27.818,30.541,1,9.88,245.5,72.6,14,0,65.0,0,0,1,1,controlled_simulation
RN-01910,2026-08-19T23:53:05,simulated_distress_combined,0.3391,0.8323,0.2374,2756.8,-7.855,1,21.296,6.948,30.034,30.509,1,1.18,526.7,324.9,23,1,78.5,0,0,1,1,controlled_simulation
RN-01822,2026-08-21T22:46:36,simulated_fall,0.0939,0.2053,0.0531,1514.3,-25.242,0,13.957,4.079,24.695,25.644,1,3.75,30.9,166.4,22,1,97.1,0,0,1,1,controlled_simulation
RN-00568,2026-08-04T05:30:25,normal_night_walk,0.0917,0.1099,0.0593,1703.4,-19.135,0,3.023,1.027,8.921,3.555,0,3.13,4.5,381.8,5,0,1.0,0,0,0,0,controlled_simulation
RN-00044,2026-08-28T17:34:03,normal_day_walk,0.0467,0.1503,0.0593,1497.9,-29.602,0,3.483,1.014,9.404,0.4,0,4.22,11.3,211.2,17,0,52.0,1,0,0,0,controlled_simulation
RN-00275,2026-08-09T21:36:16,normal_day_walk,0.0345,0.304,0.0682,1254.0,-8.276,0,3.988,0.329,4.472,2.841,0,4.75,28.3,5.0,21,0,14.4,1,0,0,0,controlled_simulation
RN-01097,2026-08-25T15:08:04,exercise_running,0.0594,0.5041,0.0639,1805.9,-22.602,0,9.215,2.773,13.77,11.414,0,10.5,14.2,5.0,15,0,34.6,0,0,0,0,controlled_simulation
RN-00102,2026-08-09T16:23:55,normal_day_walk,0.0646,0.384,0.0812,2192.8,-12.122,0,1.601,1.213,5.98,3.693,0,4.55,17.4,147.1,16,0,12.8,1,0,0,0,controlled_simulation
RN-01232,2026-08-09T07:22:20,social_shout_laughter,0.211,0.6523,0.1542,2723.0,-16.991,1,1.827,1.035,7.503,5.17,0,4.75,14.0,191.1,7,0,26.9,0,0,0,0,controlled_simulation
RN-01722,2026-08-13T21:04:51,simulated_help_call,0.2495,0.8764,0.2,4525.1,-12.329,1,1.493,0.915,7.596,2.883,0,6.14,265.9,379.8,21,0,114.1,0,0,1,1,controlled_simulation
RN-01833,2026-08-09T13:28:19,simulated_fall,0.1944,0.493,0.0603,1028.7,-19.465,1,26.808,4.914,32.155,17.876,1,3.93,173.6,128.6,13,0,20.0,0,0,1,1,controlled_simulation
RN-00108,2026-08-15T07:17:12,normal_day_walk,0.0445,0.04,0.0654,1612.2,-14.969,0,3.777,1.06,5.475,3.152,0,4.18,21.6,232.2,7,0,22.0,0,0,0,0,controlled_simulation
RN-01618,2026-08-01T03:02:28,suspicious_night_deviation,0.0445,0.3897,0.0575,2263.3,-26.942,0,2.577,1.018,4.593,3.64,0,4.01,198.5,441.5,3,1,70.0,0,0,0,0,controlled_simulation
RN-00498,2026-08-15T03:57:04,normal_night_walk,0.0595,0.2446,0.1113,2444.2,-13.7,0,2.721,0.822,10.221,1.172,0,5.98,9.8,159.0,3,1,38.6,0,0,0,0,controlled_simulation
RN-01981,2026-08-22T00:56:32,manual_sos_simulation,0.0525,0.2868,0.0604,1617.1,-25.217,0,3.197,0.909,6.929,3.177,0,5.97,151.3,385.2,0,1,81.1,0,1,1,1,controlled_simulation
RN-00882,2026-08-10T13:03:34,normal_commute,0.0795,0.1635,0.0857,1857.5,-17.633,0,2.024,1.086,7.53,4.879,0,21.76,12.0,259.2,13,0,54.2,1,0,0,0,controlled_simulation
RN-00757,2026-08-24T19:29:39,normal_commute,0.055,0.1415,0.0754,1707.1,-20.207,0,3.113,1.245,6.689,2.772,0,22.57,0.0,115.9,19,0,14.2,0,0,0,0,controlled_simulation
RN-00620,2026-08-02T03:37:09,normal_night_walk,0.0303,0.1373,0.1028,1239.0,-25.835,0,5.168,1.322,8.049,1.828,0,7.87,51.3,369.8,3,1,11.5,0,0,0,0,controlled_simulation
RN-01107,2026-08-26T14:54:09,exercise_running,0.1204,0.3824,0.0948,1440.9,-12.97,0,6.51,2.114,11.377,8.423,0,12.55,0.7,75.3,14,0,28.5,2,0,0,0,controlled_simulation
RN-01936,2026-08-08T11:08:35,manual_sos_simulation,0.0282,0.1859,0.1217,2610.9,-12.209,0,1.224,0.998,6.524,4.388,0,8.37,296.6,407.5,11,0,25.5,0,1,1,1,controlled_simulation
RN-00810,2026-08-11T17:06:39,normal_commute,0.071,0.1846,0.0704,1648.3,-17.14,0,2.167,1.387,4.232,3.339,0,21.07,26.0,194.1,17,0,23.0,1,0,0,0,controlled_simulation
RN-01038,2026-08-25T12:51:26,exercise_running,0.0837,0.3617,0.0948,1505.7,-16.931,0,4.254,1.872,12.874,9.147,0,9.31,16.0,210.2,12,0,18.5,0,0,0,0,controlled_simulation
RN-00073,2026-08-06T11:28:39,normal_day_walk,0.0599,0.1407,0.02,1212.0,-23.935,0,3.828,1.139,7.503,4.768,0,6.83,32.4,156.6,11,0,42.3,0,0,0,0,controlled_simulation
RN-01284,2026-08-05T22:06:47,minor_route_deviation,0.0589,0.2039,0.1016,2175.3,-16.796,0,3.332,0.256,7.667,2.819,0,7.23,144.1,398.8,22,1,21.3,1,0,0,0,controlled_simulation
RN-01272,2026-08-09T20:27:53,minor_route_deviation,0.0328,0.2678,0.064,1070.2,-25.01,0,2.185,0.779,7.206,5.248,0,7.28,171.9,101.0,20,0,48.6,0,0,0,0,controlled_simulation
RN-01335,2026-08-11T21:27:48,minor_route_deviation,0.0363,0.2389,0.0858,2204.0,-26.87,0,4.497,0.859,8.434,4.896,0,3.51,156.9,306.9,21,0,51.4,0,0,0,0,controlled_simulation
RN-01459,2026-08-05T06:24:18,sudden_phone_drop,0.0406,0.2171,0.0938,1476.5,-23.038,0,16.565,5.406,31.524,19.663,1,6.35,5.3,227.0,6,0,37.1,0,0,0,0,controlled_simulation
RN-00482,2026-08-19T04:08:33,normal_night_walk,0.0671,0.1667,0.0871,2098.7,-12.042,0,4.237,0.949,11.639,5.547,0,5.28,2.3,305.6,4,1,24.9,0,0,0,0,controlled_simulation
RN-01069,2026-08-06T16:29:40,exercise_running,0.0854,0.3002,0.1069,1364.1,-17.733,0,6.283,1.905,16.514,7.958,0,10.11,34.9,225.2,16,0,29.8,0,0,0,0,controlled_simulation
RN-00507,2026-08-27T04:46:47,normal_night_walk,0.0687,0.1344,0.0845,2123.0,-22.37,0,3.622,1.033,10.632,2.498,0,4.68,20.9,153.3,4,1,6.9,1,0,0,0,controlled_simulation
RN-01238,2026-08-13T19:17:58,social_shout_laughter,0.194,0.6453,0.1606,3597.6,-13.123,1,2.022,0.738,4.915,2.37,0,5.14,17.2,121.4,19,0,7.1,0,0,0,0,controlled_simulation
RN-01862,2026-08-18T04:07:17,simulated_distress_combined,0.2577,0.8024,0.2444,3676.1,-2.416,1,18.464,5.347,32.405,25.401,1,8.16,611.5,300.0,4,1,85.7,0,0,0,1,controlled_simulation
RN-01990,2026-08-19T08:51:43,manual_sos_simulation,0.0667,0.1709,0.1079,2876.6,-14.579,0,2.642,1.335,4.211,1.388,0,0.58,180.2,266.2,8,0,60.7,1,1,1,1,controlled_simulation
RN-01477,2026-08-15T21:20:15,sudden_phone_drop,0.0506,0.2354,0.0728,2291.7,-22.795,0,14.613,3.898,22.035,17.141,1,4.13,13.1,15.2,21,0,1.0,0,0,0,0,controlled_simulation
RN-01867,2026-08-06T01:20:55,simulated_distress_combined,0.3139,0.7912,0.195,3930.9,-4.147,1,24.651,3.846,37.021,27.413,1,8.23,653.8,776.6,1,1,53.3,2,0,1,1,controlled_simulation
RN-01456,2026-08-01T09:26:49,sudden_phone_drop,0.0646,0.2907,0.0999,2174.2,-18.622,0,15.31,4.355,21.015,9.0,1,5.45,21.3,74.3,9,0,42.9,0,0,0,0,controlled_simulation
RN-00312,2026-08-05T14:01:45,normal_day_walk,0.0663,0.1978,0.0523,1700.3,-16.302,0,2.761,0.873,7.752,2.509,0,1.17,26.5,58.6,14,0,13.1,0,0,0,0,controlled_simulation
RN-00963,2026-08-04T13:42:47,exercise_running,0.0963,0.3175,0.0893,1800.5,-25.48,0,6.873,1.711,9.616,7.445,0,11.67,19.9,114.3,13,0,29.7,2,0,0,0,controlled_simulation
RN-00406,2026-08-01T16:19:47,normal_day_walk,0.0725,0.1607,0.0837,3017.1,-10.714,0,3.88,1.127,5.029,3.807,0,5.48,12.7,221.3,16,0,48.2,0,0,0,0,controlled_simulation
RN-01331,2026-08-01T13:59:25,minor_route_deviation,0.0989,0.217,0.0508,1039.5,-16.195,0,2.939,1.293,7.718,4.61,0,6.51,167.6,281.4,13,0,23.7,0,0,0,0,controlled_simulation
RN-01650,2026-08-22T00:31:35,suspicious_night_deviation,0.054,0.1613,0.0592,1545.7,-17.525,0,3.283,0.619,5.197,3.931,0,4.5,552.8,318.9,0,1,66.3,1,0,0,0,controlled_simulation
RN-00310,2026-08-31T08:30:03,normal_day_walk,0.074,0.2279,0.0633,1965.6,-26.355,0,2.38,1.706,8.573,2.537,0,7.02,34.7,169.1,8,0,51.9,0,0,0,0,controlled_simulation
RN-00227,2026-08-12T11:04:09,normal_day_walk,0.0543,0.2252,0.1015,2386.2,-21.507,0,2.511,0.897,6.573,0.777,0,6.45,0.0,272.1,11,0,39.2,0,0,0,0,controlled_simulation
RN-01858,2026-08-04T00:54:43,simulated_distress_combined,0.3429,0.8449,0.1819,3892.3,-11.324,1,14.251,4.256,30.272,33.716,1,12.57,689.9,690.5,0,1,45.0,0,0,0,1,controlled_simulation
RN-00711,2026-08-23T17:52:50,normal_commute,0.0569,0.3628,0.0754,1643.0,-19.335,0,4.681,0.2,7.627,4.119,0,21.31,4.3,153.5,17,0,2.0,0,0,0,0,controlled_simulation
RN-01944,2026-08-05T18:25:55,manual_sos_simulation,0.0617,0.2403,0.0885,2328.0,-17.29,0,5.022,1.418,7.004,1.713,0,4.68,275.6,69.5,18,0,58.7,0,1,1,1,controlled_simulation
RN-01384,2026-08-07T06:04:31,minor_route_deviation,0.0244,0.2513,0.0838,1336.4,-24.512,0,3.745,1.236,5.537,5.351,0,4.81,160.5,327.8,6,0,24.6,0,0,0,0,controlled_simulation
RN-01786,2026-08-06T18:25:10,simulated_fall,0.0947,0.1934,0.0975,2233.5,-7.899,0,15.264,5.463,26.028,22.489,1,7.8,270.2,5.0,18,0,66.6,0,0,0,1,controlled_simulation
RN-00149,2026-08-31T21:55:43,normal_day_walk,0.0751,0.1529,0.0771,2566.8,-19.773,0,2.405,1.376,5.299,2.714,0,4.37,24.7,367.9,21,0,51.6,0,0,0,0,controlled_simulation
RN-01555,2026-08-26T03:01:07,suspicious_night_deviation,0.0313,0.2002,0.0515,1940.9,-15.327,0,3.703,0.541,10.426,1.517,0,3.62,513.3,609.8,3,1,87.7,0,0,0,0,controlled_simulation
RN-01957,2026-08-01T03:44:56,manual_sos_simulation,0.0491,0.1524,0.0956,2609.2,-16.129,0,2.232,1.163,6.28,2.476,0,4.46,237.4,347.2,3,1,83.4,0,1,1,1,controlled_simulation
RN-00926,2026-08-18T07:35:18,normal_commute,0.0312,0.2772,0.0902,1661.2,-16.531,0,2.887,1.075,8.067,1.437,0,8.56,17.3,109.6,7,0,1.0,0,0,0,0,controlled_simulation
RN-00943,2026-08-12T08:45:43,exercise_running,0.0476,0.2123,0.1212,2084.3,-16.207,0,6.79,1.6,12.297,11.414,0,18.0,21.6,149.9,8,0,30.4,0,0,0,0,controlled_simulation
RN-00837,2026-08-02T13:09:44,normal_commute,0.042,0.2129,0.0936,1820.3,-23.497,0,2.698,0.941,4.675,2.657,0,8.86,63.0,336.2,13,0,45.1,0,0,0,0,controlled_simulation
RN-00576,2026-08-02T04:48:01,normal_night_walk,0.0572,0.1672,0.0277,1305.1,-14.822,0,4.344,1.102,4.991,2.69,0,3.77,35.8,20.0,4,1,1.0,1,0,0,0,controlled_simulation
RN-00558,2026-08-17T20:02:10,normal_night_walk,0.0474,0.2103,0.0802,2217.1,-14.418,0,3.309,1.791,3.079,3.563,0,3.61,24.6,105.6,20,0,4.3,0,0,0,0,controlled_simulation
RN-01236,2026-08-13T21:41:22,social_shout_laughter,0.268,0.5227,0.2336,3838.0,-21.921,1,1.149,0.769,8.535,4.557,0,1.74,33.3,150.8,21,0,37.3,1,0,0,0,controlled_simulation
RN-01361,2026-08-31T09:19:01,minor_route_deviation,0.0587,0.2628,0.0201,1700.4,-20.218,0,4.479,0.719,9.074,3.101,0,6.34,184.5,154.2,9,0,1.0,1,0,0,0,controlled_simulation
RN-01348,2026-08-16T22:17:42,minor_route_deviation,0.0806,0.1738,0.1226,2261.9,-13.874,0,3.479,1.027,7.247,3.203,0,6.08,109.6,151.2,22,1,38.4,0,0,0,0,controlled_simulation
RN-01162,2026-08-17T22:18:37,social_shout_laughter,0.1292,0.6261,0.1674,3221.8,-15.685,1,4.843,1.184,6.542,2.19,0,6.07,16.1,268.4,22,1,56.9,0,0,0,0,controlled_simulation
RN-01443,2026-08-16T11:58:37,sudden_phone_drop,0.0547,0.2211,0.1165,1880.4,-24.868,0,13.244,3.401,27.755,20.094,1,3.34,27.9,115.6,11,0,34.8,0,0,0,0,controlled_simulation
RN-00287,2026-08-11T21:16:27,normal_day_walk,0.064,0.1883,0.0774,2589.0,-16.443,0,0.5,1.163,8.784,3.535,0,6.16,7.7,168.7,21,0,20.9,1,0,0,0,controlled_simulation
RN-01605,2026-08-18T04:55:45,suspicious_night_deviation,0.0617,0.1111,0.0926,1577.7,-16.541,0,3.194,0.994,5.439,2.413,0,3.83,206.8,788.7,4,1,106.8,1,0,0,0,controlled_simulation
RN-01058,2026-08-10T21:09:13,exercise_running,0.0717,0.08,0.0778,2438.0,-7.591,0,7.667,2.376,13.828,8.544,0,10.05,8.7,5.0,21,0,39.9,0,0,0,0,controlled_simulation
RN-00599,2026-08-28T01:45:25,normal_night_walk,0.0693,0.2012,0.0668,2163.4,-21.135,0,3.852,1.581,8.35,0.795,0,3.25,46.3,173.7,1,1,41.5,0,0,0,0,controlled_simulation
RN-00933,2026-08-27T18:24:38,normal_commute,0.0524,0.1486,0.0871,2319.9,-15.432,0,1.95,0.591,5.888,2.231,0,22.5,20.2,234.5,18,0,1.0,0,0,0,0,controlled_simulation
RN-01462,2026-08-22T06:44:53,sudden_phone_drop,0.0672,0.1487,0.0949,1998.8,-15.225,0,9.621,3.958,18.654,17.499,1,5.76,19.5,68.0,6,0,17.6,0,0,0,0,controlled_simulation
RN-01638,2026-08-17T00:03:24,suspicious_night_deviation,0.0475,0.2875,0.0909,1777.0,-8.755,0,2.268,1.36,10.276,3.983,0,1.37,533.8,494.6,0,1,78.3,2,0,0,0,controlled_simulation
RN-01588,2026-08-22T22:53:45,suspicious_night_deviation,0.0307,0.1439,0.0766,1544.1,-12.2,0,3.709,1.174,10.954,5.466,0,5.43,472.9,632.9,22,1,60.3,0,0,0,0,controlled_simulation
RN-01041,2026-08-07T22:32:43,exercise_running,0.0654,0.2352,0.09,1816.0,-21.341,0,4.852,2.334,13.064,10.476,0,12.83,0.0,72.2,22,1,22.6,0,0,0,0,controlled_simulation
RN-01231,2026-08-04T06:33:28,social_shout_laughter,0.1981,0.74,0.2101,2997.6,-16.999,1,3.134,1.064,7.222,1.948,0,4.44,18.2,204.8,6,0,19.5,0,0,0,0,controlled_simulation
RN-00807,2026-08-19T13:44:40,normal_commute,0.0514,0.239,0.1079,1436.2,-23.682,0,2.762,0.999,8.64,2.761,0,19.83,32.3,77.5,13,0,15.2,1,0,0,0,controlled_simulation
RN-00905,2026-08-07T13:13:02,normal_commute,0.0931,0.1323,0.0919,2313.0,-24.578,0,3.07,0.781,6.125,4.606,0,21.93,7.5,259.3,13,0,17.2,0,0,0,0,controlled_simulation
RN-01680,2026-08-31T23:09:21,simulated_help_call,0.2222,0.8285,0.2063,3308.3,-14.278,1,2.451,1.126,9.989,2.036,0,4.36,287.0,393.2,23,1,69.4,0,0,1,1,controlled_simulation
RN-01205,2026-08-18T22:47:00,social_shout_laughter,0.2803,0.7816,0.1614,3031.6,-18.995,1,2.319,1.948,7.999,4.471,0,6.99,11.2,151.6,22,1,1.0,0,0,0,0,controlled_simulation
RN-00768,2026-08-12T17:09:31,normal_commute,0.0795,0.2177,0.0844,889.2,-19.098,0,2.786,0.699,6.361,2.952,0,21.29,54.3,234.1,17,0,31.6,0,0,0,0,controlled_simulation
RN-00610,2026-08-14T05:00:59,normal_night_walk,0.0334,0.1745,0.0912,1505.2,-15.361,0,3.192,0.965,12.892,2.505,0,5.6,13.2,174.5,5,0,40.9,0,0,0,0,controlled_simulation
RN-01993,2026-08-20T22:36:33,manual_sos_simulation,0.0503,0.1228,0.093,2215.0,-22.971,0,2.489,0.997,10.103,3.498,0,5.33,164.9,428.0,22,1,35.5,0,1,1,1,controlled_simulation
RN-01565,2026-08-08T02:11:41,suspicious_night_deviation,0.0679,0.162,0.089,1032.3,-13.342,0,3.671,1.211,7.423,1.721,0,0.5,443.6,594.3,2,1,56.9,1,0,0,0,controlled_simulation
RN-01423,2026-08-01T13:19:50,sudden_phone_drop,0.0549,0.1489,0.0809,1563.6,-15.547,0,14.831,4.782,24.412,16.588,1,2.81,21.2,122.4,13,0,44.2,0,0,0,0,controlled_simulation
RN-01011,2026-08-19T17:54:11,exercise_running,0.1143,0.172,0.1186,964.7,-18.268,0,8.2,2.563,14.714,5.71,0,13.7,12.4,5.0,17,0,21.0,1,0,0,0,controlled_simulation
RN-00494,2026-08-26T02:32:46,normal_night_walk,0.0748,0.2502,0.0721,1902.1,-21.162,0,3.537,1.409,7.93,3.666,0,4.06,44.8,318.0,2,1,7.4,0,0,0,0,controlled_simulation
RN-01321,2026-08-24T08:54:39,minor_route_deviation,0.0462,0.2589,0.1061,2226.0,-20.333,0,2.911,1.139,7.103,3.609,0,4.39,184.4,149.2,8,0,17.9,0,0,0,0,controlled_simulation
RN-00278,2026-08-08T22:51:28,normal_day_walk,0.0758,0.2336,0.0843,1224.3,-18.944,0,1.92,0.857,5.492,3.873,0,7.22,22.4,173.0,22,1,49.4,1,0,0,0,controlled_simulation
RN-01847,2026-08-09T21:19:33,simulated_distress_combined,0.3476,0.9112,0.2571,3886.3,-1.755,1,19.122,7.894,29.24,37.773,1,9.36,590.5,828.2,21,0,66.1,0,0,1,1,controlled_simulation
RN-00359,2026-08-18T16:39:30,normal_day_walk,0.015,0.2068,0.0684,2316.4,-15.638,0,5.513,0.572,7.017,2.991,0,5.78,20.3,68.3,16,0,40.6,0,0,0,0,controlled_simulation
RN-01111,2026-08-11T11:27:35,exercise_running,0.084,0.2991,0.0525,1873.0,-11.149,0,8.608,2.163,13.836,7.228,0,10.45,27.4,79.4,11,0,1.9,1,0,0,0,controlled_simulation
RN-00237,2026-08-13T20:00:15,normal_day_walk,0.0685,0.1492,0.0566,1442.1,-15.7,0,1.99,1.247,8.592,4.309,0,7.11,30.9,180.2,20,0,41.7,0,0,0,0,controlled_simulation
RN-00552,2026-08-01T04:42:37,normal_night_walk,0.0537,0.1225,0.0543,2034.2,-20.785,0,3.558,0.41,6.206,3.564,0,6.68,30.9,275.3,4,1,1.0,0,0,0,0,controlled_simulation
RN-01868,2026-08-06T01:01:37,simulated_distress_combined,0.3915,0.7811,0.194,3319.0,-7.762,1,19.759,4.926,33.342,26.547,1,10.77,326.8,836.0,1,1,93.6,0,0,1,1,controlled_simulation
RN-01813,2026-08-23T17:25:37,simulated_fall,0.1137,0.3324,0.0527,1839.3,-14.181,0,15.634,3.0,38.0,28.589,1,8.33,310.2,92.0,17,0,94.8,0,0,1,1,controlled_simulation
RN-00209,2026-08-23T10:52:30,normal_day_walk,0.058,0.2345,0.0632,1732.4,-17.905,0,4.019,1.199,8.67,3.077,0,7.04,28.8,5.0,10,0,19.4,0,0,0,0,controlled_simulation
RN-01387,2026-08-16T19:56:15,minor_route_deviation,0.0722,0.1649,0.1289,1293.0,-18.576,0,4.035,1.679,4.756,3.161,0,7.29,109.8,365.7,19,0,33.8,1,0,0,0,controlled_simulation
RN-01561,2026-08-31T01:25:51,suspicious_night_deviation,0.0766,0.2763,0.0863,1764.0,-16.092,0,3.347,1.18,8.506,4.753,0,1.5,418.7,520.0,1,1,98.1,0,0,0,0,controlled_simulation
RN-00059,2026-08-25T06:09:15,normal_day_walk,0.0508,0.1853,0.0877,2115.3,-23.754,0,3.205,1.257,9.831,4.977,0,4.7,44.4,124.7,6,0,32.4,1,0,0,0,controlled_simulation
RN-00632,2026-08-23T22:14:37,normal_night_walk,0.0782,0.2204,0.0911,2120.8,-12.541,0,2.592,0.822,8.1,2.816,0,4.41,25.3,143.7,22,1,33.9,0,0,0,0,controlled_simulation
RN-01962,2026-08-18T23:33:00,manual_sos_simulation,0.0661,0.1599,0.087,1200.1,-15.846,0,1.81,1.423,7.428,2.628,0,6.5,231.3,520.9,23,1,71.1,1,1,1,1,controlled_simulation
RN-01860,2026-08-02T02:00:14,simulated_distress_combined,0.3178,0.769,0.2164,3984.6,-6.124,1,18.444,5.406,29.129,23.66,1,3.6,462.3,711.9,2,1,89.7,3,0,1,1,controlled_simulation
RN-01817,2026-08-09T10:01:07,simulated_fall,0.0617,0.4369,0.0795,1452.2,-21.237,0,15.673,3.0,29.22,14.67,1,6.19,63.2,153.8,10,0,65.5,1,0,1,1,controlled_simulation
RN-00364,2026-08-10T19:38:39,normal_day_walk,0.0555,0.149,0.0851,1501.0,-15.948,0,4.212,0.752,8.284,5.727,0,3.36,7.8,263.7,19,0,45.3,0,0,0,0,controlled_simulation
RN-00506,2026-08-01T21:47:33,normal_night_walk,0.0488,0.2267,0.1083,1711.8,-22.965,0,3.633,1.261,13.007,3.737,0,5.06,32.7,220.7,21,0,3.8,0,0,0,0,controlled_simulation
RN-01166,2026-08-25T11:38:43,social_shout_laughter,0.1886,0.7774,0.1739,2841.7,-19.679,1,2.73,0.777,2.502,2.585,0,4.77,24.7,167.2,11,0,26.7,0,0,0,0,controlled_simulation
RN-01122,2026-08-11T08:38:56,social_shout_laughter,0.2591,0.7355,0.1629,3047.8,-26.309,1,4.141,1.114,7.637,2.609,0,3.26,14.7,182.3,8,0,19.1,0,0,0,0,controlled_simulation
RN-01630,2026-08-08T21:57:49,suspicious_night_deviation,0.0551,0.2213,0.0652,1962.4,-26.206,0,4.033,1.426,7.363,2.794,0,4.77,750.0,279.4,21,0,94.4,1,0,0,0,controlled_simulation
RN-01217,2026-08-14T08:13:56,social_shout_laughter,0.2935,0.6949,0.1524,2942.5,-21.707,1,2.481,1.44,8.958,1.307,0,2.49,3.0,130.8,8,0,17.6,0,0,0,0,controlled_simulation
RN-01152,2026-08-14T21:03:11,social_shout_laughter,0.1198,0.7085,0.1512,1990.4,-20.149,1,1.5,1.195,6.218,3.983,0,6.59,16.0,26.3,21,0,59.8,0,0,0,0,controlled_simulation
RN-01125,2026-08-25T16:09:48,social_shout_laughter,0.2592,0.8627,0.1572,2793.1,-17.897,1,1.576,1.085,10.258,3.475,0,2.57,47.2,238.9,16,0,31.8,2,0,0,0,controlled_simulation
RN-01595,2026-08-11T01:23:20,suspicious_night_deviation,0.0673,0.1974,0.1179,2207.7,-21.968,0,2.186,0.271,10.902,2.776,0,4.44,180.0,446.1,1,1,96.3,1,0,0,0,controlled_simulation
RN-00119,2026-08-11T07:51:13,normal_day_walk,0.0359,0.194,0.0516,879.8,-19.332,0,1.795,1.29,9.549,2.06,0,4.18,19.4,5.0,7,0,29.8,0,0,0,0,controlled_simulation
RN-01250,2026-08-31T15:14:48,social_shout_laughter,0.1339,0.9216,0.1787,3004.5,-18.342,1,3.664,1.069,7.342,3.166,0,4.24,0.0,373.3,15,0,1.0,0,0,0,0,controlled_simulation
RN-01994,2026-08-25T07:23:45,manual_sos_simulation,0.0501,0.2112,0.0732,1861.8,-16.605,0,2.77,1.276,6.446,2.904,0,4.33,235.6,378.0,7,0,67.7,0,1,1,1,controlled_simulation
RN-00523,2026-08-10T22:24:09,normal_night_walk,0.0372,0.0965,0.0976,840.3,-21.765,0,3.098,1.53,8.699,2.142,0,7.95,9.6,187.8,22,1,30.4,1,0,0,0,controlled_simulation
RN-00514,2026-08-16T22:55:38,normal_night_walk,0.0495,0.2456,0.0706,1954.6,-12.036,0,3.04,1.458,8.347,3.346,0,6.24,30.0,184.6,22,1,36.8,0,0,0,0,controlled_simulation
RN-00082,2026-08-05T17:38:58,normal_day_walk,0.0266,0.1337,0.0954,2189.2,-19.256,0,2.158,0.762,7.607,0.499,0,4.29,0.0,163.2,17,0,40.2,0,0,0,0,controlled_simulation
RN-00916,2026-08-21T18:36:38,normal_commute,0.0389,0.0912,0.0499,1855.3,-11.653,0,3.286,1.101,3.872,3.022,0,19.07,15.5,11.2,18,0,16.3,0,0,0,0,controlled_simulation
RN-01019,2026-08-18T12:07:54,exercise_running,0.089,0.3665,0.1097,2192.7,-18.304,0,6.218,2.281,14.987,7.9,0,12.48,34.0,5.0,12,0,23.5,2,0,0,0,controlled_simulation
RN-00381,2026-08-13T12:16:33,normal_day_walk,0.064,0.295,0.0559,1362.2,-24.661,0,3.518,1.325,8.939,1.616,0,6.98,10.7,61.7,12,0,27.8,0,0,0,0,controlled_simulation
RN-01030,2026-08-17T06:24:41,exercise_running,0.0535,0.3304,0.0767,1689.6,-18.991,0,3.846,1.664,14.675,9.216,0,12.84,16.5,243.2,6,0,61.6,0,0,0,0,controlled_simulation
RN-01689,2026-08-23T21:53:38,simulated_help_call,0.3292,0.7783,0.216,2981.3,-11.137,1,3.882,0.638,3.657,3.892,0,4.52,234.9,418.5,21,0,89.4,1,0,0,1,controlled_simulation
RN-00085,2026-08-20T21:54:07,normal_day_walk,0.0364,0.3417,0.0737,2103.0,-24.459,0,3.494,0.844,9.332,2.869,0,3.56,24.0,179.5,21,0,15.5,1,0,0,0,controlled_simulation
RN-01678,2026-08-24T00:36:56,simulated_help_call,0.3233,0.8519,0.2059,2887.2,-6.246,1,4.173,1.362,4.523,1.502,0,8.02,141.1,248.3,0,1,33.9,0,0,0,1,controlled_simulation
RN-00330,2026-08-10T06:16:14,normal_day_walk,0.0392,0.1732,0.0486,2069.2,-24.207,0,4.484,1.698,10.457,3.942,0,5.25,63.4,234.9,6,0,30.8,1,0,0,0,controlled_simulation
RN-00007,2026-08-30T11:48:34,normal_day_walk,0.0486,0.2316,0.101,1072.7,-15.828,0,2.36,1.028,5.6,2.593,0,5.72,5.3,106.0,11,0,48.4,0,0,0,0,controlled_simulation
RN-00746,2026-08-18T18:36:23,normal_commute,0.0532,0.1098,0.0717,1001.4,-19.853,0,2.048,0.897,7.76,2.092,0,22.23,23.4,66.3,18,0,25.4,0,0,0,0,controlled_simulation
RN-01554,2026-08-24T00:41:39,suspicious_night_deviation,0.1026,0.1178,0.0623,1859.5,-8.274,0,2.026,0.772,7.964,3.59,0,3.31,458.5,822.2,0,1,65.9,1,0,0,0,controlled_simulation
RN-00915,2026-08-19T07:17:27,normal_commute,0.0374,0.2167,0.1185,1386.8,-12.891,0,2.481,0.889,3.786,3.349,0,17.64,0.0,232.9,7,0,8.4,0,0,0,0,controlled_simulation
RN-00874,2026-08-13T18:02:02,normal_commute,0.0705,0.0841,0.0658,1937.0,-17.204,0,1.784,1.11,8.297,4.313,0,17.57,9.6,270.8,18,0,27.4,0,0,0,0,controlled_simulation
RN-00452,2026-08-29T01:40:12,normal_night_walk,0.0287,0.2122,0.0615,2368.7,-22.738,0,2.285,0.894,11.824,2.696,0,8.35,40.7,184.3,1,1,37.1,0,0,0,0,controlled_simulation
RN-00491,2026-08-11T01:01:09,normal_night_walk,0.0296,0.1391,0.0862,2000.1,-11.818,0,2.745,1.814,4.86,3.511,0,4.34,40.2,134.9,1,1,72.8,1,0,0,0,controlled_simulation
RN-01481,2026-08-28T21:37:32,suspicious_night_deviation,0.0431,0.1837,0.0821,1713.9,-19.349,0,2.254,0.749,4.778,1.817,0,2.57,384.1,803.6,21,0,53.9,0,0,0,0,controlled_simulation
RN-00288,2026-08-23T19:52:22,normal_day_walk,0.0486,0.2361,0.0926,2525.7,-26.533,0,3.334,1.551,6.91,3.561,0,3.38,0.0,97.1,19,0,38.7,1,0,0,0,controlled_simulation
RN-00949,2026-08-28T16:45:37,exercise_running,0.1067,0.3607,0.1138,2228.8,-12.877,0,6.16,2.457,15.178,11.857,0,7.96,8.0,279.3,16,0,1.0,1,0,0,0,controlled_simulation
RN-01986,2026-08-28T10:04:17,manual_sos_simulation,0.0681,0.1097,0.0824,2281.5,-22.105,0,3.742,0.56,8.585,2.878,0,4.22,286.4,305.1,10,0,72.9,0,1,1,1,controlled_simulation
RN-01369,2026-08-19T13:01:20,minor_route_deviation,0.0364,0.1536,0.0819,1657.0,-21.148,0,1.926,1.207,10.206,2.309,0,4.29,138.5,177.0,13,0,3.7,0,0,0,0,controlled_simulation
RN-01147,2026-08-10T18:58:01,social_shout_laughter,0.2009,0.4556,0.135,2862.7,-18.209,1,1.598,0.716,4.023,3.327,0,7.92,2.3,85.7,18,0,1.0,1,0,0,0,controlled_simulation
RN-00706,2026-08-04T19:13:03,normal_commute,0.0578,0.1383,0.0884,2142.4,-14.83,0,1.96,1.557,6.8,2.05,0,18.96,29.2,98.4,19,0,76.5,0,0,0,0,controlled_simulation
RN-01727,2026-08-26T21:46:48,simulated_help_call,0.3021,0.854,0.1065,2455.8,-4.654,1,5.528,1.328,7.604,5.21,0,5.29,272.3,730.2,21,0,107.8,0,0,0,1,controlled_simulation
RN-01702,2026-08-21T21:02:38,simulated_help_call,0.3445,0.7701,0.1972,3862.2,-16.348,1,4.658,0.865,5.995,3.567,0,4.62,412.8,509.2,21,0,97.4,1,0,1,1,controlled_simulation
RN-01629,2026-08-30T02:07:31,suspicious_night_deviation,0.0528,0.1439,0.1038,2120.7,-31.777,0,4.253,1.133,3.143,4.439,0,5.15,419.6,662.9,2,1,90.1,1,0,0,0,controlled_simulation
RN-01600,2026-08-28T21:34:49,suspicious_night_deviation,0.0518,0.3473,0.113,1445.2,-11.859,0,3.114,1.239,10.799,4.177,0,4.82,330.5,555.5,21,0,131.7,1,0,0,0,controlled_simulation
RN-01539,2026-08-14T03:42:04,suspicious_night_deviation,0.0395,0.0815,0.0485,1746.0,-5.864,0,1.898,1.343,9.032,4.498,0,4.46,383.7,429.9,3,1,98.2,1,0,0,0,controlled_simulation
RN-01406,2026-08-24T16:52:56,sudden_phone_drop,0.0764,0.1482,0.0885,2341.7,-12.479,0,9.7,5.441,25.74,17.144,1,5.14,14.4,87.1,16,0,1.7,0,0,0,0,controlled_simulation
RN-01651,2026-08-09T00:22:37,simulated_help_call,0.3382,0.99,0.1406,3318.6,-15.095,1,3.041,1.516,8.315,3.665,0,3.76,218.5,354.7,0,1,84.6,0,0,0,1,controlled_simulation
RN-00328,2026-08-21T18:24:45,normal_day_walk,0.0765,0.2419,0.0898,2304.9,-16.064,0,3.741,1.424,3.545,4.625,0,4.21,25.5,75.7,18,0,10.9,0,0,0,0,controlled_simulation
RN-00443,2026-08-02T20:04:37,normal_night_walk,0.0655,0.2193,0.0426,1798.4,-17.028,0,2.316,1.447,9.834,3.223,0,4.66,4.8,144.0,20,0,31.2,0,0,0,0,controlled_simulation
RN-00775,2026-08-02T18:03:18,normal_commute,0.0815,0.2322,0.1052,1274.6,-18.979,0,2.889,1.557,6.239,0.794,0,19.24,31.9,112.5,18,0,1.0,0,0,0,0,controlled_simulation
RN-01088,2026-08-02T13:50:35,exercise_running,0.0833,0.19,0.088,1153.7,-10.391,0,8.388,2.14,8.359,13.802,0,11.49,24.2,256.2,13,0,44.2,0,0,0,0,controlled_simulation
RN-01221,2026-08-22T20:47:49,social_shout_laughter,0.1812,0.8996,0.1339,2195.5,-15.028,1,2.452,1.09,6.642,3.902,0,5.48,9.0,253.2,20,0,37.8,1,0,0,0,controlled_simulation
RN-01636,2026-08-27T00:11:12,suspicious_night_deviation,0.0631,0.158,0.12,1770.7,-14.501,0,3.324,1.065,5.191,5.31,0,4.35,568.4,470.8,0,1,42.1,1,0,0,0,controlled_simulation
RN-00178,2026-08-30T14:26:55,normal_day_walk,0.0896,0.0635,0.0551,2072.0,-18.538,0,5.445,0.78,9.461,4.165,0,3.14,18.1,129.5,14,0,58.2,0,0,0,0,controlled_simulation
RN-01323,2026-08-25T18:04:32,minor_route_deviation,0.0583,0.1833,0.0438,1453.9,-15.91,0,2.205,0.421,5.495,3.991,0,5.62,83.8,190.3,18,0,30.6,0,0,0,0,controlled_simulation
RN-00705,2026-08-25T17:54:21,normal_commute,0.0644,0.3118,0.0801,1558.3,-15.062,0,3.113,1.122,7.477,4.853,0,13.1,34.6,280.5,17,0,38.5,2,0,0,0,controlled_simulation
RN-00087,2026-08-26T15:16:21,normal_day_walk,0.0616,0.2189,0.02,1707.2,-18.823,0,3.36,1.202,10.447,4.471,0,6.49,23.7,5.0,15,0,24.6,0,0,0,0,controlled_simulation
RN-01884,2026-08-10T03:07:31,simulated_distress_combined,0.3417,0.8643,0.2183,2876.9,-11.058,1,16.233,6.722,31.126,15.0,1,10.92,414.5,736.5,3,1,94.8,2,0,1,1,controlled_simulation
RN-01948,2026-08-26T21:45:56,manual_sos_simulation,0.0476,0.087,0.0839,700.0,-24.253,0,1.942,1.607,4.563,2.472,0,4.39,170.1,388.8,21,0,80.7,1,1,1,1,controlled_simulation
RN-00458,2026-08-01T02:08:15,normal_night_walk,0.0472,0.2563,0.0777,1294.0,-18.541,0,3.055,1.344,7.906,1.318,0,4.54,27.7,45.8,2,1,26.4,0,0,0,0,controlled_simulation
RN-01829,2026-08-18T21:38:52,simulated_fall,0.0652,0.5518,0.0699,2150.1,-23.688,0,19.278,4.908,25.35,31.887,1,5.15,221.9,110.1,21,0,107.8,0,0,1,1,controlled_simulation
RN-00055,2026-08-30T06:14:39,normal_day_walk,0.0425,0.2382,0.087,1396.4,-14.379,0,1.992,0.958,6.33,2.944,0,3.23,0.0,134.7,6,0,26.5,0,0,0,0,controlled_simulation
RN-01502,2026-08-11T04:36:21,suspicious_night_deviation,0.038,0.04,0.0901,1854.7,-17.32,0,3.378,1.413,7.242,3.658,0,2.49,304.3,643.7,4,1,65.1,3,0,0,0,controlled_simulation
RN-00644,2026-08-21T21:38:42,normal_night_walk,0.0932,0.1062,0.086,2748.6,-18.052,0,2.377,0.729,9.614,2.522,0,5.43,29.8,121.2,21,0,63.9,1,0,0,0,controlled_simulation
RN-00678,2026-08-17T20:25:02,normal_night_walk,0.0799,0.0921,0.0658,2785.1,-22.316,0,3.994,1.347,6.048,0.606,0,6.43,7.0,301.5,20,0,7.3,0,0,0,0,controlled_simulation
RN-00222,2026-08-07T10:08:50,normal_day_walk,0.0831,0.1669,0.1034,1699.3,-13.685,0,4.376,1.223,8.443,1.397,0,5.69,0.0,5.0,10,0,23.0,0,0,0,0,controlled_simulation
RN-00114,2026-08-11T09:38:34,normal_day_walk,0.0636,0.18,0.0868,1846.8,-17.149,0,3.236,1.436,3.594,0.631,0,4.45,12.3,148.3,9,0,1.0,0,0,0,0,controlled_simulation
RN-00983,2026-08-23T17:38:36,exercise_running,0.0708,0.2549,0.1464,1204.5,-15.26,0,6.28,2.282,15.111,7.425,0,8.69,30.3,260.8,17,0,10.3,0,0,0,0,controlled_simulation
RN-01229,2026-08-27T22:26:08,social_shout_laughter,0.1788,0.5185,0.2006,2428.8,-13.759,0,3.436,1.282,8.039,2.795,0,5.43,11.4,49.0,22,1,30.3,1,0,0,0,controlled_simulation
RN-01000,2026-08-06T10:19:53,exercise_running,0.0728,0.394,0.0494,2218.1,-15.203,0,9.568,2.549,11.388,9.142,0,11.51,4.1,156.8,10,0,45.0,0,0,0,0,controlled_simulation
RN-00175,2026-08-09T14:16:25,normal_day_walk,0.0368,0.2853,0.0824,1854.9,-18.282,0,2.605,1.275,9.632,3.462,0,9.74,25.8,98.3,14,0,33.4,0,0,0,0,controlled_simulation
RN-00782,2026-08-01T07:58:10,normal_commute,0.0721,0.1285,0.074,1306.1,-17.071,0,2.167,0.5,4.622,1.847,0,31.33,0.0,68.8,7,0,1.0,0,0,0,0,controlled_simulation
RN-00590,2026-08-16T20:16:34,normal_night_walk,0.0357,0.1492,0.1566,1244.4,-18.625,0,2.011,0.804,7.678,2.859,0,5.79,16.2,145.3,20,0,20.1,0,0,0,0,controlled_simulation
RN-01560,2026-08-15T02:28:25,suspicious_night_deviation,0.0735,0.1606,0.1003,2364.6,-20.692,0,4.335,0.704,6.793,3.125,0,2.22,218.2,659.4,2,1,96.2,1,0,0,0,controlled_simulation
RN-00019,2026-08-20T16:20:22,normal_day_walk,0.0815,0.04,0.0361,1997.6,-9.363,0,2.987,1.162,8.092,2.554,0,4.47,16.6,117.3,16,0,27.7,1,0,0,0,controlled_simulation
RN-00424,2026-08-18T04:15:42,normal_night_walk,0.0468,0.0954,0.0725,2472.0,-19.769,0,4.762,1.641,9.268,2.535,0,3.56,50.1,175.2,4,1,33.8,0,0,0,0,controlled_simulation
RN-01344,2026-08-25T08:06:28,minor_route_deviation,0.0662,0.1477,0.113,1636.1,-10.344,0,3.723,0.695,9.217,0.971,0,4.06,92.2,461.7,8,0,10.0,0,0,0,0,controlled_simulation
RN-00286,2026-08-27T09:06:24,normal_day_walk,0.0575,0.1227,0.1245,2580.6,-16.201,0,4.095,0.863,6.123,3.43,0,6.02,18.3,5.0,9,0,47.4,0,0,0,0,controlled_simulation
RN-01584,2026-08-02T03:58:25,suspicious_night_deviation,0.0521,0.1907,0.0493,1921.1,-8.934,0,2.922,0.94,5.42,4.169,0,4.28,481.1,560.0,3,1,62.5,1,0,0,0,controlled_simulation
RN-00429,2026-08-16T20:37:10,normal_night_walk,0.0779,0.2661,0.0803,1396.8,-9.757,0,4.899,1.094,4.915,2.496,0,6.14,55.6,227.8,20,0,1.0,0,0,0,0,controlled_simulation
RN-01510,2026-08-08T01:16:15,suspicious_night_deviation,0.0501,0.1792,0.0747,1684.7,-16.756,0,2.171,0.658,7.468,2.242,0,3.67,389.2,429.6,1,1,40.0,1,0,0,0,controlled_simulation
RN-01319,2026-08-09T16:18:54,minor_route_deviation,0.0859,0.1611,0.0587,2234.5,-23.652,0,4.274,1.192,11.154,1.981,0,2.82,135.2,420.3,16,0,16.3,0,0,0,0,controlled_simulation
RN-00670,2026-08-10T03:49:04,normal_night_walk,0.0591,0.1629,0.1138,2028.6,-31.211,0,2.487,0.618,9.765,3.958,0,2.17,29.0,143.0,3,1,48.5,0,0,0,0,controlled_simulation
RN-00032,2026-08-10T18:46:41,normal_day_walk,0.0795,0.2427,0.1405,2045.7,-20.798,0,2.552,0.574,2.5,2.348,0,1.7,13.3,5.0,18,0,1.0,0,0,0,0,controlled_simulation
RN-00941,2026-08-29T07:44:52,exercise_running,0.0926,0.2371,0.0436,1539.2,-13.704,0,6.403,1.628,12.065,9.622,0,11.51,0.0,155.9,7,0,18.3,1,0,0,0,controlled_simulation
RN-00723,2026-08-23T17:36:26,normal_commute,0.0779,0.1184,0.1264,1750.4,-16.323,0,3.39,0.894,5.654,4.577,0,18.34,56.1,260.6,17,0,1.0,0,0,0,0,controlled_simulation
RN-00995,2026-08-08T08:27:03,exercise_running,0.0927,0.3113,0.1239,1881.2,-15.739,0,5.795,2.562,12.735,8.888,0,10.48,10.8,141.8,8,0,5.9,0,0,0,0,controlled_simulation
RN-00215,2026-08-26T15:27:16,normal_day_walk,0.0575,0.266,0.1504,2018.9,-16.096,0,3.207,1.06,9.629,1.826,0,3.01,18.9,150.4,15,0,42.0,0,0,0,0,controlled_simulation
RN-00814,2026-08-13T13:28:08,normal_commute,0.08,0.2816,0.0518,1265.3,-18.541,0,3.087,1.236,9.049,1.621,0,9.39,27.7,279.7,13,0,41.1,0,0,0,0,controlled_simulation
RN-00327,2026-08-20T19:16:46,normal_day_walk,0.0464,0.1145,0.055,1672.7,-24.68,0,2.131,0.522,7.03,1.236,0,2.89,9.6,120.2,19,0,29.5,0,0,0,0,controlled_simulation
RN-00561,2026-08-05T20:15:01,normal_night_walk,0.0579,0.1769,0.085,1092.7,-26.177,0,2.269,1.368,7.494,2.177,0,2.57,5.2,215.0,20,0,50.4,0,0,0,0,controlled_simulation
RN-01113,2026-08-27T09:05:24,exercise_running,0.0718,0.3353,0.0547,1944.9,-5.652,0,6.761,1.286,10.868,9.011,0,10.47,0.0,75.2,9,0,17.2,0,0,0,0,controlled_simulation
RN-00701,2026-08-01T09:01:01,normal_commute,0.0497,0.1973,0.1304,2243.3,-10.294,0,2.92,1.262,6.747,4.977,0,8.76,0.0,121.8,9,0,43.6,0,0,0,0,controlled_simulation
RN-01579,2026-08-07T00:01:55,suspicious_night_deviation,0.053,0.3466,0.0446,2273.5,-22.357,0,2.37,1.319,5.191,1.881,0,4.72,572.1,435.0,0,1,95.3,1,0,0,0,controlled_simulation
RN-01190,2026-08-26T18:48:49,social_shout_laughter,0.1953,0.5576,0.2232,3363.8,-14.947,1,2.702,0.998,6.47,4.023,0,5.01,12.5,85.5,18,0,32.9,0,0,0,0,controlled_simulation
RN-00342,2026-08-07T18:35:19,normal_day_walk,0.0311,0.2309,0.0791,2433.2,-17.195,0,3.152,1.507,6.085,1.077,0,4.86,22.5,183.5,18,0,24.9,0,0,0,0,controlled_simulation
RN-00630,2026-08-24T02:42:21,normal_night_walk,0.0384,0.2443,0.1052,1527.7,-13.927,0,2.702,1.165,4.4,2.316,0,5.98,13.6,162.9,2,1,19.1,0,0,0,0,controlled_simulation
RN-00148,2026-08-31T09:32:55,normal_day_walk,0.0667,0.2235,0.0838,1995.8,-11.954,0,3.166,1.169,5.13,0.4,0,4.68,8.3,275.2,9,0,38.5,0,0,0,0,controlled_simulation
RN-01310,2026-08-23T15:46:16,minor_route_deviation,0.0508,0.1913,0.0832,2456.7,-25.493,0,2.174,1.223,7.912,6.313,0,5.9,175.9,274.9,15,0,28.5,1,0,0,0,controlled_simulation
RN-00361,2026-08-15T07:57:05,normal_day_walk,0.0668,0.2165,0.0768,2024.7,-16.377,0,3.982,0.463,4.498,2.117,0,7.04,28.7,241.9,7,0,35.5,0,0,0,0,controlled_simulation
RN-00084,2026-08-20T19:34:39,normal_day_walk,0.0528,0.2319,0.0903,2686.8,-15.657,0,1.51,0.724,9.253,3.324,0,5.41,31.5,166.4,19,0,1.0,0,0,0,0,controlled_simulation
RN-00049,2026-08-03T19:03:10,normal_day_walk,0.032,0.2977,0.0803,1941.3,-23.467,0,4.756,1.576,8.01,4.621,0,5.61,0.0,147.5,19,0,15.0,0,0,0,0,controlled_simulation
RN-00469,2026-08-27T02:57:27,normal_night_walk,0.0679,0.1119,0.083,1660.9,-18.224,0,2.133,1.792,5.586,4.375,0,6.2,2.5,178.6,2,1,16.8,2,0,0,0,controlled_simulation
RN-00156,2026-08-28T06:00:26,normal_day_walk,0.0687,0.1604,0.0775,1798.6,-17.464,0,4.835,0.792,7.935,2.957,0,3.37,18.5,5.0,6,0,28.8,1,0,0,0,controlled_simulation
RN-00773,2026-08-04T17:51:17,normal_commute,0.0548,0.1433,0.0482,2377.1,-18.045,0,3.296,1.334,6.811,4.082,0,17.71,12.5,76.1,17,0,48.9,0,0,0,0,controlled_simulation
RN-01240,2026-08-08T22:33:49,social_shout_laughter,0.2622,0.4136,0.1818,2844.4,-16.507,1,2.872,1.103,7.524,2.332,0,6.12,0.0,130.8,22,1,27.2,0,0,0,0,controlled_simulation
RN-01201,2026-08-24T19:27:36,social_shout_laughter,0.1845,0.4111,0.1634,2636.3,-19.616,1,3.17,1.087,7.864,2.287,0,4.45,44.7,43.7,19,0,47.2,0,0,0,0,controlled_simulation
RN-01403,2026-08-18T06:34:11,sudden_phone_drop,0.0591,0.108,0.0762,2935.2,-13.756,0,13.248,4.444,26.38,9.975,1,5.06,10.2,166.9,6,0,26.1,0,0,0,0,controlled_simulation
RN-01203,2026-08-20T16:52:56,social_shout_laughter,0.2014,0.5569,0.1361,2341.1,-12.675,1,3.191,1.132,6.021,3.258,0,4.11,26.7,243.3,16,0,8.8,0,0,0,0,controlled_simulation
RN-01631,2026-08-03T01:18:58,suspicious_night_deviation,0.067,0.1123,0.1,1700.3,-18.141,0,2.711,0.897,4.213,3.915,0,2.21,433.8,559.1,1,1,97.2,1,0,0,0,controlled_simulation
RN-00501,2026-08-18T22:25:35,normal_night_walk,0.0427,0.1688,0.0905,2095.5,-18.626,0,3.024,1.743,7.964,1.064,0,4.41,3.8,355.8,22,1,2.7,0,0,0,0,controlled_simulation
RN-01765,2026-08-17T14:38:47,simulated_fall,0.087,0.3009,0.0753,2320.8,-20.627,0,19.721,6.114,31.498,26.882,1,0.0,174.5,297.8,14,0,58.8,1,0,1,1,controlled_simulation
RN-00180,2026-08-22T10:43:52,normal_day_walk,0.039,0.0772,0.0486,2079.6,-10.353,0,3.77,0.826,13.619,1.697,0,7.84,17.1,151.4,10,0,18.9,0,0,0,0,controlled_simulation
RN-01048,2026-08-28T11:08:47,exercise_running,0.0791,0.2611,0.1069,1878.5,-10.525,0,9.331,3.383,14.142,9.831,0,7.17,27.6,99.4,11,0,20.8,0,0,0,0,controlled_simulation
RN-01756,2026-08-28T20:27:22,simulated_fall,0.1293,0.2742,0.0858,1676.6,-20.594,0,18.954,5.607,26.079,20.042,1,6.12,193.4,98.3,20,0,72.6,0,0,0,1,controlled_simulation
RN-00951,2026-08-28T22:56:08,exercise_running,0.0963,0.2561,0.0805,1328.1,-16.676,0,5.12,2.897,18.424,12.274,0,9.84,0.4,52.5,22,1,58.5,0,0,0,0,controlled_simulation
RN-01317,2026-08-05T12:52:28,minor_route_deviation,0.045,0.1152,0.1025,1938.6,-17.286,0,2.518,1.043,9.326,1.968,0,3.39,176.2,342.8,12,0,32.9,1,0,0,0,controlled_simulation
RN-01620,2026-08-02T01:56:39,suspicious_night_deviation,0.0314,0.2101,0.065,1422.8,-20.173,0,1.236,1.316,7.15,3.479,0,2.91,489.2,568.6,1,1,130.9,3,0,0,0,controlled_simulation
RN-00529,2026-08-24T23:24:47,normal_night_walk,0.0469,0.2368,0.0459,1225.2,-24.069,0,3.777,1.508,6.838,4.443,0,6.07,22.1,300.2,23,1,22.1,0,0,0,0,controlled_simulation
RN-00347,2026-08-28T22:02:12,normal_day_walk,0.0665,0.1236,0.0854,1747.5,-18.187,0,3.964,1.044,4.68,3.546,0,7.57,29.4,51.1,22,1,37.2,0,0,0,0,controlled_simulation
RN-01388,2026-08-20T06:56:06,minor_route_deviation,0.0586,0.2503,0.0763,2337.8,-22.493,0,3.743,1.171,8.121,1.653,0,5.73,97.8,153.2,6,0,42.5,0,0,0,0,controlled_simulation
RN-01961,2026-08-30T01:21:06,manual_sos_simulation,0.0409,0.091,0.0943,1862.8,-21.099,0,2.501,0.887,9.029,3.456,0,4.92,156.8,414.8,1,1,94.7,0,1,1,1,controlled_simulation
RN-01051,2026-08-07T15:35:00,exercise_running,0.0647,0.358,0.063,1549.5,-14.219,0,5.87,2.89,9.572,12.524,0,10.1,8.1,123.5,15,0,37.5,0,0,0,0,controlled_simulation
RN-01973,2026-08-15T11:52:53,manual_sos_simulation,0.0844,0.1587,0.0411,1420.9,-16.958,0,3.085,0.627,8.746,2.111,0,4.97,60.4,142.1,11,0,69.0,0,1,1,1,controlled_simulation
RN-01442,2026-08-01T18:39:31,sudden_phone_drop,0.024,0.2123,0.0636,1628.6,-22.005,0,17.148,3.817,26.69,14.619,1,5.77,31.9,223.4,18,0,21.2,0,0,0,0,controlled_simulation
RN-00602,2026-08-28T23:31:07,normal_night_walk,0.0827,0.2153,0.034,1510.2,-15.399,0,5.127,0.975,4.235,4.264,0,3.73,19.1,61.9,23,1,47.5,0,0,0,0,controlled_simulation
RN-01282,2026-08-02T07:26:12,minor_route_deviation,0.0181,0.2637,0.0888,2384.1,-19.807,0,1.512,1.055,6.852,3.99,0,7.04,109.1,295.4,7,0,25.6,0,0,0,0,controlled_simulation
RN-00244,2026-08-16T13:22:05,normal_day_walk,0.0603,0.1458,0.0814,1408.5,-20.068,0,4.466,1.213,9.972,2.093,0,4.27,2.3,168.8,13,0,1.6,0,0,0,0,controlled_simulation
RN-01337,2026-08-26T14:28:51,minor_route_deviation,0.0469,0.1379,0.0572,2087.5,-15.381,0,4.851,1.034,6.404,0.491,0,8.29,100.7,184.5,14,0,9.5,0,0,0,0,controlled_simulation
RN-01068,2026-08-09T21:59:13,exercise_running,0.0421,0.3029,0.0898,1535.8,-14.318,0,5.944,1.56,14.34,8.14,0,12.69,18.8,61.6,21,0,4.8,0,0,0,0,controlled_simulation
RN-01476,2026-08-28T10:07:55,sudden_phone_drop,0.0829,0.17,0.102,1964.5,-13.075,0,16.663,3.3,26.565,16.588,1,2.97,7.8,28.3,10,0,2.7,0,0,0,0,controlled_simulation
RN-00313,2026-08-12T13:49:17,normal_day_walk,0.0651,0.2589,0.1275,1202.6,-15.903,0,2.559,1.305,7.892,0.946,0,0.2,11.8,84.2,13,0,27.7,0,0,0,0,controlled_simulation
RN-00436,2026-08-29T20:39:11,normal_night_walk,0.0904,0.0692,0.0528,2031.6,-23.562,0,4.649,0.904,6.606,1.534,0,7.6,12.1,58.7,20,0,34.6,0,0,0,0,controlled_simulation
RN-01899,2026-08-27T04:44:14,simulated_distress_combined,0.3227,0.8368,0.1923,3397.1,-12.755,1,20.275,4.333,28.842,27.802,1,9.75,564.4,449.4,4,1,53.2,2,0,1,1,controlled_simulation
RN-01329,2026-08-01T15:24:15,minor_route_deviation,0.0623,0.164,0.1303,2024.0,-14.994,0,5.62,0.776,9.047,3.292,0,4.2,152.8,133.6,15,0,44.1,0,0,0,0,controlled_simulation
RN-00309,2026-08-01T14:33:23,normal_day_walk,0.0354,0.2638,0.1043,1698.1,-13.86,0,3.292,0.495,7.397,3.337,0,4.83,7.1,185.0,14,0,31.4,0,0,0,0,controlled_simulation
RN-00431,2026-08-08T21:47:23,normal_night_walk,0.0527,0.1079,0.0455,2273.6,-18.462,0,3.167,1.448,5.398,2.551,0,6.43,9.2,189.2,21,0,27.9,1,0,0,0,controlled_simulation
RN-00661,2026-08-31T22:34:45,normal_night_walk,0.0413,0.064,0.1216,1229.6,-19.413,0,1.817,0.954,4.863,2.583,0,5.71,54.0,220.8,22,1,33.4,0,0,0,0,controlled_simulation
RN-00371,2026-08-14T20:21:02,normal_day_walk,0.0574,0.3003,0.1142,2581.0,-16.983,0,2.984,1.118,5.769,3.86,0,5.82,18.7,110.5,20,0,22.1,0,0,0,0,controlled_simulation
RN-00567,2026-08-05T05:42:56,normal_night_walk,0.1012,0.1126,0.0666,2144.3,-24.646,0,2.549,1.094,5.806,4.061,0,2.23,0.0,157.1,5,0,27.4,0,0,0,0,controlled_simulation
RN-00980,2026-08-16T09:21:15,exercise_running,0.0721,0.206,0.0652,1191.1,-25.189,0,7.248,2.183,11.753,5.916,0,11.26,26.6,109.1,9,0,46.0,0,0,0,0,controlled_simulation
RN-00182,2026-08-25T07:50:17,normal_day_walk,0.0626,0.1734,0.082,1461.7,-13.957,0,2.603,0.868,5.079,4.175,0,5.25,12.4,110.1,7,0,10.3,0,0,0,0,controlled_simulation
RN-01363,2026-08-08T11:26:16,minor_route_deviation,0.0401,0.2266,0.0838,1292.9,-24.601,0,4.123,0.421,6.706,1.544,0,5.41,180.6,231.8,11,0,21.1,1,0,0,0,controlled_simulation
RN-00622,2026-08-07T00:52:01,normal_night_walk,0.0604,0.1425,0.0388,1077.0,-19.632,0,3.32,1.355,9.887,2.841,0,4.33,48.9,239.7,0,1,43.5,0,0,0,0,controlled_simulation
RN-00819,2026-08-31T19:20:51,normal_commute,0.0689,0.1555,0.0438,2091.6,-19.113,0,1.854,0.736,8.584,0.894,0,13.83,16.1,38.5,19,0,28.3,0,0,0,0,controlled_simulation
RN-01193,2026-08-28T06:40:36,social_shout_laughter,0.1951,0.7632,0.1341,3382.0,-19.795,1,4.264,1.125,5.534,2.94,0,2.39,6.3,67.7,6,0,35.3,0,0,0,0,controlled_simulation
RN-00953,2026-08-27T14:00:58,exercise_running,0.0855,0.2361,0.1521,723.1,-16.834,0,6.181,2.088,13.229,7.446,0,11.6,23.6,175.1,14,0,58.4,2,0,0,0,controlled_simulation
RN-01422,2026-08-08T16:30:19,sudden_phone_drop,0.0538,0.2188,0.0673,2222.4,-19.26,0,15.937,4.634,24.006,17.43,1,3.63,9.2,200.6,16,0,48.7,0,0,0,0,controlled_simulation
RN-01841,2026-08-14T03:32:10,simulated_distress_combined,0.3114,0.8499,0.2642,3421.6,-10.459,1,14.576,5.763,30.27,24.237,1,10.83,530.4,347.2,3,1,115.5,1,0,1,1,controlled_simulation
RN-00923,2026-08-06T18:22:05,normal_commute,0.0549,0.04,0.1225,1677.2,-21.581,0,3.024,1.482,9.294,2.896,0,15.19,4.8,258.1,18,0,20.1,1,0,0,0,controlled_simulation
RN-01074,2026-08-30T06:43:05,exercise_running,0.1522,0.2906,0.0564,2651.3,-12.261,0,7.143,3.533,15.5,8.524,0,10.5,0.0,159.3,6,0,49.8,0,0,0,0,controlled_simulation
RN-00297,2026-08-26T17:44:46,normal_day_walk,0.0541,0.155,0.0881,1703.0,-18.78,0,3.422,1.495,6.857,1.731,0,5.52,20.2,5.0,17,0,8.7,0,0,0,0,controlled_simulation
RN-00967,2026-08-06T15:25:57,exercise_running,0.0894,0.1538,0.0913,1981.3,-20.361,0,6.848,2.105,15.779,8.206,0,10.34,30.2,5.0,15,0,30.1,1,0,0,0,controlled_simulation
RN-00462,2026-08-17T00:12:45,normal_night_walk,0.0815,0.1397,0.1062,1490.4,-17.399,0,2.621,1.082,8.202,2.815,0,6.37,16.0,264.0,0,1,31.1,1,0,0,0,controlled_simulation
RN-01303,2026-08-31T22:07:00,minor_route_deviation,0.054,0.1523,0.0694,2286.3,-20.163,0,2.31,0.526,3.564,3.887,0,5.57,146.0,236.2,22,1,9.6,0,0,0,0,controlled_simulation
RN-01177,2026-08-12T18:10:55,social_shout_laughter,0.2288,0.8027,0.1597,1551.4,-26.302,1,3.709,0.894,6.956,1.706,0,6.6,30.1,123.8,18,0,54.9,1,0,0,0,controlled_simulation
RN-00378,2026-08-04T09:39:58,normal_day_walk,0.0374,0.2518,0.0373,1784.0,-14.932,0,1.84,1.473,7.17,2.885,0,6.27,28.7,144.2,9,0,9.4,0,0,0,0,controlled_simulation
RN-00799,2026-08-08T18:02:50,normal_commute,0.0884,0.1865,0.1207,1377.9,-11.086,0,4.117,1.24,6.734,0.69,0,21.22,7.4,138.9,18,0,45.1,2,0,0,0,controlled_simulation
RN-01103,2026-08-23T15:00:56,exercise_running,0.1094,0.1308,0.0788,2088.6,-21.683,0,8.971,1.753,14.603,9.168,0,8.88,12.2,109.8,15,0,41.1,0,0,0,0,controlled_simulation
RN-00106,2026-08-10T19:45:01,normal_day_walk,0.0419,0.1604,0.064,2138.1,-20.692,0,1.849,0.741,6.424,4.474,0,4.59,0.0,229.0,19,0,31.6,1,0,0,0,controlled_simulation
RN-00127,2026-08-11T14:52:30,normal_day_walk,0.0836,0.1912,0.0804,1494.5,-17.35,0,3.175,0.869,8.664,3.572,0,2.72,42.9,199.3,14,0,24.8,1,0,0,0,controlled_simulation
RN-01996,2026-08-29T18:23:26,manual_sos_simulation,0.0467,0.239,0.0768,1852.0,-18.649,0,4.148,1.131,10.172,2.717,0,5.64,164.2,200.9,18,0,57.8,0,1,1,1,controlled_simulation
RN-00839,2026-08-28T18:32:08,normal_commute,0.0376,0.1925,0.0756,1782.4,-15.623,0,4.521,1.079,5.073,3.471,0,22.15,25.6,56.5,18,0,27.5,1,0,0,0,controlled_simulation
RN-00356,2026-08-20T07:20:45,normal_day_walk,0.0602,0.2501,0.0931,1600.1,-16.069,0,3.114,1.211,7.128,2.224,0,5.3,23.3,162.0,7,0,20.2,1,0,0,0,controlled_simulation
RN-01617,2026-08-06T21:28:00,suspicious_night_deviation,0.0815,0.068,0.0559,1106.3,-16.056,0,3.583,0.849,6.628,2.42,0,5.79,412.1,471.9,21,0,96.3,0,0,0,0,controlled_simulation
RN-00683,2026-08-29T17:02:57,normal_commute,0.0568,0.1034,0.113,2397.5,-15.215,0,2.453,1.621,11.15,4.211,0,19.97,34.7,59.7,17,0,58.9,0,0,0,0,controlled_simulation
RN-00813,2026-08-07T09:24:54,normal_commute,0.0452,0.1195,0.0928,1985.1,-21.121,0,4.446,1.227,10.321,2.928,0,17.14,3.7,280.6,9,0,39.4,0,0,0,0,controlled_simulation
RN-01681,2026-08-31T22:02:35,simulated_help_call,0.2568,0.8851,0.2076,3083.6,-10.844,1,2.164,0.2,10.993,3.672,0,4.45,461.2,455.1,22,1,49.3,0,0,1,1,controlled_simulation
RN-00210,2026-08-21T19:20:09,normal_day_walk,0.0356,0.066,0.0433,1745.4,-16.717,0,2.887,1.367,10.875,3.939,0,5.1,14.1,117.8,19,0,33.8,0,0,0,0,controlled_simulation
RN-01493,2026-08-08T03:27:01,suspicious_night_deviation,0.0494,0.174,0.12,1711.7,-17.801,0,4.242,1.277,6.358,2.821,0,3.87,499.7,554.4,3,1,66.4,2,0,0,0,controlled_simulation
RN-00141,2026-08-22T17:37:02,normal_day_walk,0.0388,0.1587,0.0923,1570.8,-25.911,0,4.306,0.818,4.713,4.131,0,3.34,3.4,136.5,17,0,23.4,0,0,0,0,controlled_simulation
RN-01975,2026-08-29T14:15:57,manual_sos_simulation,0.0233,0.2127,0.0646,1697.3,-14.934,0,4.377,0.669,7.53,3.527,0,6.3,263.0,366.9,14,0,30.4,2,1,1,1,controlled_simulation
RN-01340,2026-08-13T14:17:56,minor_route_deviation,0.0655,0.3277,0.1388,1470.6,-22.844,0,3.335,1.202,8.259,3.238,0,4.63,115.3,441.5,14,0,1.0,1,0,0,0,controlled_simulation
RN-01798,2026-08-25T20:04:02,simulated_fall,0.1566,0.1952,0.0629,1948.4,-11.597,0,18.045,4.653,22.795,25.292,1,6.07,136.0,100.2,20,0,49.9,0,0,0,1,controlled_simulation
RN-01575,2026-08-10T04:33:07,suspicious_night_deviation,0.0333,0.2424,0.0425,1386.3,-13.257,0,3.699,1.443,6.91,2.77,0,6.65,464.1,536.7,4,1,52.5,2,0,0,0,controlled_simulation
RN-01182,2026-08-14T09:45:50,social_shout_laughter,0.1617,0.7087,0.1715,3379.9,-17.817,1,2.497,1.253,10.422,4.07,0,4.08,36.9,254.8,9,0,1.0,0,0,0,0,controlled_simulation
RN-01394,2026-08-16T12:17:13,minor_route_deviation,0.0638,0.0766,0.1067,1382.1,-18.547,0,4.173,1.124,6.939,5.558,0,6.88,240.0,467.7,12,0,15.8,0,0,0,0,controlled_simulation
RN-01816,2026-08-16T11:10:31,simulated_fall,0.0687,0.2617,0.0645,1362.2,-16.327,0,12.29,4.125,27.442,26.851,1,12.0,204.2,5.0,11,0,79.5,0,0,0,1,controlled_simulation
RN-00712,2026-08-29T09:30:14,normal_commute,0.0936,0.132,0.1369,2483.1,-17.06,0,1.261,0.896,8.411,3.941,0,27.74,18.4,90.0,9,0,14.7,0,0,0,0,controlled_simulation
RN-01794,2026-08-18T17:41:31,simulated_fall,0.1538,0.3093,0.0917,1159.2,-18.117,0,18.278,6.196,29.63,29.868,1,8.92,164.3,208.0,17,0,54.3,2,0,0,1,controlled_simulation
RN-00893,2026-08-11T19:59:20,normal_commute,0.0715,0.2242,0.0708,955.1,-11.126,0,4.961,0.911,7.19,2.743,0,11.84,28.1,230.4,19,0,43.3,0,0,0,0,controlled_simulation
RN-00860,2026-08-20T08:10:21,normal_commute,0.0727,0.2479,0.0742,2063.1,-11.796,0,5.191,0.833,10.695,4.91,0,17.18,13.7,79.6,8,0,11.5,0,0,0,0,controlled_simulation
RN-00011,2026-08-18T08:09:53,normal_day_walk,0.0718,0.2069,0.0686,1298.5,-24.39,0,3.059,1.086,6.19,3.535,0,8.83,6.5,215.5,8,0,8.7,0,0,0,0,controlled_simulation
RN-01695,2026-08-29T03:27:11,simulated_help_call,0.2886,0.7466,0.1662,3346.1,-8.53,1,2.223,1.345,9.763,2.41,0,7.13,267.7,183.0,3,1,104.3,2,0,1,1,controlled_simulation
RN-01428,2026-08-09T06:11:55,sudden_phone_drop,0.0662,0.1639,0.0732,2821.2,-22.502,0,16.313,4.0,17.0,19.236,1,4.37,25.9,127.3,6,0,34.9,0,0,0,0,controlled_simulation
RN-00283,2026-08-20T13:48:19,normal_day_walk,0.0282,0.256,0.0987,1396.4,-22.585,0,2.023,1.379,6.098,4.922,0,4.14,0.0,161.6,13,0,16.0,0,0,0,0,controlled_simulation
RN-00811,2026-08-15T07:26:32,normal_commute,0.0496,0.0799,0.1018,2269.2,-19.506,0,3.386,1.483,8.209,0.4,0,23.93,36.3,266.0,7,0,35.4,0,0,0,0,controlled_simulation
RN-01342,2026-08-23T06:22:03,minor_route_deviation,0.0809,0.0769,0.0728,1895.7,-14.679,0,2.669,0.723,7.082,4.496,0,5.88,114.9,292.1,6,0,15.4,0,0,0,0,controlled_simulation
RN-00292,2026-08-17T09:32:42,normal_day_walk,0.0547,0.177,0.0741,1424.9,-13.041,0,2.448,1.079,5.97,3.204,0,3.91,39.3,84.8,9,0,40.9,1,0,0,0,controlled_simulation
RN-00755,2026-08-02T07:07:03,normal_commute,0.0435,0.1765,0.1296,1554.6,-8.483,0,2.516,0.732,3.244,1.141,0,20.42,24.1,204.9,7,0,17.0,1,0,0,0,controlled_simulation
RN-00627,2026-08-30T01:41:23,normal_night_walk,0.0435,0.1605,0.1117,2217.4,-20.731,0,3.801,1.354,7.872,4.311,0,8.8,29.4,229.9,1,1,20.4,1,0,0,0,controlled_simulation
RN-00944,2026-08-28T12:45:55,exercise_running,0.1016,0.3427,0.0591,1551.8,-23.953,0,6.973,3.363,13.544,7.882,0,10.19,8.0,7.8,12,0,1.0,0,0,0,0,controlled_simulation
RN-00862,2026-08-03T07:16:05,normal_commute,0.0313,0.1582,0.0667,1844.9,-24.4,0,4.516,0.845,6.307,2.26,0,17.13,69.6,89.2,7,0,1.0,0,0,0,0,controlled_simulation
RN-00130,2026-08-19T09:56:06,normal_day_walk,0.0599,0.2066,0.0933,1761.8,-19.711,0,2.922,1.039,9.429,2.961,0,3.92,2.7,9.8,9,0,56.0,1,0,0,0,controlled_simulation
RN-01176,2026-08-15T06:38:32,social_shout_laughter,0.2231,0.95,0.1933,3138.4,-19.242,1,3.501,2.072,7.005,4.318,0,4.75,39.1,201.7,6,0,28.3,0,0,0,0,controlled_simulation
RN-00324,2026-08-28T17:46:06,normal_day_walk,0.0794,0.2263,0.0271,1826.0,-25.401,0,2.412,0.873,8.49,2.251,0,2.65,40.8,132.5,17,0,25.8,1,0,0,0,controlled_simulation
RN-01091,2026-08-22T19:37:38,exercise_running,0.0492,0.4398,0.0574,2210.2,-19.248,0,8.285,1.558,11.851,9.906,0,10.11,0.0,168.6,19,0,21.7,0,0,0,0,controlled_simulation
RN-00844,2026-08-19T17:46:14,normal_commute,0.0831,0.0776,0.1043,1657.3,-22.824,0,4.694,1.212,3.353,4.91,0,32.49,8.4,189.1,17,0,15.2,0,0,0,0,controlled_simulation
RN-00964,2026-08-30T22:45:31,exercise_running,0.0418,0.3914,0.0212,1805.5,-15.648,0,5.267,2.052,15.442,7.868,0,12.63,18.9,260.6,22,1,2.1,0,0,0,0,controlled_simulation
RN-01865,2026-08-15T00:26:56,simulated_distress_combined,0.2,0.9083,0.2188,2736.6,-12.132,1,19.345,4.39,29.604,24.923,1,9.72,428.1,569.5,0,1,125.6,2,0,1,1,controlled_simulation
RN-00866,2026-08-20T19:09:47,normal_commute,0.0508,0.0772,0.0804,2269.4,-23.755,0,4.504,1.21,5.402,1.78,0,17.45,8.3,151.4,19,0,16.7,0,0,0,0,controlled_simulation
RN-00922,2026-08-05T08:48:36,normal_commute,0.0387,0.2034,0.0529,1548.6,-18.866,0,2.817,0.598,12.59,2.956,0,25.81,23.6,127.9,8,0,11.1,2,0,0,0,controlled_simulation
RN-00696,2026-08-11T07:40:57,normal_commute,0.0398,0.1004,0.1133,1109.2,-14.761,0,3.676,1.053,7.61,4.53,0,15.23,30.9,85.0,7,0,14.6,0,0,0,0,controlled_simulation
RN-00216,2026-08-22T16:59:25,normal_day_walk,0.032,0.2168,0.1296,1870.9,-17.68,0,2.614,1.135,6.932,5.31,0,2.11,37.6,109.3,16,0,26.9,1,0,0,0,controlled_simulation
RN-01781,2026-08-10T14:07:48,simulated_fall,0.1162,0.4653,0.1308,2165.9,-20.086,0,21.351,5.245,27.701,19.97,1,6.76,130.9,185.3,14,0,67.4,0,0,0,1,controlled_simulation
RN-01262,2026-08-09T17:11:35,minor_route_deviation,0.016,0.1521,0.0549,1861.4,-13.548,0,4.158,1.047,7.308,3.334,0,7.4,143.8,357.6,17,0,10.8,0,0,0,0,controlled_simulation
RN-00159,2026-08-20T08:38:53,normal_day_walk,0.0891,0.2278,0.1087,2094.0,-16.777,0,3.137,0.97,9.665,2.35,0,4.61,43.0,120.8,8,0,1.0,0,0,0,0,controlled_simulation
RN-01059,2026-08-01T21:49:48,exercise_running,0.0993,0.3994,0.0981,1562.1,-22.517,0,6.359,2.147,12.475,5.737,0,9.7,7.0,161.6,21,0,24.2,0,0,0,0,controlled_simulation
RN-00989,2026-08-31T14:12:13,exercise_running,0.059,0.3135,0.1256,3108.7,-15.625,0,7.109,3.078,12.532,10.295,0,8.0,26.0,25.3,14,0,31.7,0,0,0,0,controlled_simulation
RN-00842,2026-08-17T08:28:35,normal_commute,0.0574,0.1328,0.0458,1907.2,-21.804,0,3.129,1.734,7.309,1.742,0,8.28,37.4,152.1,8,0,13.4,0,0,0,0,controlled_simulation
RN-00635,2026-08-30T03:39:55,normal_night_walk,0.0562,0.0627,0.1008,2478.7,-15.328,0,1.111,1.391,6.751,2.686,0,5.52,50.9,230.3,3,1,13.7,0,0,0,0,controlled_simulation
RN-00517,2026-08-06T05:01:05,normal_night_walk,0.0458,0.2008,0.1311,1270.7,-17.851,0,4.552,1.172,4.234,3.244,0,2.9,18.6,189.6,5,0,32.3,0,0,0,0,controlled_simulation
RN-01429,2026-08-12T12:23:39,sudden_phone_drop,0.0516,0.0401,0.0993,2081.3,-12.542,0,12.339,2.661,22.33,22.109,1,5.42,22.6,61.9,12,0,37.7,0,0,0,0,controlled_simulation
RN-01748,2026-08-17T02:37:02,simulated_help_call,0.1697,0.87,0.2618,3057.5,-9.926,1,2.651,1.08,5.905,0.43,0,5.03,100.0,563.3,2,1,106.0,0,0,1,1,controlled_simulation
RN-00598,2026-08-01T03:01:33,normal_night_walk,0.0504,0.1562,0.0265,1783.3,-21.79,0,4.133,1.541,9.668,2.798,0,6.93,11.9,177.9,3,1,34.4,0,0,0,0,controlled_simulation
RN-00196,2026-08-02T06:33:09,normal_day_walk,0.0685,0.1333,0.0846,2159.4,-15.269,0,3.062,0.812,5.003,3.4,0,7.19,40.6,210.2,6,0,30.2,0,0,0,0,controlled_simulation
RN-01784,2026-08-12T15:07:17,simulated_fall,0.0793,0.4034,0.0968,1768.4,-14.824,0,12.59,6.576,29.067,16.997,1,4.96,263.0,5.0,15,0,84.3,0,0,1,1,controlled_simulation
RN-00870,2026-08-09T17:58:53,normal_commute,0.0287,0.1249,0.0644,2075.8,-24.791,0,2.795,0.958,7.048,1.022,0,19.76,10.9,128.5,17,0,1.4,0,0,0,0,controlled_simulation
RN-00411,2026-08-15T11:31:37,normal_day_walk,0.0667,0.2276,0.1222,700.0,-22.785,0,4.149,0.948,7.421,2.963,0,2.95,14.7,111.4,11,0,1.0,0,0,0,0,controlled_simulation
RN-00097,2026-08-13T14:49:36,normal_day_walk,0.0377,0.2324,0.101,1956.6,-18.525,0,1.681,0.774,10.533,2.687,0,5.56,31.7,35.2,14,0,61.2,0,0,0,0,controlled_simulation
RN-01001,2026-08-12T19:31:43,exercise_running,0.1174,0.4032,0.0821,1664.8,-20.253,0,7.848,2.353,16.558,10.493,0,11.15,17.2,47.8,19,0,21.0,0,0,0,0,controlled_simulation
RN-01506,2026-08-27T03:28:32,suspicious_night_deviation,0.0728,0.1425,0.1203,1598.4,-23.163,0,4.906,1.595,6.06,4.643,0,5.2,465.7,364.3,3,1,70.8,0,0,0,0,controlled_simulation
RN-00157,2026-08-08T20:14:15,normal_day_walk,0.0688,0.1267,0.0663,2404.3,-15.235,0,4.182,1.874,7.256,0.4,0,5.41,18.0,213.4,20,0,12.4,0,0,0,0,controlled_simulation
RN-00420,2026-08-31T11:27:31,normal_day_walk,0.024,0.2374,0.091,1295.6,-14.882,0,2.222,1.623,11.141,2.702,0,2.27,0.0,104.1,11,0,20.2,1,0,0,0,controlled_simulation
RN-01803,2026-08-28T20:44:43,simulated_fall,0.1021,0.3883,0.0426,1084.5,-21.171,0,18.377,5.442,29.445,24.671,1,3.4,300.6,163.5,20,0,50.6,0,0,0,1,controlled_simulation
RN-00478,2026-08-02T20:22:21,normal_night_walk,0.0184,0.1791,0.0665,978.7,-17.333,0,3.48,1.001,8.551,3.268,0,2.66,13.3,227.9,20,0,28.4,0,0,0,0,controlled_simulation
RN-01856,2026-08-21T02:43:43,simulated_distress_combined,0.352,0.9044,0.2326,3703.5,-3.02,1,17.453,7.015,33.194,31.785,1,11.53,352.1,469.2,2,1,85.8,3,0,1,1,controlled_simulation
RN-00669,2026-08-22T04:12:18,normal_night_walk,0.0693,0.2032,0.0555,1771.2,-23.587,0,4.402,1.01,6.718,2.845,0,3.99,37.4,234.4,4,1,55.5,1,0,0,0,controlled_simulation
RN-01418,2026-08-06T09:39:57,sudden_phone_drop,0.0641,0.2705,0.0574,1501.6,-32.505,0,12.973,5.288,24.264,15.966,1,5.72,31.7,59.4,9,0,26.5,0,0,0,0,controlled_simulation
RN-01872,2026-08-02T23:50:59,simulated_distress_combined,0.3448,0.9335,0.1565,3092.2,-13.869,1,20.996,7.956,34.689,24.268,1,9.05,550.3,415.4,23,1,132.9,2,0,1,1,controlled_simulation
RN-01300,2026-08-07T14:43:49,minor_route_deviation,0.033,0.04,0.0613,1410.1,-11.052,0,3.235,1.065,6.964,2.543,0,5.44,90.1,219.6,14,0,31.7,0,0,0,0,controlled_simulation
RN-00448,2026-08-04T03:54:15,normal_night_walk,0.0702,0.2317,0.1122,2194.2,-21.467,0,3.684,1.126,6.451,2.022,0,3.97,17.5,67.2,3,1,40.0,1,0,0,0,controlled_simulation
RN-00554,2026-08-11T21:21:25,normal_night_walk,0.0586,0.1878,0.1077,2405.0,-19.465,0,4.711,0.881,10.063,2.119,0,4.68,29.0,92.3,21,0,33.5,1,0,0,0,controlled_simulation
RN-00179,2026-08-31T13:15:51,normal_day_walk,0.0682,0.1335,0.1044,1780.2,-10.845,0,2.259,0.901,6.258,3.943,0,5.14,15.6,238.6,13,0,35.4,0,0,0,0,controlled_simulation
RN-00391,2026-08-15T19:11:08,normal_day_walk,0.0687,0.1817,0.0768,1854.6,-13.677,0,2.932,1.089,9.288,2.205,0,3.75,38.8,111.6,19,0,25.4,0,0,0,0,controlled_simulation
RN-00579,2026-08-24T00:09:28,normal_night_walk,0.0662,0.196,0.0814,2062.3,-18.487,0,1.954,1.208,6.395,3.254,0,6.4,36.0,20.0,0,1,60.0,0,0,0,0,controlled_simulation
RN-01478,2026-08-28T16:27:48,sudden_phone_drop,0.0496,0.2322,0.1183,1628.5,-11.312,0,17.058,5.16,23.472,15.998,1,6.0,20.4,266.3,16,0,19.6,0,0,0,0,controlled_simulation
RN-01707,2026-08-27T21:45:43,simulated_help_call,0.3414,0.7843,0.1702,2957.3,-5.469,1,3.738,1.541,6.056,5.688,0,5.51,351.2,296.6,21,0,61.7,1,0,0,1,controlled_simulation
RN-01288,2026-08-13T13:17:11,minor_route_deviation,0.0366,0.168,0.0361,870.0,-12.19,0,4.226,1.128,9.705,4.559,0,6.09,184.1,278.2,13,0,37.6,0,0,0,0,controlled_simulation
RN-01645,2026-08-27T04:01:41,suspicious_night_deviation,0.0293,0.1982,0.0494,1843.4,-24.598,0,3.76,0.393,4.938,4.227,0,3.98,519.8,250.0,4,1,108.5,0,0,0,0,controlled_simulation
RN-01024,2026-08-11T08:11:20,exercise_running,0.025,0.3029,0.0857,1428.1,-13.796,0,5.959,1.922,14.724,9.198,0,9.46,0.0,78.8,8,0,1.0,0,0,0,0,controlled_simulation
RN-00821,2026-08-25T17:26:42,normal_commute,0.0484,0.0606,0.0887,1423.5,-19.656,0,1.157,1.827,8.117,2.299,0,12.35,0.0,247.1,17,0,30.6,0,0,0,0,controlled_simulation
RN-01825,2026-08-31T12:31:46,simulated_fall,0.0415,0.2464,0.0672,1358.4,-11.119,0,14.099,7.155,37.664,22.453,1,9.11,46.5,55.6,12,0,83.1,0,0,1,1,controlled_simulation
RN-00985,2026-08-16T19:20:55,exercise_running,0.087,0.3195,0.0834,1266.6,-30.41,0,9.043,3.22,12.345,5.892,0,9.14,4.5,346.1,19,0,8.0,2,0,0,0,controlled_simulation
RN-01339,2026-08-26T22:04:39,minor_route_deviation,0.0323,0.2066,0.0849,1916.1,-21.262,0,3.271,0.624,8.017,3.23,0,3.89,156.6,174.4,22,1,34.4,0,0,0,0,controlled_simulation
RN-00665,2026-08-25T00:50:33,normal_night_walk,0.0342,0.1842,0.1044,1985.0,-14.815,0,3.476,0.6,9.02,3.917,0,5.17,54.8,149.8,0,1,6.8,0,0,0,0,controlled_simulation
RN-00143,2026-08-09T08:25:29,normal_day_walk,0.0625,0.1037,0.048,2698.8,-20.733,0,3.768,1.418,7.754,0.4,0,6.1,15.0,5.0,8,0,16.8,0,0,0,0,controlled_simulation
RN-01517,2026-08-13T22:24:22,suspicious_night_deviation,0.083,0.1023,0.0989,2168.5,-15.099,0,3.432,0.955,7.714,4.078,0,2.7,267.3,701.5,22,1,82.3,1,0,0,0,controlled_simulation
RN-01430,2026-08-29T16:37:18,sudden_phone_drop,0.0857,0.2596,0.078,2585.9,-22.099,0,14.795,3.004,19.796,13.663,1,5.44,0.1,170.8,16,0,17.4,0,0,0,0,controlled_simulation
RN-00865,2026-08-09T17:11:49,normal_commute,0.0438,0.1269,0.0705,2219.0,-13.76,0,2.764,1.355,5.634,2.935,0,6.99,43.8,51.4,17,0,31.0,0,0,0,0,controlled_simulation
RN-00422,2026-08-19T04:46:31,normal_night_walk,0.0542,0.2861,0.0221,2349.6,-19.068,0,4.21,0.895,4.706,3.552,0,2.94,0.0,271.8,4,1,1.0,1,0,0,0,controlled_simulation
RN-00637,2026-08-22T23:21:31,normal_night_walk,0.0674,0.0781,0.0647,2173.2,-10.414,0,2.784,0.677,6.29,4.501,0,8.58,21.6,279.4,23,1,15.3,0,0,0,0,controlled_simulation
RN-01407,2026-08-06T18:43:02,sudden_phone_drop,0.0185,0.256,0.0712,1374.2,-9.44,0,12.994,5.775,18.704,18.664,1,4.02,1.3,207.9,18,0,49.5,0,0,0,0,controlled_simulation
RN-00800,2026-08-22T18:59:22,normal_commute,0.0766,0.2318,0.0862,2389.4,-13.111,0,1.677,1.261,7.142,3.045,0,17.65,16.9,149.0,18,0,22.0,1,0,0,0,controlled_simulation
RN-01404,2026-08-30T12:21:21,sudden_phone_drop,0.0684,0.2178,0.0745,1642.8,-20.002,0,9.567,3.164,23.428,9.0,1,4.21,39.9,72.1,12,0,1.0,1,0,0,0,controlled_simulation
RN-00616,2026-08-07T21:09:46,normal_night_walk,0.0405,0.1631,0.0711,2207.6,-20.641,0,3.796,1.541,4.788,2.283,0,5.32,0.8,228.3,21,0,4.6,1,0,0,0,controlled_simulation
RN-00295,2026-08-15T11:43:30,normal_day_walk,0.0749,0.2005,0.0979,1807.7,-12.604,0,3.439,0.84,7.258,3.433,0,2.69,0.0,122.4,11,0,14.3,0,0,0,0,controlled_simulation
RN-00924,2026-08-02T17:26:24,normal_commute,0.0568,0.103,0.0883,1359.2,-20.789,0,3.106,1.01,11.029,1.727,0,16.73,24.9,5.0,17,0,31.8,0,0,0,0,controlled_simulation
RN-01269,2026-08-07T08:31:29,minor_route_deviation,0.0688,0.1814,0.116,1397.6,-13.71,0,2.24,1.269,9.57,5.656,0,5.93,141.5,123.3,8,0,26.3,0,0,0,0,controlled_simulation
RN-01903,2026-08-12T23:16:58,simulated_distress_combined,0.3023,0.8647,0.206,2602.0,-12.555,1,22.874,7.662,30.748,22.812,1,2.65,642.3,829.9,23,1,45.0,1,0,1,1,controlled_simulation
RN-00089,2026-08-05T12:28:13,normal_day_walk,0.0667,0.1794,0.1115,2465.6,-22.261,0,3.662,0.953,11.959,1.118,0,4.12,9.9,202.5,12,0,29.6,0,0,0,0,controlled_simulation
RN-00042,2026-08-03T07:53:54,normal_day_walk,0.0768,0.1573,0.078,1082.5,-26.078,0,1.677,1.094,5.695,2.589,0,6.06,22.5,61.8,7,0,28.2,0,0,0,0,controlled_simulation
RN-01802,2026-08-07T10:09:32,simulated_fall,0.0997,0.1783,0.0608,1662.5,-23.015,0,23.883,3.43,31.742,25.906,1,1.99,271.4,210.1,10,0,73.0,0,0,0,1,controlled_simulation
RN-01934,2026-08-11T13:25:37,manual_sos_simulation,0.0538,0.2115,0.1063,2054.4,-15.056,0,4.194,1.527,6.255,1.964,0,1.67,326.6,185.8,13,0,61.2,2,1,1,1,controlled_simulation
RN-00132,2026-08-24T06:08:02,normal_day_walk,0.0567,0.2349,0.0864,1078.5,-21.569,0,3.984,0.818,3.884,4.852,0,5.35,26.8,151.9,6,0,39.7,0,0,0,0,controlled_simulation
RN-01002,2026-08-22T12:03:21,exercise_running,0.0776,0.3468,0.1366,1830.0,-17.495,0,6.337,2.401,13.981,6.14,0,12.21,37.6,70.6,12,0,36.8,1,0,0,0,controlled_simulation
RN-01158,2026-08-15T19:43:12,social_shout_laughter,0.2219,0.7303,0.1869,3457.9,-27.336,1,3.521,1.092,5.1,0.4,0,3.29,13.6,357.4,19,0,19.4,0,0,0,0,controlled_simulation
RN-01095,2026-08-02T06:55:57,exercise_running,0.1112,0.08,0.0813,1836.8,-23.108,0,6.456,2.997,15.288,6.623,0,12.85,5.5,192.8,6,0,28.6,1,0,0,0,controlled_simulation
RN-01855,2026-08-24T01:51:58,simulated_distress_combined,0.2657,0.9079,0.2295,3129.8,-12.88,1,19.887,6.438,31.823,24.334,1,9.4,684.5,511.3,1,1,92.5,0,0,1,1,controlled_simulation
RN-01345,2026-08-03T11:22:20,minor_route_deviation,0.0688,0.1865,0.0671,1597.3,-21.493,0,2.561,1.163,7.387,4.699,0,7.45,215.4,179.3,11,0,10.2,0,0,0,0,controlled_simulation
RN-01499,2026-08-15T22:34:25,suspicious_night_deviation,0.0458,0.218,0.0802,1358.5,-21.248,0,1.865,1.594,8.436,3.415,0,4.82,463.4,415.7,22,1,62.5,0,0,0,0,controlled_simulation
RN-00165,2026-08-15T14:44:40,normal_day_walk,0.0848,0.1321,0.0761,2458.9,-10.669,0,2.585,1.638,7.923,2.338,0,3.78,17.9,223.7,14,0,11.1,0,0,0,0,controlled_simulation
RN-00725,2026-08-29T18:11:57,normal_commute,0.077,0.2065,0.079,1766.4,-22.793,0,4.298,0.865,5.854,3.019,0,25.19,18.5,104.6,18,0,27.5,0,0,0,0,controlled_simulation
RN-00291,2026-08-20T10:11:28,normal_day_walk,0.0692,0.1311,0.0506,1991.0,-23.997,0,2.27,0.484,4.37,1.924,0,6.52,43.8,175.0,10,0,15.3,0,0,0,0,controlled_simulation
RN-01209,2026-08-28T15:03:55,social_shout_laughter,0.1851,0.8258,0.1581,3829.0,-20.95,1,2.577,0.981,2.5,2.86,0,2.97,36.1,88.5,15,0,41.6,0,0,0,0,controlled_simulation
RN-01589,2026-08-22T01:25:55,suspicious_night_deviation,0.0431,0.1638,0.074,2135.6,-14.155,0,2.698,0.78,5.62,4.224,0,4.52,458.0,648.3,1,1,119.1,0,0,0,0,controlled_simulation
RN-01897,2026-08-13T03:00:41,simulated_distress_combined,0.4007,0.9409,0.1894,3990.1,-13.129,1,27.093,4.83,34.663,33.499,1,9.38,253.5,479.4,3,1,108.9,3,0,1,1,controlled_simulation
RN-01642,2026-08-31T23:38:07,suspicious_night_deviation,0.0544,0.2896,0.1069,2045.2,-11.606,0,3.961,1.099,8.305,2.878,0,5.34,323.3,563.9,23,1,145.0,0,0,0,0,controlled_simulation
RN-01362,2026-08-14T16:33:05,minor_route_deviation,0.0469,0.0902,0.1008,1045.9,-22.131,0,2.163,1.608,7.803,0.919,0,6.72,133.7,527.2,16,0,40.3,0,0,0,0,controlled_simulation
RN-00779,2026-08-17T17:27:58,normal_commute,0.052,0.1372,0.0615,2797.4,-14.258,0,1.441,1.402,6.4,6.55,0,11.83,29.2,237.2,17,0,58.8,0,0,0,0,controlled_simulation
RN-00840,2026-08-18T18:44:48,normal_commute,0.0753,0.1901,0.0971,1931.7,-18.214,0,2.681,1.015,5.568,4.269,0,5.22,0.0,151.8,18,0,6.9,0,0,0,0,controlled_simulation
RN-00349,2026-08-06T20:35:54,normal_day_walk,0.0436,0.1679,0.0464,2581.2,-5.554,0,3.348,1.186,8.487,2.305,0,3.19,28.1,125.8,20,0,35.1,0,0,0,0,controlled_simulation
RN-01945,2026-08-11T02:34:44,manual_sos_simulation,0.0185,0.1669,0.0575,1955.3,-5.781,0,2.272,1.147,8.866,2.739,0,7.08,0.0,384.9,2,1,41.4,0,1,1,1,controlled_simulation
RN-00572,2026-08-01T20:01:28,normal_night_walk,0.0377,0.2059,0.0827,1091.7,-14.533,0,2.148,1.355,7.471,0.807,0,5.23,49.8,287.1,20,0,7.8,0,0,0,0,controlled_simulation
RN-00918,2026-08-15T17:31:08,normal_commute,0.0534,0.1929,0.1095,2134.3,-23.935,0,3.904,1.196,8.828,2.851,0,25.35,33.4,148.8,17,0,2.9,0,0,0,0,controlled_simulation
RN-00977,2026-08-26T20:05:10,exercise_running,0.0742,0.1615,0.0777,1433.1,-10.296,0,6.318,3.052,11.725,7.298,0,11.3,33.8,219.7,20,0,44.6,0,0,0,0,controlled_simulation
RN-01914,2026-08-30T01:33:54,simulated_distress_combined,0.2922,0.9042,0.2408,4034.9,-7.79,1,19.566,7.063,29.086,33.387,1,7.31,394.2,762.8,1,1,93.0,0,0,1,1,controlled_simulation
RN-01469,2026-08-16T06:56:26,sudden_phone_drop,0.0657,0.04,0.0629,2172.0,-24.015,0,14.588,3.063,23.433,12.878,1,4.86,17.4,21.8,6,0,27.7,0,0,0,0,controlled_simulation
RN-01592,2026-08-16T04:04:31,suspicious_night_deviation,0.0455,0.1822,0.1204,1868.8,-24.676,0,1.516,1.431,7.537,1.722,0,3.95,582.6,374.6,4,1,73.6,1,0,0,0,controlled_simulation
RN-01318,2026-08-17T08:51:13,minor_route_deviation,0.0453,0.1586,0.1087,1709.5,-12.636,0,2.464,1.506,2.5,2.396,0,7.25,228.9,258.8,8,0,12.3,0,0,0,0,controlled_simulation
RN-01845,2026-08-31T21:27:49,simulated_distress_combined,0.2539,0.8254,0.1768,3848.8,-13.975,1,24.672,5.666,27.917,17.546,1,7.35,428.7,692.6,21,0,88.7,0,0,1,1,controlled_simulation
RN-00137,2026-08-10T11:47:56,normal_day_walk,0.061,0.1836,0.133,1955.5,-27.312,0,3.633,1.278,8.706,2.552,0,3.47,2.9,113.0,11,0,3.1,1,0,0,0,controlled_simulation
RN-00459,2026-08-16T21:24:24,normal_night_walk,0.0828,0.0763,0.0654,700.0,-16.795,0,2.38,2.082,6.954,0.731,0,6.63,34.1,88.8,21,0,28.3,1,0,0,0,controlled_simulation
RN-00376,2026-08-22T08:39:11,normal_day_walk,0.0677,0.04,0.0676,894.3,-13.389,0,3.711,1.044,6.537,3.217,0,2.48,7.5,274.9,8,0,21.3,0,0,0,0,controlled_simulation
RN-01343,2026-08-28T17:37:54,minor_route_deviation,0.0476,0.1755,0.0507,2339.7,-27.184,0,3.098,0.957,8.266,3.515,0,6.41,120.0,376.4,17,0,33.7,1,0,0,0,controlled_simulation
RN-00334,2026-08-23T12:44:32,normal_day_walk,0.0518,0.1781,0.0863,2162.6,-25.633,0,4.165,1.366,10.16,0.682,0,6.28,4.2,47.0,12,0,33.9,0,0,0,0,controlled_simulation
RN-01160,2026-08-05T16:01:10,social_shout_laughter,0.2357,0.9422,0.1131,1305.9,-18.432,1,4.131,0.878,8.911,3.612,0,3.1,27.9,205.0,16,0,1.0,0,0,0,0,controlled_simulation
RN-01761,2026-08-24T19:36:07,simulated_fall,0.1139,0.3442,0.0846,2481.9,-16.352,0,15.729,5.84,32.38,23.001,1,0.81,170.8,101.7,19,0,54.1,0,0,1,1,controlled_simulation
RN-01458,2026-08-08T18:40:21,sudden_phone_drop,0.0517,0.1453,0.1012,2342.6,-17.021,0,10.872,4.593,18.702,17.969,1,1.36,7.1,158.0,18,0,34.9,0,0,0,0,controlled_simulation
RN-00817,2026-08-03T07:45:35,normal_commute,0.0368,0.2135,0.0825,1768.3,-12.649,0,3.657,1.184,8.051,2.865,0,31.37,28.2,256.1,7,0,18.0,0,0,0,0,controlled_simulation
RN-01115,2026-08-02T14:32:54,exercise_running,0.0808,0.3663,0.0688,2827.1,-8.878,0,5.205,3.257,14.547,5.928,0,13.27,31.9,195.5,14,0,32.0,2,0,0,0,controlled_simulation
RN-01006,2026-08-01T18:48:21,exercise_running,0.0951,0.3023,0.0931,1880.4,-9.154,0,5.574,2.273,13.609,3.817,0,8.79,2.7,199.0,18,0,35.9,0,0,0,0,controlled_simulation
RN-01857,2026-08-15T03:03:42,simulated_distress_combined,0.3065,0.7768,0.2344,3693.8,-8.536,1,14.365,7.544,32.69,25.604,1,11.56,256.8,670.1,3,1,86.5,1,0,1,1,controlled_simulation
RN-01955,2026-08-30T00:25:32,manual_sos_simulation,0.0353,0.2662,0.1119,1756.3,-21.211,0,3.588,1.173,10.266,2.236,0,5.82,90.8,587.8,0,1,83.5,1,1,1,1,controlled_simulation
RN-01851,2026-08-16T04:01:48,simulated_distress_combined,0.3404,0.9142,0.2308,3552.6,-8.15,1,22.908,5.129,31.284,33.606,1,8.52,477.6,836.3,4,1,120.9,3,0,1,1,controlled_simulation
RN-00911,2026-08-25T19:47:52,normal_commute,0.0491,0.1434,0.0826,2100.1,-17.059,0,2.13,0.522,6.653,2.683,0,16.46,8.5,187.0,19,0,8.5,1,0,0,0,controlled_simulation
RN-01930,2026-08-06T10:25:24,manual_sos_simulation,0.0386,0.2862,0.1042,2194.4,-17.347,0,2.921,0.874,7.863,1.913,0,5.22,190.0,124.6,10,0,46.9,1,1,1,1,controlled_simulation
RN-01126,2026-08-21T08:52:15,social_shout_laughter,0.196,0.8354,0.1363,2400.8,-23.775,1,2.869,0.884,10.216,4.174,0,6.3,20.0,171.0,8,0,24.2,0,0,0,0,controlled_simulation
RN-00329,2026-08-21T16:23:47,normal_day_walk,0.0918,0.1362,0.0754,2232.0,-21.494,0,2.985,0.791,8.172,2.116,0,4.44,30.2,5.0,16,0,15.3,0,0,0,0,controlled_simulation
RN-01248,2026-08-15T19:01:00,social_shout_laughter,0.2196,0.4982,0.1819,2458.1,-23.536,1,3.757,1.226,4.944,1.682,0,5.98,25.1,5.0,19,0,49.0,0,0,0,0,controlled_simulation
RN-00319,2026-08-22T09:38:01,normal_day_walk,0.05,0.2667,0.0629,1407.2,-21.193,0,3.235,1.245,7.64,4.017,0,7.2,11.3,135.6,9,0,59.4,0,0,0,0,controlled_simulation
RN-01690,2026-08-14T04:56:44,simulated_help_call,0.2672,0.762,0.2412,2233.4,-10.372,1,5.148,1.177,7.167,2.976,0,2.95,347.5,370.2,4,1,30.0,0,0,1,1,controlled_simulation
RN-01359,2026-08-13T07:01:32,minor_route_deviation,0.0322,0.1695,0.1242,2022.5,-19.841,0,2.48,1.342,7.448,2.728,0,5.4,103.7,120.1,7,0,17.3,0,0,0,0,controlled_simulation
RN-01733,2026-08-11T02:23:18,simulated_help_call,0.3022,0.7397,0.1997,4126.3,-4.651,1,3.318,1.158,5.956,4.755,0,3.62,317.3,375.0,2,1,30.0,0,0,1,1,controlled_simulation
RN-00168,2026-08-06T13:15:42,normal_day_walk,0.0501,0.1786,0.0921,1742.2,-16.173,0,2.61,1.342,10.372,2.443,0,2.43,12.1,150.7,13,0,17.8,0,0,0,0,controlled_simulation
RN-00013,2026-08-19T12:45:34,normal_day_walk,0.0549,0.1686,0.0287,1828.1,-22.216,0,3.504,1.593,7.681,3.773,0,3.01,5.5,197.9,12,0,17.9,0,0,0,0,controlled_simulation
RN-01927,2026-08-28T09:22:34,manual_sos_simulation,0.0763,0.1714,0.0883,1871.8,-19.361,0,2.989,1.763,6.08,2.801,0,5.95,260.7,585.3,9,0,75.2,1,1,1,1,controlled_simulation
RN-00172,2026-08-29T15:36:03,normal_day_walk,0.0316,0.3009,0.0741,2956.2,-11.04,0,2.784,1.091,6.694,1.867,0,4.69,43.8,26.2,15,0,3.9,0,0,0,0,controlled_simulation
RN-00650,2026-08-21T23:15:10,normal_night_walk,0.0664,0.2038,0.0984,1497.9,-25.333,0,2.828,1.113,7.829,3.48,0,5.49,0.0,147.6,23,1,57.0,0,0,0,0,controlled_simulation
RN-01062,2026-08-21T21:25:15,exercise_running,0.0295,0.2642,0.0585,2132.0,-16.929,0,8.155,1.95,11.347,4.286,0,12.32,4.2,207.2,21,0,1.0,0,0,0,0,controlled_simulation
RN-00261,2026-08-15T08:50:01,normal_day_walk,0.0479,0.2818,0.089,2452.2,-12.738,0,3.538,0.806,6.13,2.328,0,5.17,45.9,129.5,8,0,1.0,1,0,0,0,controlled_simulation
RN-01367,2026-08-01T13:03:40,minor_route_deviation,0.0615,0.1735,0.0594,1633.7,-19.006,0,2.655,1.36,8.084,0.503,0,1.81,184.2,600.0,13,0,31.5,1,0,0,0,controlled_simulation
RN-01549,2026-08-25T03:56:26,suspicious_night_deviation,0.0784,0.1832,0.1032,2048.6,-7.577,0,4.219,1.225,7.476,1.804,0,4.99,519.4,456.4,3,1,95.6,1,0,0,0,controlled_simulation
RN-00902,2026-08-18T08:36:13,normal_commute,0.0599,0.1807,0.0858,1197.8,-17.637,0,2.036,0.74,4.798,2.822,0,11.58,13.7,165.1,8,0,35.1,1,0,0,0,controlled_simulation
RN-00673,2026-08-19T04:40:01,normal_night_walk,0.0893,0.1134,0.0672,1302.1,-27.852,0,4.172,0.696,8.81,3.85,0,4.38,12.8,232.6,4,1,19.8,1,0,0,0,controlled_simulation
RN-00259,2026-08-07T18:29:09,normal_day_walk,0.0423,0.1286,0.0987,1810.3,-12.95,0,2.619,1.356,5.5,3.428,0,3.54,9.5,241.4,18,0,42.5,0,0,0,0,controlled_simulation
RN-00845,2026-08-09T08:55:39,normal_commute,0.0553,0.149,0.0619,2319.8,-14.149,0,3.144,0.833,6.34,2.267,0,12.41,3.5,181.8,8,0,18.0,0,0,0,0,controlled_simulation
RN-00868,2026-08-12T13:47:32,normal_commute,0.0871,0.2941,0.0744,2279.4,-22.442,0,2.466,1.043,6.001,2.766,0,8.37,6.5,185.1,13,0,16.1,0,0,0,0,controlled_simulation
RN-01800,2026-08-29T14:52:47,simulated_fall,0.1222,0.3528,0.0641,1783.4,-21.317,0,15.199,3.619,31.016,19.636,1,4.01,102.9,15.6,14,0,65.6,0,0,1,1,controlled_simulation
RN-00139,2026-08-24T22:01:07,normal_day_walk,0.0468,0.2106,0.1123,2650.2,-22.332,0,3.75,0.948,9.081,4.176,0,5.16,26.5,237.3,22,1,19.7,0,0,0,0,controlled_simulation
RN-00894,2026-08-14T08:48:48,normal_commute,0.0447,0.192,0.0935,2508.2,-23.357,0,3.92,0.814,5.518,3.028,0,25.05,60.5,157.5,8,0,12.4,0,0,0,0,controlled_simulation
RN-01838,2026-08-12T11:45:33,simulated_fall,0.0977,0.501,0.0979,1496.7,-16.888,0,16.964,4.961,32.421,30.873,1,0.13,159.6,106.4,11,0,33.1,1,0,0,1,controlled_simulation
RN-00550,2026-08-18T04:32:50,normal_night_walk,0.0501,0.1602,0.0653,1083.0,-25.857,0,4.887,0.962,8.188,2.308,0,4.06,24.8,287.6,4,1,11.7,0,0,0,0,controlled_simulation
RN-00320,2026-08-29T11:20:33,normal_day_walk,0.0915,0.2013,0.0737,2334.1,-6.441,0,3.632,0.631,7.498,3.611,0,7.35,4.3,73.9,11,0,1.0,0,0,0,0,controlled_simulation
RN-01527,2026-08-17T04:47:05,suspicious_night_deviation,0.1063,0.1263,0.0547,1791.2,-8.661,0,4.106,0.767,9.046,3.834,0,5.07,322.3,584.3,4,1,83.9,0,0,0,0,controlled_simulation
RN-01806,2026-08-16T09:46:26,simulated_fall,0.1025,0.2761,0.0999,1678.0,-23.407,0,16.715,4.818,30.095,28.83,1,8.79,192.8,79.1,9,0,26.1,0,0,0,1,controlled_simulation
RN-01178,2026-08-10T07:43:13,social_shout_laughter,0.1158,0.6758,0.1585,2685.4,-8.473,1,5.029,1.232,9.369,3.594,0,7.61,0.0,66.5,7,0,39.9,1,0,0,0,controlled_simulation
RN-00559,2026-08-09T05:58:43,normal_night_walk,0.0784,0.4063,0.0569,1282.6,-18.316,0,4.298,0.902,8.76,3.808,0,4.96,34.1,20.0,5,0,22.1,0,0,0,0,controlled_simulation
RN-00140,2026-08-16T06:01:11,normal_day_walk,0.0565,0.1244,0.1346,1974.8,-15.575,0,2.21,1.182,7.802,3.695,0,3.83,0.0,148.3,6,0,11.2,1,0,0,0,controlled_simulation
RN-01735,2026-08-02T23:21:32,simulated_help_call,0.3126,0.8922,0.2141,2996.8,-16.999,1,4.384,0.969,8.387,4.622,0,4.14,294.7,401.2,23,1,80.9,0,0,1,1,controlled_simulation
RN-00532,2026-08-10T00:28:51,normal_night_walk,0.0545,0.04,0.1016,1634.0,-17.724,0,1.559,1.099,11.441,2.162,0,3.59,16.8,111.0,0,1,31.6,2,0,0,0,controlled_simulation
RN-00225,2026-08-13T21:50:36,normal_day_walk,0.0583,0.219,0.0785,1989.1,-7.838,0,1.996,1.326,11.609,3.094,0,4.92,9.5,5.0,21,0,31.1,0,0,0,0,controlled_simulation
RN-00724,2026-08-20T07:48:21,normal_commute,0.0692,0.2639,0.1027,1877.3,-16.163,0,3.189,1.142,4.067,2.141,0,31.15,17.3,306.3,7,0,13.2,0,0,0,0,controlled_simulation
RN-00787,2026-08-18T13:50:18,normal_commute,0.0625,0.1816,0.0908,1965.2,-17.907,0,4.233,1.885,9.33,3.247,0,30.99,11.5,191.8,13,0,51.9,0,0,0,0,controlled_simulation
RN-01718,2026-08-02T02:26:56,simulated_help_call,0.2149,0.8495,0.2025,3501.5,-12.567,1,4.029,1.075,8.06,4.864,0,3.96,366.6,714.8,2,1,114.1,0,0,1,1,controlled_simulation
RN-01008,2026-08-17T08:24:22,exercise_running,0.0584,0.3089,0.0535,1415.8,-12.379,0,5.56,2.504,11.904,6.157,0,11.06,10.7,86.8,8,0,1.0,0,0,0,0,controlled_simulation
RN-00410,2026-08-18T12:28:58,normal_day_walk,0.0748,0.2444,0.0724,2368.7,-10.143,0,3.538,1.545,2.808,2.651,0,6.36,33.0,194.8,12,0,28.8,1,0,0,0,controlled_simulation
RN-00326,2026-08-11T14:45:19,normal_day_walk,0.0591,0.2232,0.0928,1997.4,-15.149,0,3.199,1.139,5.41,3.128,0,4.86,17.2,409.7,14,0,5.6,0,0,0,0,controlled_simulation
RN-01766,2026-08-10T18:41:56,simulated_fall,0.0836,0.3251,0.0688,1910.4,-22.89,0,19.519,3.0,28.789,24.801,1,6.82,167.0,128.2,18,0,92.1,2,0,0,1,controlled_simulation
RN-00300,2026-08-11T12:37:53,normal_day_walk,0.0586,0.04,0.0587,1262.3,-18.357,0,2.894,1.329,7.026,3.858,0,3.22,32.8,5.2,12,0,53.8,0,0,0,0,controlled_simulation
RN-01263,2026-08-16T15:50:31,minor_route_deviation,0.0534,0.2301,0.0967,2090.3,-15.796,0,3.213,0.918,6.925,4.43,0,7.1,76.8,280.0,15,0,9.5,0,0,0,0,controlled_simulation
RN-01946,2026-08-30T16:15:38,manual_sos_simulation,0.0753,0.1375,0.0894,2196.3,-10.956,0,3.245,1.526,9.566,4.629,0,6.08,302.9,28.0,16,0,15.5,0,1,1,1,controlled_simulation
RN-00026,2026-08-08T10:40:48,normal_day_walk,0.0644,0.1614,0.0429,799.9,-21.391,0,3.094,1.39,3.514,1.444,0,4.68,20.8,213.8,10,0,17.9,0,0,0,0,controlled_simulation
RN-01859,2026-08-22T23:01:10,simulated_distress_combined,0.3309,0.8579,0.1864,3225.4,-9.534,1,19.407,6.091,27.772,22.376,1,10.5,250.0,865.5,23,1,86.0,2,0,1,1,controlled_simulation
RN-00715,2026-08-24T17:01:53,normal_commute,0.0565,0.302,0.0691,1943.9,-20.529,0,3.328,1.115,7.706,2.739,0,17.13,10.8,187.7,17,0,20.1,0,0,0,0,controlled_simulation
RN-01010,2026-08-26T06:52:00,exercise_running,0.0548,0.1842,0.0345,1954.4,-15.47,0,4.635,2.602,15.417,9.143,0,15.09,35.6,137.4,6,0,9.9,0,0,0,0,controlled_simulation
RN-00194,2026-08-11T11:13:05,normal_day_walk,0.0456,0.147,0.1042,2407.2,-21.325,0,3.865,0.693,5.689,3.185,0,6.89,11.5,40.2,11,0,29.1,0,0,0,0,controlled_simulation
RN-00441,2026-08-24T00:53:29,normal_night_walk,0.0723,0.1544,0.0717,1439.5,-16.317,0,3.244,1.513,2.943,3.707,0,1.1,40.4,283.9,0,1,29.0,1,0,0,0,controlled_simulation
RN-00574,2026-08-24T05:44:14,normal_night_walk,0.0508,0.2464,0.0858,1156.0,-23.139,0,3.129,0.924,7.897,1.369,0,3.96,18.7,162.5,5,0,36.5,0,0,0,0,controlled_simulation
RN-00947,2026-08-18T06:56:30,exercise_running,0.0487,0.4756,0.0871,1978.1,-18.896,0,6.647,1.922,13.116,10.416,0,9.18,14.7,139.9,6,0,37.6,1,0,0,0,controlled_simulation
RN-00998,2026-08-21T12:38:32,exercise_running,0.0811,0.0858,0.0943,1955.8,-12.534,0,6.122,2.637,12.987,9.113,0,16.47,15.3,21.5,12,0,45.9,0,0,0,0,controlled_simulation
RN-00504,2026-08-10T02:55:51,normal_night_walk,0.0532,0.1974,0.0858,2034.9,-17.008,0,3.271,1.043,6.908,2.488,0,2.56,7.0,219.9,2,1,33.1,0,0,0,0,controlled_simulation
RN-00606,2026-08-03T01:21:26,normal_night_walk,0.0421,0.2377,0.0708,1489.2,-14.0,0,2.761,1.887,8.332,1.788,0,3.06,1.9,120.8,1,1,9.3,0,0,0,0,controlled_simulation
RN-01717,2026-08-12T05:41:05,simulated_help_call,0.2662,0.715,0.2657,3845.3,-9.398,1,2.974,1.294,8.199,2.79,0,6.08,497.2,479.1,5,0,52.3,0,0,0,1,controlled_simulation
RN-01164,2026-08-31T12:59:49,social_shout_laughter,0.2294,0.5095,0.1481,2640.7,-16.538,1,4.199,0.835,6.016,3.109,0,2.05,13.1,224.6,12,0,14.6,0,0,0,0,controlled_simulation
RN-01787,2026-08-21T08:08:00,simulated_fall,0.1069,0.4849,0.0389,1661.3,-16.601,0,19.453,5.265,28.817,20.308,1,7.58,165.9,230.8,8,0,82.4,1,0,1,1,controlled_simulation
RN-00847,2026-08-12T07:24:35,normal_commute,0.0636,0.0813,0.0704,2004.0,-17.499,0,3.914,1.172,7.804,5.34,0,19.19,65.0,186.1,7,0,21.1,0,0,0,0,controlled_simulation
RN-00004,2026-08-01T19:33:33,normal_day_walk,0.0465,0.1353,0.0379,1699.3,-17.186,0,2.952,1.623,5.768,4.162,0,5.52,26.8,8.9,19,0,19.2,0,0,0,0,controlled_simulation
RN-01287,2026-08-26T17:29:58,minor_route_deviation,0.0543,0.1415,0.0343,1967.6,-10.299,0,3.791,1.461,6.071,0.603,0,4.98,71.5,220.0,17,0,56.5,0,0,0,0,controlled_simulation
RN-01223,2026-08-21T20:59:31,social_shout_laughter,0.1654,0.7763,0.1505,2137.3,-17.634,1,3.712,1.0,7.909,3.264,0,5.01,25.1,130.4,20,0,14.6,0,0,0,0,controlled_simulation
RN-00468,2026-08-20T00:07:22,normal_night_walk,0.0598,0.2686,0.0913,1843.6,-18.963,0,3.699,0.2,8.783,2.33,0,4.36,21.7,314.4,0,1,13.3,1,0,0,0,controlled_simulation
RN-00322,2026-08-18T16:02:48,normal_day_walk,0.0294,0.157,0.1143,1968.5,-17.593,0,3.125,0.921,10.463,3.576,0,4.64,8.1,198.9,16,0,28.1,0,0,0,0,controlled_simulation
RN-00006,2026-08-06T11:57:05,normal_day_walk,0.0466,0.1809,0.0694,1814.1,-26.437,0,3.633,1.256,8.831,2.882,0,4.35,12.7,32.4,11,0,33.8,1,0,0,0,controlled_simulation
RN-00223,2026-08-18T11:30:32,normal_day_walk,0.0839,0.2534,0.1058,1083.2,-13.366,0,2.515,1.299,6.015,1.578,0,4.72,23.7,116.0,11,0,13.3,0,0,0,0,controlled_simulation
RN-01375,2026-08-22T13:36:18,minor_route_deviation,0.0706,0.3353,0.0902,2448.8,-13.902,0,3.625,1.148,9.185,2.48,0,6.64,128.6,272.0,13,0,57.6,0,0,0,0,controlled_simulation
RN-00548,2026-08-15T22:18:52,normal_night_walk,0.0568,0.167,0.0476,1703.6,-22.701,0,3.969,2.303,8.339,2.118,0,6.01,28.8,133.7,22,1,15.8,0,0,0,0,controlled_simulation
RN-00229,2026-08-14T08:28:43,normal_day_walk,0.085,0.1737,0.0702,2465.3,-17.742,0,2.617,1.004,4.545,4.708,0,7.41,21.3,18.9,8,0,1.0,1,0,0,0,controlled_simulation
RN-00040,2026-08-01T13:06:16,normal_day_walk,0.0476,0.2754,0.0699,978.4,-19.552,0,2.263,0.256,10.722,6.059,0,5.48,9.3,182.4,13,0,15.4,1,0,0,0,controlled_simulation
RN-00543,2026-08-30T22:59:06,normal_night_walk,0.0307,0.2404,0.0755,1271.7,-19.041,0,3.658,0.515,3.366,4.246,0,4.25,27.5,171.7,22,1,42.2,0,0,0,0,controlled_simulation
RN-00243,2026-08-14T07:55:20,normal_day_walk,0.0241,0.1035,0.0804,1388.1,-20.451,0,3.576,1.682,8.13,3.675,0,2.81,28.0,33.5,7,0,54.6,0,0,0,0,controlled_simulation
RN-00899,2026-08-16T09:10:04,normal_commute,0.0627,0.2457,0.0572,1732.5,-19.659,0,3.984,2.037,9.936,2.894,0,21.07,12.4,235.1,9,0,42.9,0,0,0,0,controlled_simulation
RN-01134,2026-08-14T18:11:35,social_shout_laughter,0.19,0.5704,0.1507,3310.3,-14.676,1,2.84,0.727,5.237,3.416,0,7.94,14.0,214.7,18,0,37.8,0,0,0,0,controlled_simulation
RN-01449,2026-08-10T13:22:16,sudden_phone_drop,0.056,0.1534,0.0603,1066.5,-24.385,0,9.0,4.161,25.262,9.0,1,6.02,28.6,240.8,13,0,41.0,0,0,0,0,controlled_simulation
RN-01869,2026-08-23T04:40:01,simulated_distress_combined,0.2765,0.8526,0.257,3364.2,-10.052,1,19.489,8.131,33.214,23.023,1,6.54,365.3,568.7,4,1,140.2,1,0,1,1,controlled_simulation
RN-00843,2026-08-05T19:02:23,normal_commute,0.0807,0.1654,0.0718,1778.6,-12.312,0,3.511,1.527,9.31,3.637,0,26.08,14.3,315.1,19,0,35.1,0,0,0,0,controlled_simulation
RN-01419,2026-08-02T22:14:11,sudden_phone_drop,0.0545,0.1934,0.0494,2064.8,-14.588,0,16.557,4.645,22.866,17.844,1,4.98,0.0,95.8,22,1,32.8,0,0,0,0,controlled_simulation
RN-01654,2026-08-03T05:39:38,simulated_help_call,0.1875,0.7173,0.1987,2396.0,-12.471,1,1.142,0.819,7.763,2.548,0,4.38,337.7,436.9,5,0,49.0,0,0,0,1,controlled_simulation
RN-01970,2026-08-09T18:59:15,manual_sos_simulation,0.0535,0.2568,0.0835,1413.3,-28.175,0,3.061,0.949,12.077,4.702,0,5.98,401.9,409.4,18,0,12.2,1,1,1,1,controlled_simulation
RN-00662,2026-08-26T03:55:06,normal_night_walk,0.0569,0.0816,0.0899,1128.2,-17.342,0,2.783,0.782,9.648,2.39,0,8.05,15.6,401.1,3,1,1.0,0,0,0,0,controlled_simulation
RN-01211,2026-08-30T13:46:33,social_shout_laughter,0.2087,0.7163,0.1688,3503.0,-19.813,1,4.534,0.681,7.737,3.008,0,8.78,17.9,5.0,13,0,1.0,0,0,0,0,controlled_simulation
RN-00315,2026-08-02T15:42:37,normal_day_walk,0.0604,0.2347,0.0695,1429.7,-20.552,0,2.056,0.606,10.849,3.422,0,2.14,0.0,178.2,15,0,10.3,0,0,0,0,controlled_simulation
RN-00692,2026-08-29T18:40:21,normal_commute,0.0443,0.2935,0.0592,1551.8,-15.177,0,2.21,1.34,8.548,1.105,0,17.49,0.0,159.8,18,0,20.5,0,0,0,0,controlled_simulation
RN-01504,2026-08-21T00:15:24,suspicious_night_deviation,0.0474,0.1688,0.0822,1793.9,-13.159,0,2.748,1.475,4.984,2.955,0,3.64,488.2,320.8,0,1,51.3,3,0,0,0,controlled_simulation
RN-00425,2026-08-05T01:21:14,normal_night_walk,0.0745,0.1261,0.0792,1330.6,-10.32,0,3.115,0.668,10.614,4.386,0,8.73,16.5,69.5,1,1,4.0,0,0,0,0,controlled_simulation
RN-00595,2026-08-03T04:47:25,normal_night_walk,0.0595,0.211,0.0674,2677.2,-8.577,0,3.59,0.758,4.208,3.315,0,2.78,51.9,86.0,4,1,12.4,0,0,0,0,controlled_simulation
RN-01964,2026-08-26T15:17:59,manual_sos_simulation,0.0388,0.3368,0.0711,1637.5,-12.269,0,4.134,0.975,7.03,5.294,0,6.95,240.6,362.6,15,0,37.4,0,1,1,1,controlled_simulation
RN-00623,2026-08-18T21:31:12,normal_night_walk,0.0662,0.2635,0.0345,1548.0,-22.031,0,4.14,1.1,9.541,2.195,0,3.0,12.5,84.1,21,0,27.1,0,0,0,0,controlled_simulation
RN-01171,2026-08-20T06:04:40,social_shout_laughter,0.1887,0.6091,0.1298,2835.0,-15.975,1,3.421,0.729,7.411,2.827,0,7.68,19.9,130.6,6,0,11.0,0,0,0,0,controlled_simulation
RN-01044,2026-08-27T22:01:21,exercise_running,0.092,0.08,0.0569,922.2,-20.657,0,8.056,1.769,14.132,5.157,0,9.87,9.8,47.4,22,1,34.6,0,0,0,0,controlled_simulation
RN-00228,2026-08-21T10:33:30,normal_day_walk,0.0914,0.1832,0.1098,1556.2,-18.636,0,2.367,1.529,8.762,3.872,0,3.87,5.6,234.7,10,0,23.9,0,0,0,0,controlled_simulation
RN-01118,2026-08-19T07:25:24,exercise_running,0.0303,0.2388,0.068,2181.9,-21.15,0,6.636,1.503,13.824,7.314,0,9.89,20.2,89.4,7,0,1.0,0,0,0,0,controlled_simulation
RN-01332,2026-08-24T20:20:29,minor_route_deviation,0.065,0.3057,0.0947,1745.1,-14.842,0,1.439,1.226,5.636,3.609,0,3.49,181.3,231.9,20,0,19.0,0,0,0,0,controlled_simulation
RN-01316,2026-08-01T08:34:15,minor_route_deviation,0.0342,0.225,0.0788,2690.3,-10.153,0,1.507,0.841,8.035,3.447,0,8.14,99.2,427.0,8,0,24.3,0,0,0,0,controlled_simulation
RN-00067,2026-08-24T22:21:00,normal_day_walk,0.0577,0.2088,0.0686,2359.5,-21.222,0,3.307,1.256,7.193,4.745,0,5.2,52.2,16.0,22,1,51.5,0,0,0,0,controlled_simulation
RN-00025,2026-08-10T13:40:53,normal_day_walk,0.06,0.0811,0.0975,1912.2,-14.199,0,1.121,1.119,6.556,3.551,0,2.12,6.9,179.6,13,0,34.4,1,0,0,0,controlled_simulation
RN-00145,2026-08-26T18:56:03,normal_day_walk,0.015,0.1496,0.1123,1967.6,-13.868,0,3.532,0.927,11.371,3.016,0,4.09,13.7,95.9,18,0,9.0,1,0,0,0,controlled_simulation
RN-00537,2026-08-16T22:28:10,normal_night_walk,0.0363,0.1397,0.02,2025.9,-10.647,0,3.922,1.553,9.706,2.816,0,4.26,40.5,226.3,22,1,1.0,0,0,0,0,controlled_simulation
RN-00812,2026-08-01T13:48:00,normal_commute,0.0786,0.2673,0.0791,1625.9,-8.473,0,3.851,0.506,4.828,3.199,0,21.25,42.8,65.7,13,0,30.5,0,0,0,0,controlled_simulation
RN-01467,2026-08-27T18:18:13,sudden_phone_drop,0.0389,0.0826,0.0946,2031.0,-18.777,0,10.835,5.83,24.895,21.471,1,6.31,28.7,274.0,18,0,56.0,0,0,0,0,controlled_simulation
RN-00086,2026-08-26T06:40:52,normal_day_walk,0.0504,0.1536,0.0894,1342.9,-11.357,0,4.025,0.493,9.224,2.544,0,5.84,12.7,94.4,6,0,17.6,0,0,0,0,controlled_simulation
RN-01661,2026-08-22T22:10:21,simulated_help_call,0.3263,0.9371,0.2399,2506.3,-14.795,1,2.912,1.711,11.626,2.235,0,7.19,223.4,351.7,22,1,58.0,0,0,0,1,controlled_simulation
RN-01646,2026-08-06T01:25:17,suspicious_night_deviation,0.073,0.1051,0.0762,1343.1,-22.913,0,1.666,0.916,7.748,2.872,0,4.95,351.9,695.7,1,1,71.7,2,0,0,0,controlled_simulation
RN-01805,2026-08-16T12:30:03,simulated_fall,0.03,0.2562,0.0719,1298.4,-16.293,0,24.529,5.317,31.996,21.941,1,8.3,168.0,80.6,12,0,67.9,0,0,0,1,controlled_simulation
RN-01818,2026-08-22T17:10:15,simulated_fall,0.0597,0.2195,0.0719,1526.0,-15.701,0,19.638,7.799,31.227,26.796,1,7.79,124.8,144.0,17,0,80.1,0,0,1,1,controlled_simulation
RN-01577,2026-08-22T21:24:04,suspicious_night_deviation,0.0667,0.1123,0.0824,2030.8,-12.244,0,3.131,1.39,6.834,3.948,0,4.05,392.7,287.7,21,0,64.4,0,0,0,0,controlled_simulation
RN-01145,2026-08-06T19:59:31,social_shout_laughter,0.1999,0.4678,0.1804,3511.6,-20.771,1,3.552,1.384,8.538,2.833,0,3.33,30.5,241.6,19,0,16.1,0,0,0,0,controlled_simulation
RN-00363,2026-08-20T08:42:00,normal_day_walk,0.0607,0.1882,0.0416,1317.3,-20.589,0,3.354,1.559,6.302,2.666,0,6.05,17.2,239.9,8,0,70.7,0,0,0,0,controlled_simulation
RN-01612,2026-08-21T01:56:32,suspicious_night_deviation,0.0562,0.2344,0.1343,3026.3,-14.342,0,2.978,1.414,8.733,4.379,0,2.98,427.4,771.7,1,1,121.2,0,0,0,0,controlled_simulation
RN-01866,2026-08-23T21:44:03,simulated_distress_combined,0.294,0.907,0.2179,2996.8,-13.609,1,19.944,5.127,32.089,25.106,1,7.2,510.5,775.1,21,0,110.6,2,0,1,1,controlled_simulation
RN-01027,2026-08-16T14:24:53,exercise_running,0.0629,0.3994,0.0658,1575.6,-12.811,0,6.154,3.216,14.444,7.581,0,11.37,20.1,112.8,14,0,1.0,0,0,0,0,controlled_simulation
RN-01031,2026-08-31T06:55:34,exercise_running,0.0835,0.2116,0.0368,2385.7,-22.174,0,7.311,2.289,13.741,8.838,0,11.73,42.1,60.2,6,0,25.7,0,0,0,0,controlled_simulation
RN-01304,2026-08-14T12:31:33,minor_route_deviation,0.0418,0.1412,0.0812,700.0,-18.503,0,3.042,1.082,5.504,1.224,0,7.07,87.5,335.8,12,0,15.0,1,0,0,0,controlled_simulation
RN-01356,2026-08-09T20:35:55,minor_route_deviation,0.0734,0.1854,0.0789,1227.8,-15.507,0,2.512,1.102,7.018,4.671,0,3.85,210.4,381.7,20,0,15.0,0,0,0,0,controlled_simulation
RN-01731,2026-08-17T03:02:11,simulated_help_call,0.2108,0.9096,0.2127,2750.0,-12.378,1,4.581,0.902,6.756,4.751,0,1.09,422.2,659.1,3,1,74.9,0,0,1,1,controlled_simulation
RN-00666,2026-08-12T04:16:32,normal_night_walk,0.077,0.0899,0.0749,2059.6,-25.571,0,1.43,1.859,8.125,3.545,0,8.18,23.6,20.0,4,1,19.2,0,0,0,0,controlled_simulation
RN-00365,2026-08-22T09:31:25,normal_day_walk,0.0523,0.1406,0.1021,2197.0,-20.066,0,2.29,1.762,8.433,3.687,0,7.01,13.6,106.0,9,0,7.7,1,0,0,0,controlled_simulation
RN-00078,2026-08-30T13:01:35,normal_day_walk,0.0337,0.1861,0.0955,2548.3,-11.615,0,3.494,0.823,7.553,3.685,0,6.01,25.9,90.5,13,0,4.8,0,0,0,0,controlled_simulation
RN-00028,2026-08-02T06:25:34,normal_day_walk,0.0454,0.1051,0.089,2444.3,-19.714,0,2.611,1.25,7.122,3.394,0,4.76,0.0,223.5,6,0,14.1,0,0,0,0,controlled_simulation
RN-01437,2026-08-12T12:07:09,sudden_phone_drop,0.0317,0.1855,0.0749,2121.2,-16.95,0,15.133,4.768,22.481,17.852,1,2.39,17.3,5.0,12,0,47.3,0,0,0,0,controlled_simulation
RN-00526,2026-08-05T22:36:11,normal_night_walk,0.0669,0.1976,0.0341,2074.7,-19.656,0,2.535,1.408,10.963,2.299,0,6.89,30.3,134.4,22,1,28.9,0,0,0,0,controlled_simulation
RN-01835,2026-08-08T22:46:30,simulated_fall,0.0929,0.4605,0.089,1355.8,-18.553,0,18.15,4.193,30.677,22.221,1,6.39,278.0,130.6,22,1,96.7,1,0,1,1,controlled_simulation
RN-00056,2026-08-04T21:48:50,normal_day_walk,0.0591,0.2463,0.1111,1655.9,-30.508,0,2.2,0.69,5.313,3.347,0,4.98,14.9,130.7,21,0,24.5,0,0,0,0,controlled_simulation
RN-00639,2026-08-17T00:36:46,normal_night_walk,0.0625,0.1124,0.0519,1341.6,-28.493,0,2.47,0.948,7.879,2.853,0,3.33,0.0,166.8,0,1,45.8,1,0,0,0,controlled_simulation
RN-00303,2026-08-08T10:28:46,normal_day_walk,0.0523,0.2206,0.0654,2191.1,-21.252,0,1.96,0.935,6.155,4.764,0,4.93,20.4,5.0,10,0,58.9,1,0,0,0,controlled_simulation
RN-00719,2026-08-29T17:44:24,normal_commute,0.0279,0.18,0.1122,1741.2,-18.857,0,3.239,1.73,3.91,2.663,0,13.0,8.2,101.1,17,0,26.5,1,0,0,0,controlled_simulation
RN-00625,2026-08-14T02:59:39,normal_night_walk,0.0606,0.2288,0.093,2369.5,-16.456,0,3.461,1.065,6.982,3.353,0,4.09,15.1,147.3,2,1,71.9,0,0,0,0,controlled_simulation
RN-00008,2026-08-27T13:10:35,normal_day_walk,0.0838,0.1632,0.1009,2010.6,-10.683,0,2.279,1.163,7.94,4.631,0,5.13,10.6,160.9,13,0,25.4,0,0,0,0,controlled_simulation
RN-00804,2026-08-29T18:28:14,normal_commute,0.0798,0.2674,0.0791,2124.4,-16.697,0,4.282,0.2,8.38,3.255,0,16.39,52.0,166.1,18,0,23.3,0,0,0,0,controlled_simulation
RN-01050,2026-08-24T06:07:34,exercise_running,0.0658,0.2853,0.0651,2082.0,-12.156,0,6.622,1.932,8.19,5.058,0,6.24,20.1,23.4,6,0,34.3,0,0,0,0,controlled_simulation
RN-00337,2026-08-12T21:18:18,normal_day_walk,0.0575,0.3147,0.1254,1852.4,-9.091,0,2.908,1.202,11.489,2.34,0,4.9,12.0,128.0,21,0,16.0,0,0,0,0,controlled_simulation
RN-00048,2026-08-06T13:30:24,normal_day_walk,0.0367,0.3234,0.096,2049.1,-11.752,0,4.807,1.498,5.658,4.026,0,4.33,5.5,141.0,13,0,19.6,0,0,0,0,controlled_simulation
RN-01764,2026-08-21T21:50:18,simulated_fall,0.1081,0.1735,0.089,2028.0,-15.007,0,17.668,3.575,29.753,22.909,1,3.85,92.9,221.9,21,0,61.8,0,0,0,1,controlled_simulation
RN-00107,2026-08-30T13:22:44,normal_day_walk,0.0325,0.2087,0.0518,1628.0,-17.293,0,2.781,1.931,4.025,3.244,0,4.04,0.0,15.6,13,0,15.4,0,0,0,0,controlled_simulation
RN-00350,2026-08-02T16:57:41,normal_day_walk,0.0585,0.2405,0.0779,2032.4,-20.372,0,2.891,0.553,8.742,4.35,0,5.92,36.8,30.8,16,0,22.8,1,0,0,0,controlled_simulation
RN-01080,2026-08-03T07:05:59,exercise_running,0.1014,0.2434,0.0674,1588.7,-14.467,0,5.258,2.773,13.271,4.801,0,9.16,35.6,250.0,7,0,7.7,0,0,0,0,controlled_simulation
RN-00239,2026-08-02T09:32:11,normal_day_walk,0.0493,0.1276,0.0592,1921.6,-18.494,0,3.001,1.205,9.466,0.4,0,2.01,3.2,215.5,9,0,24.1,2,0,0,0,controlled_simulation
RN-00214,2026-08-14T17:31:36,normal_day_walk,0.0422,0.2536,0.0923,1831.8,-28.976,0,1.836,0.663,8.919,5.005,0,1.66,11.1,175.9,17,0,39.8,0,0,0,0,controlled_simulation
RN-01776,2026-08-10T21:15:07,simulated_fall,0.1094,0.379,0.1117,2936.5,-26.427,0,20.099,3.0,31.854,25.755,1,4.63,30.0,93.0,21,0,63.6,1,0,0,1,controlled_simulation
RN-01139,2026-08-04T13:41:33,social_shout_laughter,0.2526,0.6106,0.1523,2459.9,-22.1,1,3.785,0.831,8.504,1.76,0,3.06,49.4,105.6,13,0,11.2,0,0,0,0,controlled_simulation
RN-00794,2026-08-14T13:22:40,normal_commute,0.0581,0.144,0.0661,2008.0,-20.843,0,1.482,0.598,6.566,2.87,0,21.68,49.6,153.3,13,0,58.0,0,0,0,0,controlled_simulation
RN-01587,2026-08-22T04:07:43,suspicious_night_deviation,0.0706,0.1118,0.0996,1388.4,-20.431,0,4.235,1.628,7.732,3.484,0,2.47,442.1,844.3,4,1,125.9,1,0,0,0,controlled_simulation
RN-01583,2026-08-25T21:01:25,suspicious_night_deviation,0.0537,0.2373,0.0806,2301.2,-22.595,0,2.631,1.401,4.55,3.202,0,3.54,322.8,296.9,21,0,91.4,1,0,0,0,controlled_simulation
RN-01672,2026-08-04T21:27:09,simulated_help_call,0.4031,0.8712,0.1501,3194.1,-11.881,1,4.874,1.299,5.894,3.777,0,4.77,100.0,250.9,21,0,76.4,0,0,1,1,controlled_simulation
RN-00524,2026-08-10T23:12:46,normal_night_walk,0.0622,0.2378,0.1251,1247.4,-19.727,0,2.7,1.079,9.824,1.677,0,5.04,54.8,129.7,23,1,19.9,0,0,0,0,controlled_simulation
RN-00233,2026-08-04T14:16:12,normal_day_walk,0.0508,0.1675,0.0967,1783.8,-17.597,0,3.737,1.05,6.943,3.565,0,3.4,7.6,69.7,14,0,34.4,2,0,0,0,controlled_simulation
RN-00645,2026-08-28T05:40:53,normal_night_walk,0.0473,0.04,0.0623,1643.7,-19.173,0,2.99,0.922,9.08,3.508,0,3.94,44.3,97.8,5,0,8.4,0,0,0,0,controlled_simulation
RN-01508,2026-08-24T23:38:33,suspicious_night_deviation,0.0628,0.184,0.0995,1650.9,-16.122,0,3.352,1.004,7.638,2.703,0,2.95,505.4,430.5,23,1,56.5,1,0,0,0,controlled_simulation
RN-00534,2026-08-01T02:52:32,normal_night_walk,0.0627,0.2948,0.118,2305.8,-16.247,0,4.718,0.623,6.801,1.121,0,5.79,42.7,301.1,2,1,19.2,1,0,0,0,controlled_simulation
RN-01942,2026-08-14T21:41:34,manual_sos_simulation,0.0749,0.169,0.0729,1907.5,-12.929,0,1.939,0.985,6.055,3.45,0,5.71,285.1,512.8,21,0,50.6,0,1,1,1,controlled_simulation
RN-00604,2026-08-01T01:27:22,normal_night_walk,0.0621,0.1895,0.0659,1058.9,-11.098,0,1.804,1.023,11.085,3.158,0,2.98,0.0,87.6,1,1,52.5,0,0,0,0,controlled_simulation
RN-01330,2026-08-05T12:24:16,minor_route_deviation,0.015,0.2646,0.0768,2034.5,-16.682,0,3.113,1.438,7.281,4.228,0,3.06,145.2,435.3,12,0,1.7,0,0,0,0,controlled_simulation
RN-01075,2026-08-07T19:23:30,exercise_running,0.0993,0.4051,0.1186,2242.8,-17.24,0,6.617,1.859,10.496,7.763,0,14.23,18.5,169.6,19,0,1.0,0,0,0,0,controlled_simulation
RN-01305,2026-08-25T17:02:45,minor_route_deviation,0.049,0.215,0.076,2107.1,-17.683,0,1.597,0.776,3.689,4.225,0,5.19,151.1,212.9,17,0,50.1,1,0,0,0,controlled_simulation
RN-00061,2026-08-11T21:47:07,normal_day_walk,0.0841,0.1892,0.0736,1516.0,-13.378,0,2.298,1.062,7.429,1.362,0,4.13,49.4,139.8,21,0,32.3,0,0,0,0,controlled_simulation
RN-01264,2026-08-11T12:38:20,minor_route_deviation,0.0556,0.2299,0.039,1727.2,-15.416,0,3.467,1.483,7.186,2.343,0,7.26,164.2,96.1,12,0,1.0,0,0,0,0,controlled_simulation
RN-00093,2026-08-23T06:23:17,normal_day_walk,0.0753,0.1791,0.0436,1674.2,-9.471,0,1.166,1.033,7.174,5.515,0,2.55,0.0,5.0,6,0,27.0,0,0,0,0,controlled_simulation
RN-00667,2026-08-19T01:25:24,normal_night_walk,0.0496,0.0837,0.0971,1295.1,-17.684,0,3.256,0.997,6.578,0.412,0,4.01,9.9,141.1,1,1,27.6,0,0,0,0,controlled_simulation
RN-00281,2026-08-18T16:56:50,normal_day_walk,0.0987,0.1228,0.063,2080.7,-16.712,0,3.468,0.837,11.071,4.064,0,6.78,25.5,138.9,16,0,19.3,0,0,0,0,controlled_simulation
RN-01114,2026-08-31T15:57:31,exercise_running,0.0828,0.2701,0.1053,2448.6,-9.08,0,6.72,1.939,9.353,7.389,0,12.1,7.3,160.7,15,0,53.2,0,0,0,0,controlled_simulation
RN-00360,2026-08-08T21:28:09,normal_day_walk,0.0452,0.2603,0.0811,1698.7,-27.292,0,1.998,0.345,7.565,4.645,0,10.72,20.1,157.6,21,0,1.0,0,0,0,0,controlled_simulation
RN-01129,2026-08-23T14:41:21,social_shout_laughter,0.1166,0.5959,0.122,3034.6,-25.028,0,3.697,1.062,7.054,3.672,0,2.97,12.6,77.4,14,0,50.9,0,0,0,0,controlled_simulation
RN-01170,2026-08-26T19:53:01,social_shout_laughter,0.2889,0.6333,0.09,2798.9,-14.959,1,3.965,0.807,7.543,1.606,0,8.3,11.3,38.2,19,0,32.0,0,0,0,0,controlled_simulation
RN-00848,2026-08-13T17:39:49,normal_commute,0.0226,0.1546,0.0577,2248.2,-11.044,0,3.137,1.513,8.759,3.701,0,20.54,2.2,73.3,17,0,2.6,0,0,0,0,controlled_simulation
RN-01522,2026-08-22T23:58:47,suspicious_night_deviation,0.0586,0.04,0.083,2120.2,-27.346,0,2.137,1.085,6.504,3.16,0,3.97,408.0,416.4,23,1,87.7,0,0,0,0,controlled_simulation
RN-00111,2026-08-18T22:59:13,normal_day_walk,0.0364,0.1849,0.0537,1785.1,-24.084,0,2.141,0.828,6.24,1.731,0,6.98,26.8,293.9,22,1,65.8,0,0,0,0,controlled_simulation
RN-00043,2026-08-24T22:35:40,normal_day_walk,0.07,0.2045,0.1004,2131.3,-11.741,0,5.344,1.247,8.275,2.8,0,6.41,21.8,75.8,22,1,1.3,0,0,0,0,controlled_simulation
RN-00126,2026-08-19T22:04:27,normal_day_walk,0.0454,0.335,0.0449,2355.2,-18.471,0,2.793,0.867,8.368,3.302,0,5.16,23.5,167.3,22,1,23.4,0,0,0,0,controlled_simulation
RN-00205,2026-08-30T07:41:30,normal_day_walk,0.0392,0.1564,0.0677,2027.8,-31.747,0,3.297,0.718,8.161,4.934,0,4.33,22.8,81.7,7,0,54.6,0,0,0,0,controlled_simulation
RN-00053,2026-08-17T13:59:22,normal_day_walk,0.0347,0.1534,0.1259,1698.8,-8.475,0,2.522,0.787,6.847,4.713,0,7.19,0.0,175.6,13,0,53.1,0,0,0,0,controlled_simulation
RN-00546,2026-08-25T03:38:47,normal_night_walk,0.0436,0.04,0.0964,2517.0,-18.998,0,1.684,1.644,5.442,2.555,0,2.94,23.1,117.2,3,1,33.7,0,0,0,0,controlled_simulation
RN-00069,2026-08-09T10:41:43,normal_day_walk,0.0668,0.1606,0.0636,2401.8,-10.104,0,2.664,1.103,9.09,3.216,0,5.2,12.3,14.2,10,0,1.0,1,0,0,0,controlled_simulation
RN-01741,2026-08-28T01:31:34,simulated_help_call,0.2621,0.8891,0.1671,3085.4,-10.891,1,3.045,1.231,4.38,4.104,0,3.39,295.7,590.4,1,1,129.7,0,0,1,1,controlled_simulation
RN-01548,2026-08-08T01:49:15,suspicious_night_deviation,0.025,0.225,0.1008,2124.5,-14.18,0,3.698,1.442,9.567,3.947,0,6.66,288.0,317.9,1,1,65.4,2,0,0,0,controlled_simulation
RN-00184,2026-08-08T18:45:05,normal_day_walk,0.0434,0.1327,0.0722,1514.2,-13.652,0,4.009,1.38,8.054,1.379,0,6.64,7.9,160.2,18,0,2.1,0,0,0,0,controlled_simulation
RN-00138,2026-08-28T12:14:20,normal_day_walk,0.0681,0.1148,0.0755,1856.3,-19.076,0,2.301,1.113,7.846,0.772,0,4.78,11.4,321.0,12,0,34.9,0,0,0,0,controlled_simulation
RN-00900,2026-08-20T13:19:48,normal_commute,0.0413,0.1807,0.1168,1916.5,-16.872,0,2.642,0.911,7.49,4.217,0,20.89,32.0,26.8,13,0,13.5,0,0,0,0,controlled_simulation
RN-00797,2026-08-16T18:41:04,normal_commute,0.0245,0.1638,0.0803,1435.8,-20.291,0,3.182,1.2,6.025,4.369,0,29.57,37.0,216.5,18,0,24.4,1,0,0,0,controlled_simulation
RN-00133,2026-08-25T18:55:25,normal_day_walk,0.062,0.2147,0.0816,1898.4,-16.925,0,4.02,1.17,8.479,2.689,0,7.52,3.3,68.2,18,0,28.8,1,0,0,0,controlled_simulation
RN-00081,2026-08-01T22:51:33,normal_day_walk,0.0765,0.04,0.0468,1839.5,-7.982,0,1.387,1.379,7.621,3.301,0,3.92,40.7,172.7,22,1,21.1,0,0,0,0,controlled_simulation
RN-01987,2026-08-01T20:21:53,manual_sos_simulation,0.0631,0.04,0.0834,1630.0,-20.052,0,2.48,0.898,4.625,1.774,0,6.01,84.6,318.0,20,0,17.4,0,1,1,1,controlled_simulation
RN-01541,2026-08-22T21:31:10,suspicious_night_deviation,0.0551,0.197,0.0573,1637.9,-25.663,0,5.035,1.557,9.084,3.966,0,4.45,267.6,378.2,21,0,54.4,0,0,0,0,controlled_simulation
RN-00542,2026-08-31T21:44:27,normal_night_walk,0.0491,0.293,0.0506,715.3,-18.361,0,4.149,0.526,10.203,4.619,0,3.76,45.9,92.9,21,0,7.1,0,0,0,0,controlled_simulation
RN-01669,2026-08-29T01:03:17,simulated_help_call,0.2635,0.8242,0.2041,2770.7,-6.248,1,3.97,1.775,6.024,3.063,0,5.15,370.9,547.6,1,1,58.0,0,0,0,1,controlled_simulation
RN-00984,2026-08-09T13:53:28,exercise_running,0.0609,0.186,0.1099,2229.5,-19.452,0,6.214,1.823,17.311,9.672,0,8.7,17.0,122.6,13,0,46.2,0,0,0,0,controlled_simulation
RN-00166,2026-08-16T14:01:28,normal_day_walk,0.0767,0.157,0.0778,1413.8,-22.784,0,3.007,1.333,6.33,3.706,0,3.22,17.2,140.5,14,0,45.5,0,0,0,0,controlled_simulation
RN-00249,2026-08-09T11:44:42,normal_day_walk,0.0437,0.122,0.074,1488.1,-22.974,0,4.379,1.569,8.534,2.454,0,6.78,0.0,71.6,11,0,42.7,0,0,0,0,controlled_simulation
RN-00447,2026-08-02T23:50:52,normal_night_walk,0.0471,0.1977,0.0573,1592.3,-20.645,0,3.384,1.311,6.262,3.852,0,6.11,5.9,281.6,23,1,31.1,0,0,0,0,controlled_simulation
RN-01515,2026-08-07T00:58:55,suspicious_night_deviation,0.0522,0.1692,0.0813,1275.1,-15.62,0,2.912,1.376,7.571,2.249,0,5.37,338.3,420.3,0,1,74.8,2,0,0,0,controlled_simulation
RN-00859,2026-08-21T13:02:13,normal_commute,0.0718,0.1428,0.0661,1368.6,-19.979,0,2.5,1.27,7.512,2.373,0,24.6,29.4,170.9,13,0,9.5,1,0,0,0,controlled_simulation
RN-01212,2026-08-07T21:00:40,social_shout_laughter,0.2158,0.7721,0.1404,3499.6,-28.543,1,3.784,1.099,8.509,2.405,0,3.3,12.7,84.9,21,0,13.6,0,0,0,0,controlled_simulation
RN-00098,2026-08-11T13:55:54,normal_day_walk,0.042,0.1393,0.0993,2214.1,-18.729,0,2.871,0.618,6.243,2.126,0,3.55,25.7,175.6,13,0,1.0,1,0,0,0,controlled_simulation
RN-01974,2026-08-18T20:12:27,manual_sos_simulation,0.0697,0.1885,0.0868,1602.5,-15.873,0,1.603,0.416,5.681,1.109,0,5.36,332.8,210.4,20,0,67.9,0,1,1,1,controlled_simulation
RN-00738,2026-08-05T19:13:04,normal_commute,0.0348,0.1564,0.1308,2219.3,-12.387,0,2.694,0.842,6.136,3.636,0,18.63,32.7,113.2,19,0,10.2,0,0,0,0,controlled_simulation
RN-01256,2026-08-13T16:39:32,social_shout_laughter,0.2942,0.7849,0.1838,3084.8,-13.365,1,2.851,0.796,8.64,2.108,0,5.15,39.8,70.2,16,0,26.5,0,0,0,0,controlled_simulation
RN-00103,2026-08-27T10:59:44,normal_day_walk,0.04,0.1902,0.1043,1853.7,-19.019,0,3.185,1.199,9.669,0.882,0,7.86,23.3,237.0,10,0,3.0,1,0,0,0,controlled_simulation
RN-00435,2026-08-11T21:43:18,normal_night_walk,0.015,0.3006,0.1161,1291.2,-6.013,0,3.002,1.259,10.416,3.36,0,4.39,38.3,200.9,21,0,21.6,0,0,0,0,controlled_simulation
RN-00075,2026-08-17T08:28:03,normal_day_walk,0.0548,0.0837,0.1183,2303.4,-19.283,0,2.915,1.228,8.726,2.831,0,2.62,30.0,68.0,8,0,36.4,0,0,0,0,controlled_simulation
RN-01792,2026-08-04T11:23:35,simulated_fall,0.1276,0.3198,0.0873,1526.3,-16.79,0,18.055,5.941,34.527,36.376,1,7.16,171.2,213.2,11,0,30.1,0,0,0,1,controlled_simulation
RN-01235,2026-08-30T21:29:38,social_shout_laughter,0.1838,0.8274,0.1703,2937.8,-16.523,1,3.528,0.89,9.484,1.803,0,4.17,14.2,170.2,21,0,1.0,0,0,0,0,controlled_simulation
RN-00919,2026-08-14T07:39:10,normal_commute,0.0326,0.1452,0.0961,2637.8,-28.704,0,4.12,1.026,6.257,2.246,0,34.8,28.7,238.6,7,0,27.2,0,0,0,0,controlled_simulation
RN-01712,2026-08-28T01:54:33,simulated_help_call,0.2346,0.8033,0.225,3486.4,-16.783,1,3.442,0.769,6.751,2.247,0,5.11,210.5,566.4,1,1,121.5,0,0,1,1,controlled_simulation
RN-01671,2026-08-16T20:13:03,simulated_help_call,0.3128,0.8209,0.2203,3629.1,-9.369,1,2.36,1.023,4.871,1.474,0,4.16,480.4,424.4,20,0,90.0,0,0,1,1,controlled_simulation
RN-01621,2026-08-15T00:31:41,suspicious_night_deviation,0.0184,0.2661,0.1004,2427.1,-21.443,0,3.218,1.183,10.203,0.4,0,1.51,252.7,782.4,0,1,95.5,2,0,0,0,controlled_simulation
RN-00763,2026-08-07T08:39:08,normal_commute,0.0708,0.1406,0.0978,1447.7,-17.008,0,3.997,1.456,8.855,3.161,0,19.8,1.1,211.3,8,0,27.3,0,0,0,0,controlled_simulation
RN-00990,2026-08-16T06:01:38,exercise_running,0.0909,0.0895,0.1282,2350.9,-19.78,0,6.789,2.529,15.736,5.051,0,10.36,0.0,95.0,6,0,30.9,0,0,0,0,controlled_simulation
RN-00389,2026-08-29T22:50:28,normal_day_walk,0.0704,0.0872,0.0939,1513.1,-17.317,0,3.001,0.94,7.222,4.018,0,5.12,42.0,119.3,22,1,21.9,1,0,0,0,controlled_simulation
RN-00236,2026-08-14T07:30:16,normal_day_walk,0.0686,0.1641,0.0353,1650.1,-14.203,0,2.753,1.03,4.956,3.476,0,7.34,14.1,83.1,7,0,21.8,0,0,0,0,controlled_simulation
RN-01507,2026-08-13T00:16:05,suspicious_night_deviation,0.0748,0.1688,0.0954,1865.1,-13.708,0,4.552,1.184,7.638,2.411,0,5.54,612.6,403.7,0,1,99.6,0,0,0,0,controlled_simulation
RN-00268,2026-08-10T14:24:30,normal_day_walk,0.0603,0.2583,0.06,2004.2,-12.21,0,2.78,1.404,6.158,2.427,0,1.87,33.6,276.0,14,0,18.3,1,0,0,0,controlled_simulation
RN-01188,2026-08-21T08:41:17,social_shout_laughter,0.1393,0.6957,0.1828,3609.9,-16.281,1,4.963,1.071,4.784,2.854,0,3.22,11.9,5.8,8,0,1.0,1,0,0,0,controlled_simulation
RN-00118,2026-08-01T08:44:13,normal_day_walk,0.0707,0.1407,0.0982,2664.0,-10.873,0,2.645,0.682,5.371,0.806,0,4.62,27.5,106.6,8,0,29.2,1,0,0,0,controlled_simulation
RN-01607,2026-08-09T01:00:51,suspicious_night_deviation,0.0239,0.2596,0.044,2222.6,-9.293,0,3.183,0.947,3.464,3.915,0,4.54,266.1,706.9,1,1,40.0,2,0,0,0,controlled_simulation
RN-00674,2026-08-19T23:24:50,normal_night_walk,0.0336,0.1339,0.0249,1569.5,-13.426,0,2.359,0.64,9.665,2.568,0,4.58,44.5,94.3,23,1,16.0,0,0,0,0,controlled_simulation
RN-00250,2026-08-19T13:26:34,normal_day_walk,0.043,0.2007,0.0882,1735.0,-19.788,0,3.481,1.011,8.989,3.93,0,2.19,21.1,161.1,13,0,55.6,0,0,0,0,controlled_simulation
RN-01453,2026-08-29T13:58:27,sudden_phone_drop,0.0675,0.3346,0.0914,2540.8,-15.433,0,19.71,4.771,27.157,19.106,1,3.54,55.6,151.6,13,0,45.1,0,0,0,0,controlled_simulation
RN-01995,2026-08-18T06:11:33,manual_sos_simulation,0.0515,0.04,0.0725,1052.4,-13.148,0,3.717,1.036,2.798,1.664,0,6.21,272.4,451.7,6,0,29.3,2,1,1,1,controlled_simulation
RN-00095,2026-08-26T07:42:18,normal_day_walk,0.0609,0.1652,0.0833,1880.6,-15.259,0,3.649,0.362,7.414,5.397,0,2.87,10.1,83.8,7,0,48.9,0,0,0,0,controlled_simulation
RN-00034,2026-08-24T20:50:50,normal_day_walk,0.0469,0.2117,0.0201,1496.0,-26.432,0,1.791,1.323,6.422,4.377,0,5.46,39.9,107.4,20,0,8.1,0,0,0,0,controlled_simulation
RN-01464,2026-08-27T06:51:51,sudden_phone_drop,0.0581,0.1529,0.0657,1413.1,-24.288,0,17.168,5.767,21.92,12.744,1,4.86,8.8,39.0,6,0,1.0,1,0,0,0,controlled_simulation
RN-01668,2026-08-19T23:17:08,simulated_help_call,0.2753,0.7785,0.1583,2885.6,-11.982,1,1.975,0.905,7.879,3.268,0,6.57,187.8,552.3,23,1,106.8,1,0,1,1,controlled_simulation
RN-00449,2026-08-26T22:45:17,normal_night_walk,0.0392,0.2256,0.0829,1281.8,-15.303,0,3.141,1.302,7.134,2.055,0,2.34,7.9,271.8,22,1,23.5,0,0,0,0,controlled_simulation
RN-00717,2026-08-27T17:04:38,normal_commute,0.0445,0.1432,0.0604,1809.1,-13.558,0,2.207,0.883,7.518,3.282,0,8.02,24.9,23.1,17,0,27.4,0,0,0,0,controlled_simulation
RN-01810,2026-08-29T13:57:12,simulated_fall,0.0518,0.4698,0.0838,1482.2,-16.166,0,15.201,4.653,31.889,27.097,1,9.77,162.6,79.1,13,0,85.4,0,0,1,1,controlled_simulation
RN-01518,2026-08-26T04:03:16,suspicious_night_deviation,0.0671,0.1291,0.0834,2223.1,-24.257,0,3.235,0.636,10.083,3.087,0,1.69,440.4,250.0,4,1,64.5,2,0,0,0,controlled_simulation
RN-00001,2026-08-14T17:27:13,normal_day_walk,0.0573,0.1579,0.0817,2357.3,-15.662,0,3.185,0.801,9.259,3.933,0,6.35,31.2,5.0,17,0,1.6,1,0,0,0,controlled_simulation
RN-01376,2026-08-21T21:17:31,minor_route_deviation,0.0676,0.1327,0.114,1894.9,-8.459,0,3.064,0.689,4.717,3.098,0,4.01,122.6,253.4,21,0,40.0,2,0,0,0,controlled_simulation
RN-01102,2026-08-07T07:55:57,exercise_running,0.1045,0.409,0.0643,1181.6,-16.584,0,4.572,1.991,14.077,12.373,0,8.18,47.5,164.7,7,0,64.3,0,0,0,0,controlled_simulation
RN-01109,2026-08-20T17:40:32,exercise_running,0.1047,0.3643,0.1242,1319.0,-24.087,0,7.08,2.887,8.923,9.548,0,12.36,21.1,127.6,17,0,1.0,1,0,0,0,controlled_simulation
RN-01227,2026-08-13T13:44:09,social_shout_laughter,0.2317,0.7836,0.1786,2762.3,-17.701,1,4.517,1.496,7.042,1.115,0,6.24,8.0,76.2,13,0,24.6,1,0,0,0,controlled_simulation
RN-00083,2026-08-14T21:37:40,normal_day_walk,0.0428,0.2083,0.0429,2385.7,-21.803,0,3.709,1.743,7.094,3.451,0,0.2,13.1,33.8,21,0,39.5,0,0,0,0,controlled_simulation
RN-01289,2026-08-13T13:42:20,minor_route_deviation,0.0395,0.128,0.0786,2152.2,-16.355,0,5.211,0.788,8.24,3.696,0,4.68,90.8,309.0,13,0,28.6,0,0,0,0,controlled_simulation
RN-00677,2026-08-23T02:25:06,normal_night_walk,0.0638,0.1183,0.0884,1664.6,-12.251,0,3.828,0.92,8.89,0.792,0,3.48,21.3,304.9,2,1,29.8,0,0,0,0,controlled_simulation
RN-01921,2026-08-05T17:30:32,manual_sos_simulation,0.0423,0.0905,0.0681,2500.7,-13.141,0,1.678,1.023,7.79,2.14,0,4.52,219.0,414.5,17,0,14.1,1,1,1,1,controlled_simulation
RN-01047,2026-08-16T08:02:12,exercise_running,0.123,0.3733,0.082,1577.7,-18.889,0,8.433,2.303,13.143,4.847,0,14.11,27.8,176.8,8,0,45.6,0,0,0,0,controlled_simulation
RN-00771,2026-08-17T13:45:09,normal_commute,0.0957,0.1371,0.0805,2212.1,-14.69,0,4.748,1.035,10.661,2.118,0,24.6,16.2,236.9,13,0,5.2,0,0,0,0,controlled_simulation
RN-01947,2026-08-16T13:52:08,manual_sos_simulation,0.0585,0.04,0.0454,1355.8,-10.383,0,3.619,1.111,7.995,2.852,0,5.27,172.9,471.2,13,0,27.9,0,1,1,1,controlled_simulation
RN-01281,2026-08-28T10:13:39,minor_route_deviation,0.0453,0.1738,0.1327,1652.5,-14.081,0,3.247,1.103,10.977,3.795,0,8.72,112.7,188.3,10,0,15.4,0,0,0,0,controlled_simulation
RN-01581,2026-08-20T03:58:48,suspicious_night_deviation,0.0542,0.2362,0.0653,1607.4,-24.957,0,3.697,0.784,7.316,3.526,0,4.72,180.0,460.1,3,1,57.6,1,0,0,0,controlled_simulation
RN-01489,2026-08-17T04:48:56,suspicious_night_deviation,0.0518,0.1388,0.0752,1743.7,-17.739,0,3.145,0.343,6.556,2.506,0,2.95,602.5,437.6,4,1,41.8,3,0,0,0,controlled_simulation
RN-00405,2026-08-04T15:14:00,normal_day_walk,0.086,0.2935,0.0879,1705.2,-16.342,0,3.193,0.941,10.426,3.961,0,5.3,35.3,131.8,15,0,25.6,0,0,0,0,controlled_simulation
RN-01728,2026-08-22T22:16:13,simulated_help_call,0.2537,0.7679,0.2827,2501.2,-10.06,1,2.595,0.731,4.891,5.293,0,8.79,217.4,210.4,22,1,76.5,0,0,1,1,controlled_simulation
RN-01299,2026-08-26T18:00:44,minor_route_deviation,0.0406,0.1398,0.1035,1520.1,-23.407,0,4.614,0.711,5.998,6.478,0,6.59,60.0,260.7,18,0,20.9,0,0,0,0,controlled_simulation
RN-01341,2026-08-03T15:26:38,minor_route_deviation,0.0576,0.1563,0.0833,1720.8,-14.622,0,5.469,0.914,8.466,1.199,0,7.51,161.6,405.9,15,0,16.8,0,0,0,0,controlled_simulation
RN-00105,2026-08-30T13:36:58,normal_day_walk,0.0532,0.3059,0.087,1535.6,-18.447,0,4.272,0.856,7.948,3.002,0,6.35,19.8,354.8,13,0,5.2,1,0,0,0,controlled_simulation
RN-00689,2026-08-12T13:38:10,normal_commute,0.0331,0.0806,0.0643,1508.8,-16.684,0,2.881,0.664,8.541,2.506,0,18.26,28.6,183.7,13,0,25.5,2,0,0,0,controlled_simulation
RN-01306,2026-08-09T17:05:42,minor_route_deviation,0.0477,0.2696,0.1323,1872.6,-22.992,0,2.916,1.263,2.826,1.184,0,5.07,140.9,134.2,17,0,22.4,0,0,0,0,controlled_simulation
RN-00827,2026-08-19T09:59:34,normal_commute,0.0462,0.1707,0.0868,2004.4,-21.372,0,4.047,1.281,5.249,1.718,0,27.55,39.6,81.5,9,0,25.6,0,0,0,0,controlled_simulation
RN-00063,2026-08-28T10:24:20,normal_day_walk,0.0873,0.272,0.0833,2220.7,-18.296,0,3.101,1.223,9.034,3.145,0,4.46,11.2,218.4,10,0,51.6,0,0,0,0,controlled_simulation
RN-00853,2026-08-21T09:27:13,normal_commute,0.0529,0.3091,0.0767,1653.3,-22.735,0,2.967,0.356,10.29,3.539,0,29.63,25.9,70.7,9,0,21.4,0,0,0,0,controlled_simulation
RN-01354,2026-08-08T06:14:46,minor_route_deviation,0.0521,0.2059,0.0939,1945.1,-13.115,0,3.606,1.359,3.684,1.647,0,5.06,60.5,197.7,6,0,29.5,0,0,0,0,controlled_simulation
RN-00224,2026-08-01T18:52:04,normal_day_walk,0.0324,0.1681,0.0923,2232.9,-14.371,0,4.443,1.687,8.935,1.572,0,6.05,6.4,204.6,18,0,27.0,0,0,0,0,controlled_simulation
RN-00146,2026-08-28T07:12:36,normal_day_walk,0.0952,0.1611,0.0204,2082.5,-29.097,0,3.578,1.54,9.781,3.014,0,5.89,23.1,114.1,7,0,32.3,0,0,0,0,controlled_simulation
RN-01089,2026-08-09T22:23:03,exercise_running,0.1247,0.1663,0.0864,2958.0,-7.845,0,8.343,2.919,12.685,10.035,0,12.26,21.3,40.0,22,1,12.6,0,0,0,0,controlled_simulation
RN-00374,2026-08-23T06:43:25,normal_day_walk,0.0675,0.0534,0.0995,1198.2,-11.792,0,3.584,1.028,7.76,1.906,0,3.4,32.7,428.7,6,0,1.0,0,0,0,0,controlled_simulation
RN-01421,2026-08-28T13:27:14,sudden_phone_drop,0.0466,0.241,0.0719,2339.6,-21.519,0,12.73,5.961,21.809,10.728,1,7.53,20.3,163.2,13,0,17.8,0,0,0,0,controlled_simulation
RN-01143,2026-08-17T11:52:48,social_shout_laughter,0.2482,0.5632,0.1229,2701.3,-18.551,1,4.732,1.893,9.395,3.967,0,6.15,29.8,97.1,11,0,32.4,1,0,0,0,controlled_simulation
RN-01827,2026-08-03T13:37:12,simulated_fall,0.0836,0.35,0.0821,2069.0,-20.145,0,23.947,4.774,29.184,32.582,1,1.35,197.3,109.8,13,0,38.5,0,0,1,1,controlled_simulation
RN-01495,2026-08-25T02:35:20,suspicious_night_deviation,0.0709,0.2097,0.0322,888.0,-17.431,0,5.603,1.616,5.343,2.377,0,6.47,276.9,782.6,2,1,78.2,0,0,0,0,controlled_simulation
RN-01602,2026-08-16T23:07:47,suspicious_night_deviation,0.0482,0.1644,0.129,2547.5,-14.054,0,2.894,0.886,5.658,3.608,0,6.31,295.9,250.0,23,1,125.5,0,0,0,0,controlled_simulation
RN-01271,2026-08-19T10:23:34,minor_route_deviation,0.0703,0.2768,0.1421,1958.4,-12.266,0,4.295,1.163,10.002,2.373,0,6.32,113.7,304.9,10,0,13.4,0,0,0,0,controlled_simulation
RN-00010,2026-08-17T15:58:13,normal_day_walk,0.0521,0.1075,0.0833,2292.2,-20.496,0,1.693,0.93,7.392,5.122,0,3.9,16.0,235.9,15,0,27.8,0,0,0,0,controlled_simulation
RN-00450,2026-08-31T02:59:55,normal_night_walk,0.0557,0.3086,0.0215,1345.3,-15.667,0,2.939,1.485,5.616,3.504,0,3.78,28.4,270.6,2,1,55.0,0,0,0,0,controlled_simulation
RN-00709,2026-08-12T17:54:51,normal_commute,0.0527,0.2055,0.0795,2184.6,-12.666,0,1.589,1.081,5.255,3.282,0,20.75,40.5,5.0,17,0,4.5,0,0,0,0,controlled_simulation
RN-00256,2026-08-09T16:07:33,normal_day_walk,0.051,0.169,0.02,1633.6,-19.978,0,3.056,1.596,5.068,2.01,0,3.52,17.0,131.5,16,0,1.0,0,0,0,0,controlled_simulation
RN-00883,2026-08-25T07:02:39,normal_commute,0.055,0.0878,0.0791,1588.1,-5.827,0,3.584,1.123,7.068,2.251,0,16.56,18.3,87.4,7,0,42.5,0,0,0,0,controlled_simulation
RN-00390,2026-08-20T08:40:52,normal_day_walk,0.0411,0.2518,0.0852,2192.5,-19.443,0,2.641,0.881,9.926,4.193,0,4.65,17.1,5.0,8,0,50.4,0,0,0,0,controlled_simulation
RN-00909,2026-08-22T13:00:08,normal_commute,0.0506,0.2677,0.0631,2746.4,-17.377,0,1.25,1.509,5.677,3.317,0,13.75,19.6,68.8,13,0,7.1,0,0,0,0,controlled_simulation
RN-00925,2026-08-01T09:12:36,normal_commute,0.0666,0.2022,0.0382,2643.2,-29.064,0,3.622,0.986,5.362,1.287,0,25.16,10.2,172.5,9,0,29.1,0,0,0,0,controlled_simulation
RN-01704,2026-08-12T05:48:54,simulated_help_call,0.1874,0.8974,0.2164,2916.6,-14.171,1,1.934,0.715,10.775,3.334,0,3.34,280.5,405.0,5,0,60.0,0,0,1,1,controlled_simulation
RN-01233,2026-08-26T10:57:14,social_shout_laughter,0.2416,0.5551,0.1918,3202.0,-11.79,1,3.218,1.263,6.926,5.236,0,0.45,29.5,246.6,10,0,6.1,1,0,0,0,controlled_simulation
RN-00461,2026-08-22T04:00:41,normal_night_walk,0.0416,0.2621,0.0773,2340.1,-16.944,0,2.425,0.952,8.55,1.664,0,3.23,40.7,293.4,4,1,27.0,0,0,0,0,controlled_simulation
RN-01270,2026-08-26T16:51:44,minor_route_deviation,0.0578,0.1917,0.0815,2107.1,-15.805,0,1.545,1.236,9.674,2.738,0,4.91,60.0,150.4,16,0,1.0,0,0,0,0,controlled_simulation
RN-01760,2026-08-07T20:44:49,simulated_fall,0.0914,0.5345,0.0808,1641.6,-15.853,0,22.788,6.051,29.388,31.107,1,1.81,91.0,118.2,20,0,85.7,0,0,0,1,controlled_simulation
RN-01169,2026-08-29T07:52:52,social_shout_laughter,0.1215,0.7049,0.12,2741.6,-24.312,1,4.16,1.447,4.222,1.326,0,1.31,26.3,202.7,7,0,21.1,1,0,0,0,controlled_simulation
RN-00959,2026-08-27T08:31:49,exercise_running,0.073,0.2564,0.0817,895.0,-18.206,0,8.092,1.966,15.847,5.747,0,10.06,40.3,159.5,8,0,1.0,0,0,0,0,controlled_simulation
RN-00502,2026-08-29T02:17:42,normal_night_walk,0.0749,0.1358,0.0892,1083.9,-15.514,0,3.347,0.647,5.433,3.062,0,6.08,41.2,144.8,2,1,14.9,0,0,0,0,controlled_simulation
RN-00740,2026-08-26T13:11:37,normal_commute,0.0633,0.3452,0.072,2230.0,-10.865,0,2.646,1.843,9.037,4.608,0,17.02,0.0,248.2,13,0,49.8,0,0,0,0,controlled_simulation
RN-01850,2026-08-24T00:00:44,simulated_distress_combined,0.3586,0.9284,0.2006,3529.2,-6.972,1,19.556,4.664,30.126,25.293,1,12.78,638.0,503.1,0,1,145.9,1,0,1,1,controlled_simulation
RN-00869,2026-08-09T07:33:01,normal_commute,0.045,0.1382,0.1002,1780.6,-12.747,0,3.82,0.754,6.785,2.346,0,11.09,24.1,56.3,7,0,4.9,0,0,0,0,controlled_simulation
RN-00732,2026-08-23T18:10:12,normal_commute,0.0448,0.1403,0.0971,1251.0,-24.408,0,4.571,0.607,8.471,5.078,0,18.95,29.1,79.0,18,0,29.4,0,0,0,0,controlled_simulation
RN-00540,2026-08-05T21:48:51,normal_night_walk,0.071,0.271,0.0443,2104.3,-9.875,0,3.101,0.798,11.72,1.168,0,2.77,37.0,20.0,21,0,47.8,0,0,0,0,controlled_simulation
RN-01202,2026-08-10T16:10:25,social_shout_laughter,0.1822,0.538,0.1639,2441.6,-27.161,1,4.756,1.18,8.247,2.511,0,7.3,10.5,200.1,16,0,49.9,0,0,0,0,controlled_simulation
RN-00698,2026-08-14T19:11:36,normal_commute,0.048,0.2026,0.1182,1328.4,-15.864,0,5.746,1.168,7.365,1.816,0,16.86,0.0,140.3,19,0,70.9,0,0,0,0,controlled_simulation
RN-01393,2026-08-01T15:49:14,minor_route_deviation,0.0739,0.2727,0.0787,1880.0,-11.571,0,4.525,0.525,8.466,3.324,0,5.81,176.7,348.7,15,0,18.8,1,0,0,0,controlled_simulation
RN-01377,2026-08-18T11:57:26,minor_route_deviation,0.0624,0.0716,0.0787,1569.3,-18.412,0,3.273,1.397,9.369,3.62,0,5.34,204.4,280.0,11,0,16.0,0,0,0,0,controlled_simulation
RN-01146,2026-08-01T21:10:13,social_shout_laughter,0.1647,0.7777,0.1963,3442.3,-14.825,1,3.415,0.949,7.574,2.735,0,4.31,21.3,69.4,21,0,20.8,0,0,0,0,controlled_simulation
RN-01032,2026-08-24T17:33:48,exercise_running,0.0797,0.2235,0.1265,2067.4,-8.454,0,8.02,2.003,10.314,7.012,0,12.57,33.4,171.0,17,0,10.4,1,0,0,0,controlled_simulation
RN-00373,2026-08-06T06:06:14,normal_day_walk,0.0341,0.1015,0.0429,2148.4,-31.893,0,3.888,1.186,8.722,0.792,0,3.75,14.6,138.2,6,0,1.0,0,0,0,0,controlled_simulation
RN-00668,2026-08-04T20:38:47,normal_night_walk,0.051,0.2657,0.0767,2222.5,-26.524,0,2.744,1.193,7.952,4.389,0,5.59,0.0,258.6,20,0,19.3,0,0,0,0,controlled_simulation
RN-01526,2026-08-01T02:59:02,suspicious_night_deviation,0.0575,0.2265,0.0899,846.8,-18.57,0,4.535,1.338,10.343,2.273,0,3.84,477.3,268.1,2,1,78.7,0,0,0,0,controlled_simulation
RN-00358,2026-08-08T18:56:19,normal_day_walk,0.0946,0.1974,0.1086,2119.5,-17.898,0,2.843,0.886,3.806,2.666,0,4.37,14.2,269.4,18,0,36.9,0,0,0,0,controlled_simulation
RN-00968,2026-08-29T17:17:22,exercise_running,0.1011,0.284,0.0751,1222.7,-26.608,0,5.921,2.072,14.706,7.937,0,7.29,27.8,227.9,17,0,33.2,1,0,0,0,controlled_simulation
RN-00784,2026-08-03T08:11:40,normal_commute,0.082,0.2458,0.0716,1866.5,-23.329,0,2.455,1.047,8.534,2.563,0,19.43,0.0,189.3,8,0,14.2,1,0,0,0,controlled_simulation
RN-00736,2026-08-12T13:46:17,normal_commute,0.0645,0.1195,0.0935,1768.5,-14.415,0,1.905,1.028,9.124,2.735,0,27.63,5.0,153.1,13,0,55.9,0,0,0,0,controlled_simulation
RN-01036,2026-08-27T22:42:11,exercise_running,0.0876,0.3617,0.0861,1737.7,-25.802,0,6.729,2.414,14.049,5.143,0,13.24,0.9,65.5,22,1,42.4,0,0,0,0,controlled_simulation
RN-00971,2026-08-23T18:28:06,exercise_running,0.1097,0.1964,0.1123,2081.2,-8.434,0,6.073,1.761,13.597,7.933,0,12.47,26.6,253.4,18,0,13.4,1,0,0,0,controlled_simulation
RN-01525,2026-08-31T04:52:43,suspicious_night_deviation,0.0519,0.3789,0.0807,2603.2,-4.093,0,4.595,0.87,7.753,0.617,0,5.53,405.4,573.6,4,1,134.5,1,0,0,0,controlled_simulation
RN-01487,2026-08-26T23:25:01,suspicious_night_deviation,0.0338,0.1737,0.069,1652.2,-16.561,0,4.374,1.459,6.809,2.561,0,3.09,546.9,882.0,23,1,101.3,0,0,0,0,controlled_simulation
RN-01524,2026-08-16T23:56:23,suspicious_night_deviation,0.082,0.0935,0.0785,1016.7,-19.875,0,1.563,1.159,8.471,3.177,0,5.49,354.2,250.0,23,1,106.6,1,0,0,0,controlled_simulation
RN-01491,2026-08-12T00:26:58,suspicious_night_deviation,0.0643,0.213,0.088,2002.1,-14.051,0,3.037,0.956,5.288,2.163,0,3.85,251.2,254.5,0,1,59.5,3,0,0,0,controlled_simulation
RN-01643,2026-08-30T22:24:44,suspicious_night_deviation,0.0821,0.1984,0.0357,1503.9,-12.51,0,1.744,1.047,8.437,4.196,0,6.45,600.2,588.9,22,1,96.4,1,0,0,0,controlled_simulation
RN-01253,2026-08-18T13:33:17,social_shout_laughter,0.2463,0.5436,0.173,3288.7,-25.285,1,3.564,0.955,8.944,4.314,0,6.66,4.4,5.0,13,0,34.0,0,0,0,0,controlled_simulation
RN-01694,2026-08-19T21:23:50,simulated_help_call,0.16,0.8459,0.1569,3160.3,-0.716,1,4.373,1.822,5.658,4.223,0,1.09,215.6,278.7,21,0,107.3,0,0,0,1,controlled_simulation
RN-01750,2026-08-08T00:25:48,simulated_help_call,0.2881,0.7462,0.1562,3649.0,-15.036,1,3.989,1.268,9.02,4.241,0,2.27,120.5,439.5,0,1,104.6,0,0,0,1,controlled_simulation
RN-01237,2026-08-22T14:00:14,social_shout_laughter,0.1492,0.8028,0.2042,1964.8,-16.079,1,4.317,0.884,7.691,4.18,0,5.64,30.7,81.4,14,0,5.2,1,0,0,0,controlled_simulation
RN-00886,2026-08-24T08:56:02,normal_commute,0.0259,0.1817,0.1153,1661.1,-23.858,0,3.631,1.046,7.482,3.502,0,29.3,4.1,102.0,8,0,14.8,0,0,0,0,controlled_simulation
RN-00080,2026-08-06T11:06:55,normal_day_walk,0.0541,0.1719,0.1184,2502.2,-19.875,0,2.448,1.332,8.8,3.712,0,6.8,19.4,211.6,11,0,17.0,0,0,0,0,controlled_simulation
RN-01173,2026-08-10T19:32:10,social_shout_laughter,0.1743,0.6879,0.1365,2437.6,-24.236,1,3.454,0.331,6.403,4.312,0,6.73,5.1,67.3,19,0,34.6,0,0,0,0,controlled_simulation
RN-00815,2026-08-29T07:57:26,normal_commute,0.0507,0.1197,0.1256,2153.5,-15.879,0,2.782,1.038,9.108,3.613,0,16.16,6.3,198.2,7,0,25.2,0,0,0,0,controlled_simulation
RN-01286,2026-08-03T20:13:38,minor_route_deviation,0.0492,0.093,0.079,2048.7,-13.619,0,2.546,0.559,8.973,3.967,0,3.96,134.6,403.3,20,0,24.7,0,0,0,0,controlled_simulation
RN-00672,2026-08-01T23:12:13,normal_night_walk,0.071,0.1828,0.0748,1975.3,-22.398,0,3.007,0.525,5.54,4.438,0,5.15,1.4,190.0,23,1,1.0,0,0,0,0,controlled_simulation
RN-01532,2026-08-19T02:56:37,suspicious_night_deviation,0.0519,0.1271,0.0671,857.2,-21.329,0,2.156,1.08,9.136,2.902,0,3.51,259.0,725.2,2,1,89.8,0,0,0,0,controlled_simulation
RN-00058,2026-08-04T18:02:56,normal_day_walk,0.065,0.1364,0.1141,1003.6,-19.59,0,4.089,1.505,10.373,3.635,0,5.13,2.9,72.3,18,0,32.1,1,0,0,0,controlled_simulation
RN-00134,2026-08-16T18:09:08,normal_day_walk,0.0947,0.1433,0.0705,1995.8,-21.994,0,3.58,1.474,7.696,5.805,0,3.54,18.9,137.5,18,0,28.5,0,0,0,0,controlled_simulation
RN-01141,2026-08-17T09:56:46,social_shout_laughter,0.2734,0.4697,0.1547,2577.6,-11.902,1,2.437,1.327,7.337,2.247,0,3.19,0.0,65.3,9,0,38.7,0,0,0,0,controlled_simulation
RN-00934,2026-08-03T13:47:15,normal_commute,0.0502,0.0794,0.121,1134.9,-24.836,0,2.251,0.776,9.285,4.455,0,25.73,32.5,5.0,13,0,31.9,0,0,0,0,controlled_simulation
RN-01685,2026-08-30T02:55:16,simulated_help_call,0.16,0.8266,0.1917,3333.7,-10.948,1,2.354,1.921,9.889,3.365,0,7.29,352.1,551.7,2,1,38.5,0,0,0,1,controlled_simulation
RN-00824,2026-08-02T18:42:40,normal_commute,0.0312,0.22,0.0632,2094.7,-15.065,0,3.48,1.029,8.399,2.562,0,14.44,21.7,87.5,18,0,32.2,1,0,0,0,controlled_simulation
RN-01215,2026-08-21T17:49:01,social_shout_laughter,0.09,0.6364,0.1857,2330.9,-12.715,1,3.887,1.698,9.629,3.398,0,4.35,21.9,79.9,17,0,23.1,1,0,0,0,controlled_simulation
RN-00505,2026-08-07T00:39:34,normal_night_walk,0.0429,0.1683,0.0943,1516.7,-17.031,0,2.726,1.559,7.096,3.186,0,5.4,26.1,24.6,0,1,28.4,0,0,0,0,controlled_simulation
RN-01775,2026-08-13T18:37:56,simulated_fall,0.1726,0.6308,0.0308,1295.2,-26.238,1,18.404,7.895,25.217,27.082,1,4.59,74.4,116.8,18,0,74.1,0,0,0,1,controlled_simulation
RN-00348,2026-08-08T22:50:52,normal_day_walk,0.0152,0.2195,0.0499,1820.7,-9.649,0,2.109,1.146,8.242,3.723,0,5.3,23.0,36.1,22,1,8.9,0,0,0,0,controlled_simulation
RN-00387,2026-08-27T13:14:22,normal_day_walk,0.0728,0.2001,0.0937,2151.4,-31.335,0,2.627,1.125,6.545,4.937,0,8.77,0.0,108.1,13,0,6.4,0,0,0,0,controlled_simulation
RN-01025,2026-08-05T11:02:33,exercise_running,0.0579,0.369,0.0715,1583.5,-7.974,0,5.828,1.633,13.023,8.594,0,9.82,25.0,204.8,11,0,11.1,1,0,0,0,controlled_simulation
RN-00895,2026-08-07T07:36:37,normal_commute,0.0314,0.2849,0.0726,2173.2,-18.866,0,2.683,1.221,10.682,3.39,0,21.13,21.3,162.0,7,0,52.9,1,0,0,0,controlled_simulation
RN-00829,2026-08-05T08:29:08,normal_commute,0.0644,0.0726,0.12,1130.2,-13.617,0,2.991,0.986,7.253,3.303,0,4.0,50.1,42.6,8,0,1.0,1,0,0,0,controlled_simulation
RN-01893,2026-08-28T00:56:58,simulated_distress_combined,0.3938,0.896,0.1389,3887.1,-7.094,1,24.399,4.159,28.352,27.074,1,12.0,729.5,519.4,0,1,89.8,2,0,1,1,controlled_simulation
RN-00476,2026-08-28T05:32:03,normal_night_walk,0.0342,0.2714,0.0843,2097.2,-28.331,0,4.209,1.063,4.708,1.432,0,6.86,46.3,158.2,5,0,12.0,0,0,0,0,controlled_simulation
RN-01471,2026-08-24T13:12:25,sudden_phone_drop,0.0711,0.1714,0.1169,1629.1,-9.769,0,19.065,4.773,22.446,17.944,1,2.9,17.9,74.0,13,0,51.3,0,0,0,0,controlled_simulation
RN-01448,2026-08-31T10:11:22,sudden_phone_drop,0.0994,0.1283,0.0688,2779.6,-21.544,0,18.09,6.1,19.234,19.311,1,3.68,14.0,170.1,10,0,36.5,0,0,0,0,controlled_simulation
RN-01582,2026-08-16T21:47:01,suspicious_night_deviation,0.0856,0.0559,0.0726,1588.5,-10.351,0,3.775,1.401,7.074,0.4,0,5.05,370.5,426.2,21,0,86.4,0,0,0,0,controlled_simulation
RN-00653,2026-08-25T00:11:40,normal_night_walk,0.0526,0.1673,0.0799,1976.7,-22.904,0,2.332,0.749,11.176,5.249,0,5.1,31.6,356.0,0,1,36.2,0,0,0,0,controlled_simulation
RN-00173,2026-08-04T16:06:55,normal_day_walk,0.0465,0.1683,0.0828,2335.6,-23.988,0,3.875,1.237,6.713,1.057,0,1.8,32.3,244.4,16,0,43.8,0,0,0,0,controlled_simulation
RN-01150,2026-08-23T15:32:22,social_shout_laughter,0.188,0.7269,0.1376,2811.2,-17.004,1,2.782,1.338,10.254,0.826,0,6.86,29.1,79.2,15,0,36.5,0,0,0,0,controlled_simulation
RN-00039,2026-08-29T10:06:37,normal_day_walk,0.0364,0.1965,0.0978,1958.7,-21.07,0,1.919,1.256,5.887,1.461,0,6.37,24.3,5.0,10,0,34.7,1,0,0,0,controlled_simulation
RN-00714,2026-08-29T17:57:12,normal_commute,0.0336,0.1807,0.0913,1632.6,-16.58,0,4.444,1.827,10.06,1.588,0,7.72,18.8,142.8,17,0,35.0,1,0,0,0,controlled_simulation
RN-00091,2026-08-17T15:29:53,normal_day_walk,0.0752,0.1335,0.0873,2896.6,-10.418,0,3.525,0.613,10.377,2.827,0,4.85,11.8,5.0,15,0,2.5,0,0,0,0,controlled_simulation
RN-01937,2026-08-26T08:16:59,manual_sos_simulation,0.046,0.0846,0.1182,1284.8,-19.729,0,1.909,1.154,7.03,2.701,0,0.89,453.3,303.2,8,0,56.7,1,1,1,1,controlled_simulation
RN-01206,2026-08-01T21:46:57,social_shout_laughter,0.1474,0.5196,0.1528,2603.2,-17.581,0,2.9,1.244,7.182,0.923,0,5.69,42.4,31.5,21,0,45.6,0,0,0,0,controlled_simulation
RN-00876,2026-08-02T08:35:52,normal_commute,0.0825,0.0723,0.0661,2257.4,-16.055,0,2.673,0.789,3.11,4.048,0,15.27,11.2,161.9,8,0,24.6,1,0,0,0,controlled_simulation
RN-01352,2026-08-31T07:25:24,minor_route_deviation,0.0476,0.1094,0.0801,1613.5,-10.846,0,3.787,0.432,9.164,2.53,0,4.98,141.2,214.6,7,0,34.1,0,0,0,0,controlled_simulation
RN-01890,2026-08-11T04:52:05,simulated_distress_combined,0.2477,1.0,0.2632,3432.5,-6.024,1,20.153,6.985,28.078,16.768,1,5.58,436.3,730.7,4,1,93.6,1,0,1,1,controlled_simulation
RN-01094,2026-08-14T13:34:06,exercise_running,0.0574,0.2361,0.0517,2381.2,-18.03,0,6.531,1.652,11.936,8.014,0,7.69,29.7,50.3,13,0,2.7,1,0,0,0,controlled_simulation
RN-01156,2026-08-15T14:42:25,social_shout_laughter,0.1533,0.4893,0.1819,3123.2,-19.27,0,2.896,1.038,9.094,3.323,0,1.39,28.0,193.5,14,0,12.0,1,0,0,0,controlled_simulation
RN-01782,2026-08-31T20:38:02,simulated_fall,0.1088,0.5032,0.1034,1627.8,-19.643,0,15.557,4.107,28.292,24.716,1,9.14,84.6,5.0,20,0,39.1,2,0,1,1,controlled_simulation
RN-01959,2026-08-23T12:13:25,manual_sos_simulation,0.0209,0.2521,0.0649,1678.2,-17.572,0,4.952,0.949,9.85,2.839,0,3.92,163.4,440.9,12,0,42.0,0,1,1,1,controlled_simulation
RN-00500,2026-08-24T23:19:25,normal_night_walk,0.0236,0.1825,0.0977,2834.0,-12.614,0,3.021,0.899,10.669,1.613,0,6.97,5.0,43.8,23,1,21.5,1,0,0,0,controlled_simulation
RN-00339,2026-08-06T14:24:50,normal_day_walk,0.0401,0.2001,0.1097,1709.6,-14.343,0,3.759,1.253,9.851,0.884,0,4.52,40.5,12.0,14,0,1.0,0,0,0,0,controlled_simulation
RN-01189,2026-08-07T20:14:17,social_shout_laughter,0.2171,0.7831,0.124,3769.3,-12.538,1,2.943,1.007,7.734,4.303,0,4.45,36.9,16.6,20,0,17.7,0,0,0,0,controlled_simulation
RN-00029,2026-08-21T10:09:24,normal_day_walk,0.0901,0.3254,0.0883,1838.4,-16.43,0,3.262,1.156,9.652,1.985,0,7.01,23.4,128.2,10,0,31.3,0,0,0,0,controlled_simulation
RN-01218,2026-08-29T09:26:34,social_shout_laughter,0.2358,0.5841,0.1397,2334.3,-16.301,1,2.249,1.554,9.589,4.382,0,6.18,0.0,229.2,9,0,1.0,0,0,0,0,controlled_simulation
RN-01400,2026-08-29T20:16:23,minor_route_deviation,0.1066,0.0525,0.0825,2158.8,-18.896,0,3.417,1.015,11.173,1.667,0,5.04,95.5,247.6,20,0,14.2,0,0,0,0,controlled_simulation
RN-01821,2026-08-10T22:34:25,simulated_fall,0.1437,0.2725,0.0872,1961.1,-17.002,0,21.955,3.35,30.382,32.979,1,9.41,279.9,157.8,22,1,48.5,1,0,1,1,controlled_simulation
RN-00946,2026-08-08T10:03:56,exercise_running,0.0584,0.1975,0.0619,2211.7,-25.513,0,6.676,2.565,17.198,7.472,0,9.09,27.7,192.3,10,0,39.4,0,0,0,0,controlled_simulation
RN-00170,2026-08-27T21:17:09,normal_day_walk,0.0395,0.24,0.0756,2030.1,-32.308,0,2.199,1.392,9.872,3.253,0,6.72,24.9,153.1,21,0,32.1,1,0,0,0,controlled_simulation
RN-01405,2026-08-29T20:39:20,sudden_phone_drop,0.0403,0.0917,0.0845,1289.1,-16.096,0,13.354,5.072,25.7,14.626,1,4.44,0.0,279.7,20,0,1.0,0,0,0,0,controlled_simulation
RN-01198,2026-08-27T09:45:38,social_shout_laughter,0.1888,0.9012,0.1657,2871.7,-10.24,1,2.884,1.255,7.159,3.75,0,5.51,26.8,244.8,9,0,34.7,0,0,0,0,controlled_simulation
RN-01254,2026-08-05T09:22:30,social_shout_laughter,0.2698,0.5669,0.1659,2614.7,-11.531,1,3.111,0.851,9.628,0.997,0,6.8,6.7,58.1,9,0,20.8,0,0,0,0,controlled_simulation
RN-01614,2026-08-07T22:56:04,suspicious_night_deviation,0.0714,0.1738,0.0805,1793.1,-17.832,0,4.423,1.059,6.766,4.533,0,4.1,456.7,719.9,22,1,112.2,1,0,0,0,controlled_simulation
RN-00913,2026-08-14T07:37:53,normal_commute,0.0774,0.1805,0.0762,1737.3,-26.286,0,5.211,1.361,5.699,3.084,0,20.32,0.1,253.7,7,0,34.5,0,0,0,0,controlled_simulation
RN-00492,2026-08-27T03:47:48,normal_night_walk,0.0245,0.1904,0.1087,2551.9,-21.864,0,2.096,0.803,9.809,3.706,0,3.57,0.0,254.6,3,1,32.3,0,0,0,0,controlled_simulation
RN-00954,2026-08-02T22:29:33,exercise_running,0.0793,0.1771,0.1052,1541.1,-22.816,0,5.725,2.423,13.173,5.591,0,9.43,31.1,206.0,22,1,32.5,0,0,0,0,controlled_simulation
RN-01098,2026-08-16T20:09:13,exercise_running,0.0934,0.2775,0.0897,1688.1,-15.293,0,5.326,1.963,14.967,8.893,0,7.91,38.5,114.4,20,0,14.8,1,0,0,0,controlled_simulation
RN-01033,2026-08-07T07:09:29,exercise_running,0.1055,0.3438,0.0964,2250.1,-16.236,0,8.921,1.934,16.716,7.427,0,13.64,2.3,118.9,7,0,7.2,0,0,0,0,controlled_simulation
RN-00588,2026-08-10T04:00:07,normal_night_walk,0.0599,0.1345,0.1051,2109.2,-15.79,0,4.897,1.156,7.966,3.237,0,2.05,0.0,20.0,4,1,21.2,0,0,0,0,controlled_simulation
RN-00751,2026-08-24T18:10:54,normal_commute,0.0261,0.081,0.0687,1495.8,-15.644,0,4.527,1.073,7.818,2.349,0,17.42,32.8,363.5,18,0,18.4,0,0,0,0,controlled_simulation
RN-00658,2026-08-07T22:03:44,normal_night_walk,0.0828,0.2015,0.1072,2059.4,-14.265,0,0.5,1.947,7.866,3.412,0,6.92,3.6,208.0,22,1,19.4,2,0,0,0,controlled_simulation
RN-00235,2026-08-27T19:33:28,normal_day_walk,0.0828,0.1329,0.0958,3109.9,-19.833,0,2.773,0.544,5.985,0.95,0,4.33,19.0,99.8,19,0,16.2,0,0,0,0,controlled_simulation
RN-00733,2026-08-14T18:49:33,normal_commute,0.0346,0.2245,0.0874,3058.0,-15.246,0,3.163,0.786,6.774,2.05,0,17.44,13.0,56.0,18,0,7.4,0,0,0,0,controlled_simulation
RN-01989,2026-08-05T15:13:51,manual_sos_simulation,0.1004,0.1734,0.0749,1280.2,-21.159,0,2.274,1.247,2.576,2.6,0,2.23,433.1,377.5,15,0,65.0,0,1,1,1,controlled_simulation
RN-01633,2026-08-09T01:43:03,suspicious_night_deviation,0.0423,0.1072,0.0947,1372.3,-19.091,0,4.412,1.12,12.006,3.445,0,3.71,428.7,418.0,1,1,95.5,0,0,0,0,controlled_simulation
RN-01157,2026-08-17T20:38:50,social_shout_laughter,0.1328,0.6013,0.2102,3652.4,-16.66,1,2.871,1.435,5.874,3.169,0,2.52,4.2,143.0,20,0,29.7,1,0,0,0,controlled_simulation
RN-01470,2026-08-30T20:13:03,sudden_phone_drop,0.0684,0.225,0.1191,1703.8,-27.588,0,16.348,5.076,21.455,16.013,1,6.96,4.6,136.8,20,0,13.9,0,0,0,0,controlled_simulation
RN-01425,2026-08-18T14:47:43,sudden_phone_drop,0.0834,0.1793,0.1139,1428.5,-13.19,0,18.056,3.784,27.696,18.852,1,3.66,30.9,213.2,14,0,40.3,0,0,0,0,controlled_simulation
RN-01628,2026-08-24T22:40:15,suspicious_night_deviation,0.0646,0.1595,0.0727,1635.1,-18.688,0,2.371,1.117,3.878,4.108,0,3.85,556.9,344.7,22,1,79.6,2,0,0,0,controlled_simulation
RN-00935,2026-08-10T18:03:56,normal_commute,0.0653,0.1502,0.0579,1994.9,-16.227,0,3.405,1.056,9.283,3.264,0,21.07,43.6,123.2,18,0,3.4,0,0,0,0,controlled_simulation
RN-01210,2026-08-09T20:33:31,social_shout_laughter,0.2548,0.7457,0.1168,1950.8,-18.47,1,3.953,0.673,8.197,1.717,0,8.73,20.5,331.5,20,0,17.4,0,0,0,0,controlled_simulation
RN-01066,2026-08-18T13:29:00,exercise_running,0.1003,0.1505,0.1161,1929.9,-18.235,0,8.52,2.759,13.346,3.914,0,12.31,1.2,274.5,13,0,20.3,2,0,0,0,controlled_simulation
RN-00109,2026-08-04T09:42:20,normal_day_walk,0.0381,0.143,0.0746,1201.1,-20.583,0,3.266,1.113,7.318,2.963,0,3.81,44.9,241.5,9,0,26.8,0,0,0,0,controlled_simulation
RN-01543,2026-08-28T02:54:19,suspicious_night_deviation,0.0553,0.1029,0.0728,1986.4,-22.243,0,2.202,1.065,6.4,3.906,0,4.25,417.2,730.5,2,1,71.2,1,0,0,0,controlled_simulation
RN-00569,2026-08-09T22:57:57,normal_night_walk,0.0374,0.2287,0.0854,1805.1,-25.165,0,2.495,0.787,6.714,4.191,0,2.66,4.9,52.2,22,1,17.5,0,0,0,0,controlled_simulation
RN-01168,2026-08-23T19:19:29,social_shout_laughter,0.1882,0.4083,0.1579,2544.7,-15.563,1,3.394,1.327,8.575,4.71,0,5.3,24.0,240.6,19,0,55.8,1,0,0,0,controlled_simulation
RN-01175,2026-08-04T16:54:52,social_shout_laughter,0.2538,0.5503,0.1274,3772.3,-13.623,1,3.086,0.896,5.521,0.4,0,3.65,20.7,227.7,16,0,26.0,0,0,0,0,controlled_simulation
RN-00891,2026-08-12T09:31:04,normal_commute,0.0408,0.2975,0.0737,1789.7,-12.151,0,2.703,0.355,5.168,4.113,0,13.34,36.4,90.2,9,0,11.3,2,0,0,0,controlled_simulation
RN-00948,2026-08-11T17:46:48,exercise_running,0.0746,0.2462,0.0685,2057.1,-14.689,0,6.498,2.411,12.579,4.167,0,12.75,16.2,104.5,17,0,14.6,0,0,0,0,controlled_simulation
RN-01049,2026-08-26T11:36:06,exercise_running,0.0304,0.1836,0.0613,1183.6,-14.891,0,4.789,2.748,15.327,6.55,0,13.6,45.8,149.0,11,0,1.0,0,0,0,0,controlled_simulation
RN-01353,2026-08-15T14:57:13,minor_route_deviation,0.0551,0.2514,0.0694,1560.3,-15.747,0,3.407,1.364,10.356,3.111,0,4.05,90.5,211.5,14,0,36.3,1,0,0,0,controlled_simulation
RN-01778,2026-08-03T12:04:09,simulated_fall,0.1129,0.5344,0.0584,2263.2,-14.352,0,18.471,5.321,29.579,22.98,1,2.79,145.6,211.4,12,0,80.2,1,0,0,1,controlled_simulation
RN-01447,2026-08-18T13:50:57,sudden_phone_drop,0.0477,0.04,0.0648,2929.7,-15.971,0,11.317,4.369,27.5,16.719,1,3.14,22.0,248.2,13,0,49.4,1,0,0,0,controlled_simulation
RN-00885,2026-08-23T08:55:13,normal_commute,0.0512,0.04,0.0857,1961.5,-17.573,0,3.707,1.412,10.382,2.123,0,18.69,25.7,117.8,8,0,36.2,1,0,0,0,controlled_simulation
RN-01673,2026-08-08T04:21:45,simulated_help_call,0.3457,0.6686,0.2802,2825.3,-17.596,1,3.316,1.324,5.888,3.732,0,4.48,315.2,554.7,4,1,68.0,0,0,1,1,controlled_simulation
RN-00851,2026-08-28T17:28:00,normal_commute,0.0352,0.166,0.0828,2292.6,-21.046,0,2.642,0.996,5.731,3.857,0,30.8,0.0,9.2,17,0,49.3,0,0,0,0,controlled_simulation
RN-00735,2026-08-09T17:38:15,normal_commute,0.0597,0.1387,0.0794,2254.6,-17.713,0,3.345,0.943,6.784,1.006,0,24.54,35.4,79.5,17,0,33.9,0,0,0,0,controlled_simulation
RN-00718,2026-08-15T09:49:05,normal_commute,0.0202,0.0768,0.0875,1390.2,-15.543,0,3.734,1.0,10.501,3.74,0,25.83,32.6,259.2,9,0,41.6,1,0,0,0,controlled_simulation
RN-00455,2026-08-10T02:11:07,normal_night_walk,0.0363,0.2603,0.0761,2451.2,-9.517,0,3.258,1.973,6.77,5.367,0,7.37,6.7,131.5,2,1,16.8,1,0,0,0,controlled_simulation
RN-00265,2026-08-30T19:40:03,normal_day_walk,0.0528,0.2766,0.1206,2094.1,-1.645,0,4.289,1.267,10.938,2.536,0,5.06,22.2,189.8,19,0,22.6,0,0,0,0,controlled_simulation
RN-00076,2026-08-19T14:20:15,normal_day_walk,0.0312,0.146,0.0622,1454.2,-6.592,0,3.578,1.064,6.199,2.191,0,2.79,5.0,273.6,14,0,6.0,0,0,0,0,controlled_simulation
RN-01658,2026-08-20T03:15:41,simulated_help_call,0.3749,0.8533,0.1857,3292.6,-12.72,1,1.071,1.449,9.602,2.374,0,5.37,434.2,510.1,3,1,30.0,0,0,0,1,controlled_simulation
RN-00445,2026-08-18T00:23:55,normal_night_walk,0.0471,0.2926,0.0953,2394.1,-17.326,0,3.71,1.441,8.37,2.467,0,6.52,49.0,265.0,0,1,21.2,2,0,0,0,controlled_simulation
RN-00396,2026-08-23T07:00:02,normal_day_walk,0.0356,0.2494,0.0438,2105.0,-11.893,0,5.088,0.483,6.808,4.518,0,3.99,40.0,75.4,7,0,20.7,0,0,0,0,controlled_simulation
RN-00177,2026-08-20T18:19:13,normal_day_walk,0.0484,0.1506,0.0995,2188.8,-13.784,0,2.72,1.103,6.429,1.245,0,1.55,21.9,16.2,18,0,13.6,0,0,0,0,controlled_simulation
RN-01043,2026-08-24T20:16:17,exercise_running,0.0301,0.3129,0.1131,2488.3,-21.785,0,7.803,2.96,16.89,9.067,0,7.85,19.4,69.1,20,0,12.7,0,0,0,0,controlled_simulation
RN-01736,2026-08-08T05:42:18,simulated_help_call,0.3207,0.8299,0.1957,2373.5,-14.082,1,3.964,0.558,3.956,2.056,0,2.94,263.0,286.5,5,0,65.4,1,0,1,1,controlled_simulation
RN-01402,2026-08-14T17:48:14,sudden_phone_drop,0.0506,0.1564,0.1424,1932.4,-17.821,0,14.747,5.026,18.364,23.804,1,7.1,30.2,96.4,17,0,37.3,0,0,0,0,controlled_simulation
RN-01381,2026-08-14T19:47:14,minor_route_deviation,0.0496,0.2211,0.0869,2268.5,-10.671,0,2.768,0.404,4.917,1.388,0,4.58,60.0,318.2,19,0,18.7,0,0,0,0,controlled_simulation
RN-00596,2026-08-06T05:24:05,normal_night_walk,0.0273,0.2251,0.0789,2204.0,-18.994,0,2.966,1.263,7.97,3.217,0,4.36,30.5,99.1,5,0,27.3,0,0,0,0,controlled_simulation
RN-00062,2026-08-20T19:35:02,normal_day_walk,0.0749,0.1511,0.0857,2181.0,-16.128,0,1.925,1.255,8.427,1.163,0,5.4,26.6,50.0,19,0,6.3,0,0,0,0,controlled_simulation
RN-01297,2026-08-13T13:48:38,minor_route_deviation,0.0887,0.1071,0.0433,1755.3,-14.612,0,2.702,1.23,7.062,3.689,0,3.97,160.6,187.0,13,0,6.7,0,0,0,0,controlled_simulation
RN-00873,2026-08-11T13:08:03,normal_commute,0.0643,0.1649,0.0702,1942.1,-27.797,0,3.792,1.077,6.309,1.697,0,13.32,0.0,17.3,13,0,23.1,1,0,0,0,controlled_simulation
RN-01490,2026-08-10T21:06:57,suspicious_night_deviation,0.079,0.1932,0.1149,1819.3,-15.403,0,3.669,1.462,9.293,3.492,0,1.64,542.5,407.9,21,0,101.4,2,0,0,0,controlled_simulation
RN-01879,2026-08-15T04:47:30,simulated_distress_combined,0.212,0.8252,0.1853,3551.7,-1.205,1,20.402,4.562,31.518,27.048,1,10.27,681.5,900.4,4,1,113.4,1,0,1,1,controlled_simulation
RN-00279,2026-08-03T07:13:04,normal_day_walk,0.0474,0.2373,0.0791,1390.9,-17.493,0,1.942,0.763,8.166,0.41,0,5.95,23.3,311.7,7,0,40.3,0,0,0,0,controlled_simulation
RN-00037,2026-08-22T08:38:33,normal_day_walk,0.0505,0.2054,0.0979,2748.8,-23.883,0,1.031,0.695,6.912,1.713,0,5.34,0.0,260.3,8,0,47.5,0,0,0,0,controlled_simulation
RN-01976,2026-08-30T06:48:01,manual_sos_simulation,0.0484,0.1148,0.097,1388.8,-19.536,0,1.446,1.432,8.993,2.034,0,4.03,216.7,446.9,6,0,45.0,0,1,1,1,controlled_simulation
RN-00663,2026-08-28T21:50:19,normal_night_walk,0.0307,0.198,0.0882,2219.2,-25.416,0,3.25,0.992,9.684,2.319,0,3.35,10.8,185.4,21,0,20.6,0,0,0,0,controlled_simulation
RN-01954,2026-08-21T16:20:23,manual_sos_simulation,0.0734,0.1496,0.0977,1770.3,-18.558,0,4.743,1.048,9.836,3.459,0,5.19,345.8,428.9,16,0,10.8,0,1,1,1,controlled_simulation
RN-01445,2026-08-20T17:05:48,sudden_phone_drop,0.0491,0.1412,0.0759,2482.9,-25.098,0,20.795,3.759,24.703,22.117,1,4.41,13.1,77.5,17,0,7.0,0,0,0,0,controlled_simulation
RN-00978,2026-08-11T16:46:14,exercise_running,0.1174,0.4745,0.0784,1973.2,-17.897,0,5.679,1.928,13.042,3.662,0,11.45,9.8,64.5,16,0,29.4,0,0,0,0,controlled_simulation
RN-01572,2026-08-17T04:16:19,suspicious_night_deviation,0.0635,0.1855,0.0837,2771.4,-14.889,0,3.09,1.575,8.096,2.334,0,3.78,414.7,594.1,4,1,72.3,0,0,0,0,controlled_simulation
RN-00739,2026-08-12T13:23:50,normal_commute,0.0291,0.1853,0.0864,1309.3,-19.266,0,3.43,1.005,7.983,3.5,0,20.46,53.4,32.4,13,0,19.7,1,0,0,0,controlled_simulation
RN-00192,2026-08-06T17:16:43,normal_day_walk,0.0382,0.1168,0.0681,1547.7,-19.579,0,3.132,0.942,5.223,2.47,0,5.94,30.4,268.1,17,0,42.9,0,0,0,0,controlled_simulation
RN-00920,2026-08-16T09:59:38,normal_commute,0.0271,0.2109,0.0517,1765.9,-21.843,0,2.867,0.764,11.444,1.855,0,18.93,29.2,67.5,9,0,46.3,0,0,0,0,controlled_simulation
RN-00457,2026-08-03T23:17:07,normal_night_walk,0.0564,0.1492,0.0952,1228.9,-22.381,0,3.617,1.572,8.796,3.824,0,4.27,18.9,107.4,23,1,24.3,0,0,0,0,controlled_simulation
RN-00676,2026-08-27T21:22:16,normal_night_walk,0.0252,0.1057,0.066,1456.5,-23.724,0,4.152,1.129,4.137,3.423,0,4.79,0.0,96.2,21,0,23.6,0,0,0,0,controlled_simulation
RN-00761,2026-08-07T09:58:57,normal_commute,0.0648,0.209,0.0221,1156.6,-12.055,0,1.754,1.064,5.145,2.956,0,20.21,18.6,72.0,9,0,40.4,1,0,0,0,controlled_simulation
RN-01808,2026-08-28T10:18:34,simulated_fall,0.1058,0.3663,0.111,1340.4,-19.833,0,11.0,4.936,25.165,29.294,1,3.56,242.4,254.3,10,0,76.5,1,0,1,1,controlled_simulation
RN-01603,2026-08-06T21:10:11,suspicious_night_deviation,0.0645,0.2464,0.0608,1634.8,-17.883,0,3.233,1.137,10.305,2.196,0,4.22,226.8,637.0,21,0,106.3,0,0,0,0,controlled_simulation
RN-00729,2026-08-04T19:27:38,normal_commute,0.0472,0.222,0.0341,2171.6,-21.859,0,4.266,1.239,11.089,2.153,0,16.36,0.0,155.1,19,0,15.5,0,0,0,0,controlled_simulation
RN-00413,2026-08-01T08:11:01,normal_day_walk,0.0343,0.1479,0.0922,972.9,-20.234,0,3.131,1.305,3.98,1.076,0,2.76,8.1,252.7,8,0,51.8,2,0,0,0,controlled_simulation
RN-01099,2026-08-21T16:36:59,exercise_running,0.1469,0.3764,0.0552,2246.6,-16.336,0,6.759,1.919,14.068,8.697,0,10.86,16.4,190.7,16,0,14.1,0,0,0,0,controlled_simulation
RN-00826,2026-08-19T07:19:37,normal_commute,0.0531,0.2387,0.0872,1787.5,-19.73,0,3.219,1.025,9.353,3.566,0,15.98,47.2,316.2,7,0,21.1,1,0,0,0,controlled_simulation
RN-01640,2026-08-30T01:55:24,suspicious_night_deviation,0.0686,0.1628,0.0518,2051.3,-16.431,0,3.571,1.776,7.934,5.733,0,8.24,516.2,764.9,1,1,95.3,0,0,0,0,controlled_simulation
RN-00617,2026-08-20T23:25:23,normal_night_walk,0.0564,0.2269,0.1091,2337.9,-23.927,0,3.562,1.088,6.803,3.998,0,7.03,41.6,144.2,23,1,47.5,1,0,0,0,controlled_simulation
RN-00115,2026-08-31T06:57:16,normal_day_walk,0.077,0.2251,0.0581,1748.1,-14.264,0,2.408,1.336,9.221,4.871,0,5.87,14.3,5.0,6,0,38.8,2,0,0,0,controlled_simulation
RN-00418,2026-08-06T15:34:37,normal_day_walk,0.0353,0.2096,0.0347,2735.1,-5.779,0,4.437,0.959,7.069,4.286,0,2.01,29.5,97.3,15,0,9.9,0,0,0,0,controlled_simulation
RN-01911,2026-08-27T23:35:39,simulated_distress_combined,0.3297,0.8943,0.1859,3269.1,-12.944,1,18.814,7.153,34.942,30.459,1,10.88,646.6,534.2,23,1,108.5,2,0,1,1,controlled_simulation
RN-00970,2026-08-31T17:49:55,exercise_running,0.0577,0.3469,0.0913,1744.3,-21.946,0,8.658,2.457,9.778,10.41,0,10.4,23.9,374.5,17,0,25.9,0,0,0,0,controlled_simulation
RN-00605,2026-08-15T23:32:01,normal_night_walk,0.0486,0.3932,0.037,1982.6,-27.527,0,2.692,0.784,5.447,2.747,0,4.09,24.4,44.9,23,1,44.1,1,0,0,0,controlled_simulation
RN-01919,2026-08-18T02:12:07,simulated_distress_combined,0.3808,0.7365,0.2565,3867.2,-8.982,1,21.24,5.555,26.944,29.611,1,8.74,554.8,736.8,2,1,84.9,3,0,1,1,controlled_simulation
RN-00090,2026-08-30T16:49:06,normal_day_walk,0.0802,0.1927,0.0986,1728.1,-22.645,0,2.38,1.389,9.342,3.786,0,5.05,15.0,121.2,16,0,32.0,0,0,0,0,controlled_simulation
RN-00849,2026-08-06T19:45:33,normal_commute,0.0667,0.1996,0.0659,1766.1,-9.026,0,4.104,1.23,5.772,2.399,0,29.73,40.1,102.2,19,0,18.5,0,0,0,0,controlled_simulation
RN-01520,2026-08-12T04:24:41,suspicious_night_deviation,0.0602,0.179,0.0469,1760.2,-22.24,0,2.483,0.927,6.557,1.214,0,1.77,530.2,471.9,4,1,105.0,1,0,0,0,controlled_simulation
RN-01918,2026-08-08T00:57:54,simulated_distress_combined,0.3316,0.8467,0.2102,3397.0,-14.282,1,14.998,6.161,30.175,24.534,1,10.67,391.5,300.0,0,1,141.4,3,0,1,1,controlled_simulation
RN-00754,2026-08-29T08:27:26,normal_commute,0.051,0.0977,0.0756,1922.8,-14.177,0,3.642,1.161,4.267,4.191,0,24.99,19.7,140.3,8,0,14.8,0,0,0,0,controlled_simulation
RN-00499,2026-08-22T22:54:24,normal_night_walk,0.0822,0.2198,0.077,1832.5,-19.219,0,4.153,1.267,9.46,1.455,0,6.17,28.7,243.4,22,1,33.2,0,0,0,0,controlled_simulation
RN-01277,2026-08-03T11:48:45,minor_route_deviation,0.079,0.1685,0.0938,1785.9,-8.461,0,3.666,0.661,5.078,4.403,0,3.32,215.4,298.3,11,0,23.4,0,0,0,0,controlled_simulation
RN-01326,2026-08-06T17:46:10,minor_route_deviation,0.0589,0.1085,0.0574,1394.1,-18.659,0,2.656,1.287,7.452,2.427,0,3.5,221.2,312.2,17,0,15.7,0,0,0,0,controlled_simulation
RN-00012,2026-08-28T20:53:09,normal_day_walk,0.0476,0.2574,0.0458,2592.9,-9.382,0,3.586,1.638,7.866,1.531,0,4.79,22.0,257.5,20,0,28.9,0,0,0,0,controlled_simulation
RN-00397,2026-08-14T10:39:39,normal_day_walk,0.0384,0.2484,0.087,3004.0,-18.608,0,1.965,1.012,7.705,2.396,0,8.17,45.3,134.4,10,0,15.4,1,0,0,0,controlled_simulation
RN-00285,2026-08-21T17:45:18,normal_day_walk,0.0873,0.0751,0.0523,2160.8,-12.711,0,3.193,1.228,5.671,3.361,0,3.73,38.0,221.8,17,0,30.2,0,0,0,0,controlled_simulation
RN-01067,2026-08-22T07:57:00,exercise_running,0.0669,0.1903,0.1104,700.0,-22.281,0,5.079,0.8,11.186,7.992,0,10.85,48.2,111.9,7,0,38.8,0,0,0,0,controlled_simulation
RN-01192,2026-08-04T16:37:36,social_shout_laughter,0.1686,0.7246,0.2128,3475.7,-24.258,1,3.988,0.779,8.052,3.596,0,5.61,4.3,13.1,16,0,31.8,0,0,0,0,controlled_simulation
RN-01745,2026-08-06T00:37:55,simulated_help_call,0.3849,0.719,0.1939,3049.8,-10.996,1,3.598,0.903,5.42,3.684,0,11.69,582.6,404.0,0,1,30.0,0,0,1,1,controlled_simulation
RN-00691,2026-08-03T18:06:59,normal_commute,0.0321,0.1844,0.127,2107.4,-10.758,0,1.496,0.896,6.374,3.344,0,21.87,45.3,158.6,18,0,24.2,0,0,0,0,controlled_simulation
RN-01753,2026-08-29T08:40:21,simulated_fall,0.0706,0.4048,0.0996,2042.8,-19.857,0,18.757,3.948,26.772,16.5,1,6.36,191.3,51.5,8,0,88.3,0,0,0,1,controlled_simulation
RN-01876,2026-08-20T04:52:02,simulated_distress_combined,0.266,0.8936,0.188,3962.1,-7.744,1,22.078,3.553,34.12,26.201,1,8.28,322.6,760.0,4,1,135.8,1,0,1,1,controlled_simulation
RN-00690,2026-08-14T19:33:45,normal_commute,0.0922,0.0856,0.0723,1744.5,-13.927,0,2.823,1.134,6.893,4.289,0,26.44,22.5,74.3,19,0,17.9,2,0,0,0,controlled_simulation
RN-00852,2026-08-10T19:19:26,normal_commute,0.0376,0.2373,0.0493,2647.6,-23.091,0,3.795,1.6,11.028,3.397,0,16.46,17.2,191.4,19,0,30.4,1,0,0,0,controlled_simulation
RN-00160,2026-08-04T20:48:13,normal_day_walk,0.0664,0.2136,0.0678,1709.6,-7.897,0,3.567,0.988,9.075,2.945,0,3.43,5.9,5.0,20,0,36.1,0,0,0,0,controlled_simulation
RN-00896,2026-08-22T07:00:25,normal_commute,0.0351,0.2836,0.0771,1832.6,-11.546,0,2.308,0.65,7.997,5.024,0,20.55,14.5,5.0,7,0,12.5,0,0,0,0,controlled_simulation
RN-01576,2026-08-24T22:04:02,suspicious_night_deviation,0.0627,0.2623,0.1128,2321.5,-16.824,0,2.928,0.656,9.092,1.897,0,3.81,538.7,563.9,22,1,47.1,0,0,0,0,controlled_simulation
RN-00258,2026-08-26T16:40:03,normal_day_walk,0.041,0.3095,0.1167,1863.4,-15.206,0,2.883,1.372,2.663,4.532,0,5.79,14.9,190.8,16,0,28.1,0,0,0,0,controlled_simulation
RN-00336,2026-08-25T08:05:00,normal_day_walk,0.043,0.0969,0.0874,2296.1,-22.135,0,4.491,1.276,7.44,2.322,0,5.36,19.7,5.0,8,0,23.6,1,0,0,0,controlled_simulation
RN-01880,2026-08-21T22:59:46,simulated_distress_combined,0.3296,0.9748,0.1962,2866.7,-7.084,1,17.499,5.628,33.575,26.433,1,3.79,641.8,583.7,22,1,115.5,3,0,1,1,controlled_simulation
RN-01040,2026-08-15T06:44:18,exercise_running,0.0433,0.4774,0.0502,1924.2,-20.986,0,7.225,3.094,12.471,6.233,0,12.48,21.8,211.5,6,0,28.1,1,0,0,0,controlled_simulation
RN-00516,2026-08-22T00:05:04,normal_night_walk,0.0365,0.2153,0.0521,2023.6,-20.667,0,2.95,1.215,8.987,2.32,0,2.61,1.9,154.8,0,1,15.8,0,0,0,0,controlled_simulation
RN-01349,2026-08-30T07:24:27,minor_route_deviation,0.0507,0.2376,0.116,1778.0,-18.434,0,2.143,0.2,8.171,2.94,0,4.44,161.4,363.7,7,0,1.0,0,0,0,0,controlled_simulation
RN-01016,2026-08-07T07:27:18,exercise_running,0.0873,0.2887,0.0841,1080.3,-17.344,0,8.711,1.832,11.636,7.54,0,12.4,7.5,224.2,7,0,43.2,2,0,0,0,controlled_simulation
RN-00769,2026-08-07T09:06:15,normal_commute,0.0272,0.2188,0.048,2085.6,-15.933,0,4.363,1.457,3.307,1.976,0,4.0,19.6,218.0,9,0,50.2,0,0,0,0,controlled_simulation
RN-01747,2026-08-28T01:51:51,simulated_help_call,0.3098,0.776,0.198,3287.7,-4.819,1,1.488,1.435,6.108,2.702,0,6.01,333.7,279.5,1,1,81.7,0,0,0,1,controlled_simulation
RN-00762,2026-08-28T07:00:56,normal_commute,0.0517,0.1841,0.0679,1997.1,-10.426,0,1.95,0.974,7.854,2.553,0,24.87,36.2,109.1,7,0,52.8,2,0,0,0,controlled_simulation
RN-01247,2026-08-09T21:28:58,social_shout_laughter,0.2085,0.5416,0.133,2930.4,-13.145,1,2.433,0.868,6.593,2.872,0,2.39,18.4,5.0,21,0,49.2,2,0,0,0,controlled_simulation
RN-01204,2026-08-01T19:22:37,social_shout_laughter,0.1902,0.7163,0.1588,2837.8,-21.535,1,2.95,0.996,7.162,3.871,0,4.45,6.9,172.0,19,0,2.7,1,0,0,0,controlled_simulation
RN-01468,2026-08-26T13:45:18,sudden_phone_drop,0.0552,0.0708,0.1007,2245.6,-16.335,0,13.692,4.334,26.241,9.0,1,5.07,31.2,173.3,13,0,25.3,1,0,0,0,controlled_simulation
RN-01984,2026-08-19T02:12:59,manual_sos_simulation,0.0581,0.2923,0.1402,1027.2,-20.763,0,2.791,1.851,7.505,2.366,0,2.43,29.4,39.9,2,1,70.4,1,1,1,1,controlled_simulation
RN-00522,2026-08-27T23:24:09,normal_night_walk,0.0588,0.0954,0.0621,1370.7,-15.725,0,2.394,1.143,7.563,1.84,0,4.11,6.8,20.0,23,1,16.9,0,0,0,0,controlled_simulation
RN-00023,2026-08-13T18:07:43,normal_day_walk,0.0592,0.1989,0.105,1373.7,-18.625,0,2.423,1.048,7.195,3.46,0,3.97,29.4,236.2,18,0,29.2,0,0,0,0,controlled_simulation
RN-00357,2026-08-03T19:29:09,normal_day_walk,0.0703,0.1428,0.0367,2539.7,-11.145,0,4.906,0.967,5.75,1.808,0,4.09,0.0,174.5,19,0,29.2,0,0,0,0,controlled_simulation
RN-01278,2026-08-20T13:44:40,minor_route_deviation,0.015,0.1576,0.0593,1933.5,-23.164,0,3.825,0.847,5.33,2.919,0,5.48,125.3,211.9,13,0,28.0,0,0,0,0,controlled_simulation
RN-01313,2026-08-02T22:50:21,minor_route_deviation,0.0357,0.0805,0.0847,1652.0,-16.268,0,3.91,0.431,7.343,3.861,0,2.14,176.7,238.2,22,1,1.0,1,0,0,0,controlled_simulation
RN-01683,2026-08-03T05:48:34,simulated_help_call,0.3304,0.7859,0.2238,3689.9,-14.176,1,4.149,0.615,7.652,4.618,0,3.31,100.0,707.1,5,0,87.2,0,0,0,1,controlled_simulation
RN-00341,2026-08-11T11:36:39,normal_day_walk,0.0437,0.1321,0.0879,1361.1,-12.906,0,3.289,1.452,12.075,1.191,0,2.84,15.5,136.4,11,0,37.9,0,0,0,0,controlled_simulation
RN-00432,2026-08-15T23:29:46,normal_night_walk,0.0399,0.2332,0.0958,1583.2,-14.575,0,2.277,1.114,7.606,5.793,0,3.08,0.0,95.8,23,1,33.4,0,0,0,0,controlled_simulation
RN-00474,2026-08-25T20:07:16,normal_night_walk,0.0477,0.1275,0.0613,1166.3,-16.78,0,2.942,1.286,7.261,0.763,0,5.05,25.8,101.3,20,0,13.7,0,0,0,0,controlled_simulation
RN-00218,2026-08-07T13:32:55,normal_day_walk,0.0795,0.0473,0.1074,2097.7,-24.545,0,4.479,1.428,4.409,2.636,0,2.63,0.0,184.2,13,0,62.2,1,0,0,0,controlled_simulation
RN-00912,2026-08-12T09:51:43,normal_commute,0.0498,0.2259,0.094,2094.4,-20.437,0,3.566,1.641,9.923,5.348,0,14.06,0.0,92.2,9,0,14.9,0,0,0,0,controlled_simulation
RN-01228,2026-08-27T10:29:07,social_shout_laughter,0.1777,0.6391,0.1222,2663.9,-20.317,1,3.841,1.005,7.379,2.61,0,5.88,43.6,34.3,10,0,43.0,2,0,0,0,controlled_simulation
RN-01597,2026-08-22T23:26:30,suspicious_night_deviation,0.0692,0.1663,0.0603,1672.7,-12.62,0,2.919,0.877,10.191,3.448,0,5.41,180.0,569.7,23,1,66.3,0,0,0,0,controlled_simulation
RN-01012,2026-08-23T13:22:31,exercise_running,0.0789,0.4279,0.0355,837.2,-25.507,0,4.893,2.603,11.395,7.472,0,14.84,24.0,300.0,13,0,32.8,0,0,0,0,controlled_simulation
RN-01950,2026-08-03T22:05:44,manual_sos_simulation,0.0813,0.1284,0.107,1143.2,-18.368,0,3.702,1.128,5.193,4.551,0,4.23,1.4,31.9,22,1,34.2,0,1,1,1,controlled_simulation
RN-00094,2026-08-28T09:14:46,normal_day_walk,0.0303,0.203,0.0532,1690.9,-23.52,0,3.361,0.884,7.455,2.253,0,5.59,28.9,67.1,9,0,40.8,0,0,0,0,controlled_simulation
RN-01009,2026-08-10T13:18:16,exercise_running,0.1272,0.2427,0.0407,1327.4,-16.777,0,2.878,1.246,12.341,10.983,0,12.15,38.2,228.7,13,0,27.6,0,0,0,0,controlled_simulation
RN-01071,2026-08-12T14:33:13,exercise_running,0.1327,0.1628,0.0818,1496.9,-18.748,0,7.633,2.514,12.946,6.75,0,8.91,49.7,152.6,14,0,40.6,0,0,0,0,controlled_simulation
RN-01093,2026-08-08T09:23:07,exercise_running,0.0888,0.2718,0.0586,1417.1,-16.817,0,5.516,2.569,16.421,10.641,0,12.58,36.1,341.3,9,0,43.2,0,0,0,0,controlled_simulation
RN-01915,2026-08-18T21:35:31,simulated_distress_combined,0.2237,0.9505,0.1685,3474.9,-12.543,1,18.623,4.465,30.414,26.096,1,4.55,560.9,730.2,21,0,167.7,1,0,1,1,controlled_simulation
RN-01309,2026-08-24T22:28:14,minor_route_deviation,0.0581,0.1501,0.068,2371.5,-12.864,0,2.514,0.971,5.471,5.354,0,5.79,146.3,235.1,22,1,27.9,0,0,0,0,controlled_simulation
RN-00697,2026-08-06T17:46:08,normal_commute,0.0463,0.0872,0.0909,1841.2,-23.411,0,3.899,1.547,7.445,2.633,0,14.08,19.7,5.0,17,0,19.3,0,0,0,0,controlled_simulation
RN-01828,2026-08-08T14:19:36,simulated_fall,0.0841,0.4874,0.0566,2161.7,-18.272,0,18.052,5.004,27.78,21.835,1,8.95,57.3,124.3,14,0,83.0,0,0,0,1,controlled_simulation
RN-00997,2026-08-03T09:28:55,exercise_running,0.0662,0.3919,0.0976,2048.8,-10.422,0,6.871,3.452,15.342,7.227,0,13.88,39.7,5.7,9,0,42.1,0,0,0,0,controlled_simulation
RN-00154,2026-08-17T17:46:38,normal_day_walk,0.0482,0.1479,0.0935,1477.6,-20.053,0,3.892,1.387,6.43,2.516,0,3.25,28.4,213.7,17,0,71.9,1,0,0,0,controlled_simulation
RN-01100,2026-08-31T09:51:30,exercise_running,0.0661,0.4319,0.083,2567.4,-22.291,0,7.585,2.513,14.514,9.675,0,11.64,4.4,123.6,9,0,1.0,0,0,0,0,controlled_simulation
RN-01719,2026-08-30T05:30:23,simulated_help_call,0.2405,0.8197,0.237,3605.9,-13.939,1,3.116,0.345,4.971,3.741,0,3.61,333.7,216.2,5,0,76.4,0,0,0,1,controlled_simulation
RN-01998,2026-08-16T18:04:24,manual_sos_simulation,0.0324,0.2033,0.0782,1669.6,-14.972,0,3.338,0.321,4.896,3.306,0,7.75,178.6,427.7,18,0,38.8,0,1,1,1,controlled_simulation
RN-00790,2026-08-08T19:48:50,normal_commute,0.0645,0.1538,0.0851,1923.6,-18.691,0,3.9,1.269,6.805,4.228,0,13.72,19.2,109.6,19,0,1.0,0,0,0,0,controlled_simulation
RN-00581,2026-08-29T04:49:32,normal_night_walk,0.0678,0.3376,0.111,1832.3,-17.341,0,1.099,0.937,9.197,2.595,0,5.99,17.9,127.7,4,1,38.3,1,0,0,0,controlled_simulation
RN-00704,2026-08-16T09:29:20,normal_commute,0.0598,0.1983,0.0694,1413.1,-14.571,0,3.05,1.947,7.219,2.665,0,14.59,15.3,145.2,9,0,8.8,1,0,0,0,controlled_simulation
RN-01213,2026-08-03T20:40:36,social_shout_laughter,0.212,0.913,0.1619,1938.7,-20.264,1,3.451,0.871,6.333,3.074,0,5.07,14.8,130.5,20,0,54.3,0,0,0,0,controlled_simulation
RN-01296,2026-08-30T16:06:43,minor_route_deviation,0.0797,0.1089,0.0768,1736.9,-12.343,0,2.691,1.297,9.103,3.387,0,4.11,140.8,154.1,16,0,21.3,1,0,0,0,controlled_simulation
RN-01666,2026-08-21T03:23:40,simulated_help_call,0.2522,0.8653,0.1702,2989.1,-11.955,1,3.957,1.116,3.691,3.463,0,4.25,209.3,210.3,3,1,86.8,0,0,0,1,controlled_simulation
RN-01261,2026-08-10T13:37:49,minor_route_deviation,0.0377,0.2538,0.0865,2028.3,-14.801,0,1.286,0.936,6.268,2.601,0,8.66,164.0,231.1,13,0,32.8,0,0,0,0,controlled_simulation
RN-00488,2026-08-09T21:40:20,normal_night_walk,0.0612,0.2215,0.085,1785.8,-25.226,0,3.892,1.069,8.557,3.895,0,3.69,22.6,138.6,21,0,15.3,0,0,0,0,controlled_simulation
RN-00560,2026-08-30T00:40:04,normal_night_walk,0.0185,0.1759,0.0589,2044.7,-19.587,0,2.179,1.086,7.353,2.765,0,7.55,19.3,83.5,0,1,1.0,1,0,0,0,controlled_simulation
RN-01142,2026-08-21T11:32:12,social_shout_laughter,0.161,0.5848,0.179,2543.6,-18.436,0,3.245,1.194,8.932,3.756,0,3.43,8.7,195.9,11,0,38.0,0,0,0,0,controlled_simulation
RN-01120,2026-08-11T16:58:51,exercise_running,0.1289,0.3464,0.0822,1717.9,-11.487,0,4.828,1.083,14.423,10.355,0,15.62,0.4,283.6,16,0,1.0,2,0,0,0,controlled_simulation
RN-00802,2026-08-04T19:23:45,normal_commute,0.0662,0.2276,0.074,1840.0,-23.13,0,2.438,0.914,7.931,4.515,0,18.93,44.4,95.6,19,0,32.6,0,0,0,0,controlled_simulation
RN-00513,2026-08-20T02:06:57,normal_night_walk,0.064,0.0999,0.0958,1930.8,-14.28,0,3.893,0.933,9.818,2.529,0,2.91,23.6,20.0,2,1,12.9,0,0,0,0,controlled_simulation
RN-00634,2026-08-27T03:46:57,normal_night_walk,0.074,0.2133,0.0615,1396.2,-9.14,0,1.888,1.019,13.752,3.02,0,7.94,43.1,204.8,3,1,3.5,0,0,0,0,controlled_simulation
RN-01922,2026-08-29T17:39:27,manual_sos_simulation,0.0721,0.1529,0.0991,1423.1,-19.537,0,1.615,0.24,11.509,2.792,0,5.06,279.0,363.5,17,0,31.9,0,1,1,1,controlled_simulation
RN-01788,2026-08-06T07:34:57,simulated_fall,0.2071,0.3891,0.0321,1639.4,-23.947,1,15.061,6.015,30.59,22.19,1,6.8,136.7,216.9,7,0,52.0,0,0,0,1,controlled_simulation
RN-01546,2026-08-21T00:15:08,suspicious_night_deviation,0.0631,0.2693,0.0325,2496.5,-15.331,0,2.424,1.014,6.248,3.553,0,7.03,180.0,353.6,0,1,80.6,1,0,0,0,controlled_simulation
RN-01151,2026-08-11T14:53:47,social_shout_laughter,0.1916,0.8579,0.127,1963.2,-18.853,1,3.023,0.837,8.459,3.226,0,5.11,20.9,137.2,14,0,10.1,0,0,0,0,controlled_simulation
RN-00791,2026-08-19T18:16:43,normal_commute,0.015,0.212,0.1125,1839.1,-10.004,0,1.298,1.399,10.617,2.803,0,15.26,0.0,145.6,18,0,2.5,0,0,0,0,controlled_simulation
RN-00117,2026-08-10T22:27:48,normal_day_walk,0.0636,0.1316,0.0964,1361.9,-10.937,0,3.048,1.465,8.287,1.324,0,3.85,21.2,113.1,22,1,37.1,0,0,0,0,controlled_simulation
RN-00741,2026-08-31T08:17:54,normal_commute,0.0291,0.2189,0.0463,1385.9,-17.139,0,3.919,0.982,7.857,3.331,0,18.6,12.2,403.1,8,0,55.9,0,0,0,0,controlled_simulation
RN-01691,2026-08-12T00:55:51,simulated_help_call,0.2514,0.7025,0.2176,2749.7,-18.141,1,5.505,0.922,8.245,2.585,0,7.48,395.2,339.4,0,1,64.2,0,0,1,1,controlled_simulation
RN-01082,2026-08-23T22:02:08,exercise_running,0.0484,0.2538,0.0897,2098.0,-14.555,0,7.782,1.476,11.923,7.394,0,9.42,6.9,160.9,22,1,11.0,0,0,0,0,controlled_simulation
RN-00831,2026-08-11T17:19:38,normal_commute,0.0873,0.2823,0.1141,1639.2,-9.891,0,2.479,0.707,7.956,1.289,0,13.05,23.0,163.0,17,0,1.0,0,0,0,0,controlled_simulation
RN-00120,2026-08-13T08:11:33,normal_day_walk,0.0659,0.1709,0.0683,2046.0,-21.902,0,3.757,0.694,7.565,3.177,0,4.19,2.9,90.1,8,0,44.3,0,0,0,0,controlled_simulation
RN-00657,2026-08-16T01:02:24,normal_night_walk,0.0869,0.1891,0.0784,3213.4,-16.482,0,3.887,0.591,8.36,1.71,0,3.99,9.0,220.8,1,1,48.4,0,0,0,0,controlled_simulation
RN-01908,2026-08-11T23:51:26,simulated_distress_combined,0.3083,0.8762,0.1943,2830.7,-5.945,1,16.002,6.207,34.183,27.718,1,4.59,417.2,567.0,23,1,180.0,0,0,1,1,controlled_simulation
RN-00636,2026-08-12T04:36:43,normal_night_walk,0.0408,0.1484,0.0481,2167.2,-19.249,0,4.855,1.486,6.128,2.437,0,6.72,23.5,223.9,4,1,25.4,2,0,0,0,controlled_simulation
RN-00370,2026-08-05T18:10:17,normal_day_walk,0.0905,0.2428,0.1097,1861.6,-19.083,0,2.989,1.39,10.912,5.398,0,4.89,29.0,279.8,18,0,31.6,1,0,0,0,controlled_simulation
RN-00269,2026-08-19T21:49:43,normal_day_walk,0.0688,0.1632,0.0999,1641.3,-20.052,0,2.86,0.765,10.317,0.4,0,5.71,43.8,175.4,21,0,18.0,0,0,0,0,controlled_simulation
RN-00656,2026-08-09T00:10:13,normal_night_walk,0.0553,0.0931,0.1039,1957.2,-20.709,0,3.092,1.101,5.382,3.375,0,6.41,21.9,201.7,0,1,50.8,0,0,0,0,controlled_simulation
RN-00936,2026-08-10T09:23:22,normal_commute,0.0659,0.0567,0.0818,1907.0,-25.947,0,2.883,0.804,12.451,2.2,0,20.43,26.5,270.3,9,0,22.2,0,0,0,0,controlled_simulation
RN-00823,2026-08-31T17:39:24,normal_commute,0.0402,0.1969,0.0717,1615.4,-10.675,0,2.319,0.49,10.349,3.478,0,21.55,45.6,40.7,17,0,32.0,0,0,0,0,controlled_simulation
RN-00867,2026-08-22T19:11:31,normal_commute,0.0724,0.2509,0.0472,2447.5,-9.499,0,3.498,0.886,6.583,3.342,0,16.58,31.4,159.5,19,0,10.8,1,0,0,0,controlled_simulation
RN-00047,2026-08-05T09:16:51,normal_day_walk,0.069,0.2365,0.0545,1013.1,-17.505,0,1.742,0.313,9.503,4.425,0,5.99,15.4,165.0,9,0,27.8,0,0,0,0,controlled_simulation
RN-01374,2026-08-09T07:07:16,minor_route_deviation,0.0422,0.1306,0.0863,2779.6,-18.266,0,3.686,1.255,7.644,3.982,0,6.21,91.5,189.3,7,0,68.3,0,0,0,0,controlled_simulation
RN-01709,2026-08-15T05:57:59,simulated_help_call,0.2486,0.7843,0.2186,2976.6,-14.57,1,1.782,0.983,6.205,2.642,0,5.5,259.3,180.0,5,0,84.5,0,0,1,1,controlled_simulation
RN-00992,2026-08-03T07:08:08,exercise_running,0.0624,0.3614,0.0952,2312.1,-17.88,0,5.995,1.924,10.701,4.575,0,11.13,11.7,335.5,7,0,17.1,0,0,0,0,controlled_simulation
RN-00877,2026-08-02T07:06:32,normal_commute,0.0537,0.1633,0.0989,2567.2,-22.093,0,2.8,1.203,8.609,5.358,0,8.39,24.7,158.4,7,0,15.0,0,0,0,0,controlled_simulation
RN-00774,2026-08-03T13:06:34,normal_commute,0.0481,0.1558,0.0394,1464.9,-14.508,0,3.084,1.461,9.999,5.407,0,23.16,28.7,5.0,13,0,8.6,0,0,0,0,controlled_simulation
RN-01220,2026-08-05T11:44:03,social_shout_laughter,0.1633,0.7695,0.1571,3127.4,-8.082,1,3.419,1.192,9.268,3.802,0,4.69,0.0,225.9,11,0,32.9,0,0,0,0,controlled_simulation
RN-02000,2026-08-07T16:26:14,manual_sos_simulation,0.0666,0.1576,0.101,1671.8,-26.119,0,2.063,1.388,7.298,2.044,0,6.13,142.7,794.9,16,0,42.5,1,1,1,1,controlled_simulation
RN-00005,2026-08-10T19:24:24,normal_day_walk,0.032,0.1007,0.0693,1921.3,-14.872,0,2.372,1.274,7.785,3.829,0,4.37,11.5,217.2,19,0,21.6,0,0,0,0,controlled_simulation
RN-01004,2026-08-31T13:02:50,exercise_running,0.038,0.3764,0.0643,1665.1,-18.079,0,7.146,2.233,13.692,9.373,0,13.11,9.7,241.3,13,0,39.5,0,0,0,0,controlled_simulation
RN-01724,2026-08-21T05:26:14,simulated_help_call,0.3594,0.7644,0.1381,2368.2,-11.342,1,2.654,1.471,6.254,3.639,0,7.64,371.4,394.7,5,0,104.1,0,0,0,1,controlled_simulation
RN-00264,2026-08-03T09:23:33,normal_day_walk,0.0183,0.2023,0.1147,1734.2,-17.956,0,2.472,0.404,8.581,5.544,0,7.3,6.2,165.5,9,0,1.0,0,0,0,0,controlled_simulation
RN-01570,2026-08-19T22:39:12,suspicious_night_deviation,0.0647,0.1095,0.0388,2385.2,-8.732,0,2.489,1.479,10.911,4.507,0,3.94,549.9,556.0,22,1,87.7,1,0,0,0,controlled_simulation
RN-01831,2026-08-01T19:37:46,simulated_fall,0.03,0.3102,0.0569,1929.4,-12.827,0,18.346,5.881,26.602,19.382,1,8.27,123.0,210.1,19,0,71.9,0,0,1,1,controlled_simulation
RN-00444,2026-08-20T03:50:52,normal_night_walk,0.048,0.1239,0.0752,1659.5,-19.757,0,2.506,0.912,7.538,3.178,0,2.04,10.4,124.2,3,1,34.3,0,0,0,0,controlled_simulation
RN-01003,2026-08-06T17:04:44,exercise_running,0.13,0.2101,0.0643,1392.5,-7.722,0,4.709,2.318,13.671,9.468,0,8.8,28.5,86.5,17,0,13.6,2,0,0,0,controlled_simulation
RN-01078,2026-08-10T20:58:12,exercise_running,0.0401,0.442,0.0892,2139.3,-21.542,0,6.349,1.548,10.263,8.274,0,13.57,9.3,156.4,20,0,35.3,0,0,0,0,controlled_simulation
RN-00838,2026-08-20T13:18:32,normal_commute,0.0217,0.1656,0.0777,2366.3,-22.216,0,2.18,0.841,8.069,0.515,0,17.16,18.9,5.0,13,0,72.7,0,0,0,0,controlled_simulation
RN-01791,2026-08-11T22:07:00,simulated_fall,0.1426,0.4,0.0596,1007.6,-14.593,0,18.49,6.01,27.397,26.133,1,8.56,320.3,192.3,22,1,34.6,0,0,1,1,controlled_simulation
RN-00305,2026-08-01T11:18:54,normal_day_walk,0.0554,0.1575,0.1103,1190.3,-21.219,0,3.019,1.813,3.976,2.718,0,6.56,30.6,196.8,11,0,11.7,0,0,0,0,controlled_simulation
RN-01366,2026-08-13T20:48:54,minor_route_deviation,0.0692,0.0625,0.0432,1481.4,-15.448,0,2.912,0.7,5.786,5.312,0,7.64,108.8,267.1,20,0,8.3,0,0,0,0,controlled_simulation
RN-01558,2026-08-03T04:45:07,suspicious_night_deviation,0.0543,0.2707,0.0602,2482.0,-22.356,0,2.988,0.867,5.305,2.959,0,5.74,489.7,709.7,4,1,111.5,0,0,0,0,controlled_simulation
RN-00314,2026-08-26T17:15:33,normal_day_walk,0.0428,0.21,0.0577,1733.9,-19.497,0,4.17,0.98,9.061,3.06,0,6.49,0.0,134.1,17,0,14.9,0,0,0,0,controlled_simulation
RN-00150,2026-08-22T06:29:09,normal_day_walk,0.0274,0.1438,0.1081,1829.8,-27.804,0,3.816,0.885,4.282,3.802,0,5.08,16.8,115.4,6,0,39.2,0,0,0,0,controlled_simulation
RN-01149,2026-08-04T12:13:35,social_shout_laughter,0.2291,0.6559,0.1641,2919.1,-17.849,1,2.861,0.815,3.507,3.832,0,2.45,25.0,5.0,12,0,1.0,1,0,0,0,controlled_simulation
RN-01214,2026-08-28T21:23:28,social_shout_laughter,0.1172,0.5364,0.1549,2714.6,-10.186,0,4.071,1.001,4.604,3.712,0,7.92,31.4,223.7,21,0,21.1,0,0,0,0,controlled_simulation
RN-00575,2026-08-08T20:39:49,normal_night_walk,0.055,0.1357,0.0595,1641.2,-15.005,0,2.698,1.445,9.552,1.024,0,9.23,39.1,450.2,20,0,13.7,1,0,0,0,controlled_simulation
RN-00051,2026-08-01T09:55:30,normal_day_walk,0.0398,0.1041,0.0767,1290.1,-19.596,0,3.51,1.233,10.075,4.32,0,6.79,32.8,232.3,9,0,25.7,1,0,0,0,controlled_simulation
RN-01553,2026-08-23T22:45:24,suspicious_night_deviation,0.0482,0.1346,0.0515,1872.7,-11.285,0,1.403,0.752,7.624,2.158,0,6.66,413.3,338.7,22,1,65.6,0,0,0,0,controlled_simulation
RN-00727,2026-08-02T19:11:59,normal_commute,0.0635,0.149,0.0877,1641.9,-17.075,0,1.954,0.685,6.956,1.473,0,18.93,32.0,221.7,19,0,27.9,0,0,0,0,controlled_simulation
RN-00834,2026-08-01T08:56:49,normal_commute,0.0373,0.2901,0.0488,2007.4,-18.981,0,4.002,1.668,7.52,2.749,0,27.71,22.7,5.0,8,0,1.0,0,0,0,0,controlled_simulation
RN-01378,2026-08-17T20:41:19,minor_route_deviation,0.0636,0.1466,0.0985,2213.6,-25.734,0,1.485,0.759,7.428,3.122,0,5.83,147.0,330.1,20,0,1.0,1,0,0,0,controlled_simulation
RN-01116,2026-08-28T07:43:42,exercise_running,0.0614,0.4352,0.0845,2014.1,-26.861,0,5.449,2.494,12.331,7.822,0,10.63,14.2,47.7,7,0,40.6,1,0,0,0,controlled_simulation
RN-01167,2026-08-02T10:21:16,social_shout_laughter,0.2005,0.7423,0.1615,1955.9,-27.148,1,4.263,1.64,11.638,5.076,0,4.33,29.0,158.3,10,0,4.8,0,0,0,0,controlled_simulation
RN-00471,2026-08-29T03:19:25,normal_night_walk,0.0609,0.1218,0.0724,2312.6,-27.222,0,3.204,1.208,4.126,2.773,0,7.47,16.3,131.8,3,1,22.0,0,0,0,0,controlled_simulation
RN-00972,2026-08-24T11:56:18,exercise_running,0.0985,0.2899,0.0831,2308.5,-18.577,0,8.812,2.064,11.084,9.035,0,11.93,7.0,158.5,11,0,2.0,1,0,0,0,controlled_simulation
RN-00654,2026-08-06T23:09:57,normal_night_walk,0.0671,0.1859,0.058,1641.4,-20.28,0,2.631,1.195,8.843,3.26,0,5.95,26.7,221.8,23,1,20.8,0,0,0,0,controlled_simulation
RN-00400,2026-08-31T08:55:44,normal_day_walk,0.0488,0.2998,0.133,1647.3,-17.369,0,2.296,0.77,10.722,3.749,0,5.63,14.4,143.1,8,0,15.6,0,0,0,0,controlled_simulation
RN-00512,2026-08-28T23:19:46,normal_night_walk,0.0555,0.3146,0.0747,1999.3,-17.077,0,1.436,1.066,10.413,2.058,0,4.7,28.7,312.8,23,1,16.5,0,0,0,0,controlled_simulation
RN-00321,2026-08-04T13:23:06,normal_day_walk,0.0403,0.2423,0.0741,1854.8,-14.023,0,2.858,1.009,8.718,2.774,0,7.89,32.6,127.8,13,0,25.7,0,0,0,0,controlled_simulation
RN-00020,2026-08-11T18:04:17,normal_day_walk,0.0655,0.3013,0.1007,1716.5,-17.667,0,4.26,1.254,10.988,3.527,0,4.89,3.3,109.9,18,0,48.4,0,0,0,0,controlled_simulation
RN-00685,2026-08-25T19:13:24,normal_commute,0.101,0.1601,0.0799,1438.7,-15.807,0,3.383,1.298,6.678,3.009,0,8.1,56.5,180.5,19,0,7.2,0,0,0,0,controlled_simulation
RN-00036,2026-08-16T15:33:00,normal_day_walk,0.0559,0.1264,0.0937,1934.6,-25.241,0,4.01,1.359,7.181,2.217,0,4.08,5.6,133.6,15,0,31.0,0,0,0,0,controlled_simulation
RN-00903,2026-08-29T19:27:29,normal_commute,0.0258,0.2699,0.072,1532.4,-19.941,0,4.689,1.368,6.839,4.712,0,14.58,8.0,103.5,19,0,58.7,0,0,0,0,controlled_simulation
RN-01779,2026-08-15T08:54:10,simulated_fall,0.1993,0.1676,0.1235,1695.0,-19.723,1,26.812,4.446,24.971,29.888,1,5.87,202.7,321.6,8,0,60.7,2,0,0,1,controlled_simulation
RN-00828,2026-08-26T18:44:01,normal_commute,0.0672,0.2376,0.0605,1545.0,-19.443,0,3.252,1.241,8.688,3.585,0,9.16,37.2,228.6,18,0,25.6,1,0,0,0,controlled_simulation
RN-01854,2026-08-27T02:02:01,simulated_distress_combined,0.2944,0.8834,0.2003,3177.2,-3.12,1,18.574,6.609,32.459,21.481,1,7.76,266.1,979.5,2,1,91.0,1,0,1,1,controlled_simulation
RN-00408,2026-08-19T08:00:22,normal_day_walk,0.0542,0.1883,0.1357,2413.0,-10.755,0,1.425,1.086,9.236,3.541,0,3.62,32.1,102.2,8,0,5.3,0,0,0,0,controlled_simulation
RN-00921,2026-08-12T09:45:35,normal_commute,0.0747,0.2659,0.0739,874.9,-14.406,0,4.359,1.342,7.499,2.923,0,19.47,39.9,273.2,9,0,22.8,0,0,0,0,controlled_simulation
RN-00538,2026-08-01T03:34:21,normal_night_walk,0.0337,0.287,0.0794,2478.8,-13.532,0,3.615,0.966,5.208,5.457,0,2.45,14.3,324.6,3,1,17.2,0,0,0,0,controlled_simulation
RN-00759,2026-08-18T17:08:14,normal_commute,0.0316,0.1359,0.0943,2116.3,-13.624,0,3.174,0.681,3.492,2.809,0,8.68,26.0,247.1,17,0,36.1,0,0,0,0,controlled_simulation
RN-01905,2026-08-13T03:51:20,simulated_distress_combined,0.2952,0.8862,0.2634,3836.8,-8.373,1,17.265,7.63,30.979,29.018,1,7.63,779.0,540.2,3,1,122.9,0,0,0,1,controlled_simulation
RN-01063,2026-08-18T09:35:10,exercise_running,0.0697,0.2216,0.0616,2057.2,-18.032,0,6.084,1.505,15.908,11.415,0,8.78,30.3,26.5,9,0,17.0,1,0,0,0,controlled_simulation
RN-01200,2026-08-12T10:04:38,social_shout_laughter,0.1966,0.6906,0.1781,2133.7,-26.649,1,4.107,0.975,9.051,3.583,0,4.94,24.7,47.2,10,0,1.0,0,0,0,0,controlled_simulation
RN-00246,2026-08-11T18:11:55,normal_day_walk,0.0986,0.1467,0.0637,1949.6,-16.024,0,2.012,0.317,7.012,2.62,0,3.11,3.4,5.3,18,0,49.3,0,0,0,0,controlled_simulation
RN-01417,2026-08-29T11:21:13,sudden_phone_drop,0.0559,0.04,0.0737,2047.3,-17.836,0,16.577,4.614,22.191,13.38,1,4.61,0.0,156.8,11,0,31.2,0,0,0,0,controlled_simulation
RN-01128,2026-08-07T11:15:51,social_shout_laughter,0.167,0.5927,0.1333,2060.7,-11.66,0,2.919,0.69,7.994,3.12,0,3.34,15.3,182.0,11,0,25.2,1,0,0,0,controlled_simulation
RN-00785,2026-08-31T18:32:38,normal_commute,0.0503,0.0879,0.1041,1736.5,-27.261,0,2.61,1.232,7.396,3.987,0,13.46,23.2,178.4,18,0,21.0,0,0,0,0,controlled_simulation
RN-01743,2026-08-10T23:37:15,simulated_help_call,0.274,0.9003,0.1599,3359.7,-10.353,1,2.289,0.72,8.771,2.977,0,7.55,212.9,738.0,23,1,80.8,1,0,1,1,controlled_simulation
RN-00490,2026-08-18T22:50:15,normal_night_walk,0.0834,0.1708,0.0533,1946.2,-17.963,0,4.757,0.886,9.028,3.587,0,5.14,27.4,194.6,22,1,36.9,0,0,0,0,controlled_simulation
RN-00155,2026-08-14T17:26:09,normal_day_walk,0.0522,0.0968,0.0965,1857.3,-20.305,0,2.568,0.829,6.619,4.587,0,1.68,0.0,26.7,17,0,1.4,0,0,0,0,controlled_simulation
RN-00962,2026-08-02T06:48:19,exercise_running,0.0852,0.2383,0.0395,1431.0,-14.843,0,3.775,2.548,9.079,10.979,0,11.78,27.2,250.4,6,0,67.2,0,0,0,0,controlled_simulation
RN-00854,2026-08-16T07:25:05,normal_commute,0.0824,0.175,0.0545,1371.2,-12.567,0,1.689,1.234,7.782,2.461,0,20.87,29.4,50.8,7,0,8.5,0,0,0,0,controlled_simulation
RN-01312,2026-08-27T16:00:12,minor_route_deviation,0.0321,0.1193,0.077,1929.6,-15.354,0,3.75,0.971,4.705,2.915,0,4.88,151.0,165.5,16,0,37.5,0,0,0,0,controlled_simulation
RN-00626,2026-08-30T02:30:49,normal_night_walk,0.0408,0.1122,0.0697,2040.6,-17.775,0,4.756,1.14,9.751,4.662,0,6.74,19.2,238.8,2,1,22.9,0,0,0,0,controlled_simulation
RN-00686,2026-08-16T17:10:02,normal_commute,0.0737,0.2167,0.0482,2289.1,-18.287,0,2.437,1.448,5.298,1.547,0,17.91,4.7,450.0,17,0,46.5,0,0,0,0,controlled_simulation
RN-01562,2026-08-18T22:19:55,suspicious_night_deviation,0.0818,0.1329,0.0917,2030.2,-16.769,0,2.589,0.984,5.614,1.414,0,4.0,244.4,443.2,22,1,86.2,2,0,0,0,controlled_simulation
RN-00570,2026-08-30T05:54:00,normal_night_walk,0.0633,0.1599,0.0694,2119.0,-19.744,0,5.073,1.538,10.119,3.806,0,3.45,28.1,206.2,5,0,9.1,1,0,0,0,controlled_simulation
RN-01909,2026-08-25T01:48:01,simulated_distress_combined,0.2996,0.9351,0.2236,4150.4,-12.642,1,15.363,5.112,33.66,25.074,1,11.81,468.8,844.7,1,1,79.2,1,0,1,1,controlled_simulation
RN-00018,2026-08-02T15:19:48,normal_day_walk,0.0413,0.1021,0.1032,2054.5,-23.552,0,4.272,1.192,8.46,0.906,0,4.82,47.3,281.6,15,0,31.9,1,0,0,0,controlled_simulation
RN-00128,2026-08-14T08:22:15,normal_day_walk,0.0785,0.1455,0.0684,2298.4,-22.968,0,3.794,0.961,7.727,3.884,0,6.02,0.0,158.5,8,0,16.4,1,0,0,0,controlled_simulation
RN-01347,2026-08-20T13:16:50,minor_route_deviation,0.0721,0.0989,0.0847,1300.7,-12.687,0,1.398,1.047,9.131,2.303,0,5.75,159.3,252.2,13,0,17.5,0,0,0,0,controlled_simulation
RN-01280,2026-08-04T10:52:53,minor_route_deviation,0.0541,0.1116,0.1242,1779.3,-13.062,0,2.756,1.522,8.864,2.776,0,6.63,139.9,462.6,10,0,38.9,1,0,0,0,controlled_simulation
RN-01969,2026-08-17T01:38:42,manual_sos_simulation,0.0669,0.1984,0.0288,1388.7,-12.14,0,4.826,0.554,7.272,1.848,0,5.46,246.4,317.0,1,1,74.3,0,1,1,1,controlled_simulation
RN-00928,2026-08-29T18:38:11,normal_commute,0.071,0.1408,0.0983,1843.9,-20.677,0,4.12,0.523,8.597,2.228,0,12.9,40.1,141.7,18,0,8.7,0,0,0,0,controlled_simulation
RN-00981,2026-08-11T10:38:11,exercise_running,0.09,0.4327,0.1226,1984.8,-19.26,0,5.834,1.975,11.517,5.98,0,8.89,23.3,219.8,10,0,30.9,0,0,0,0,controlled_simulation
RN-01965,2026-08-14T22:12:08,manual_sos_simulation,0.0485,0.2445,0.0635,1575.1,-16.452,0,3.418,1.726,8.828,1.332,0,3.78,213.6,180.9,22,1,69.7,1,1,1,1,controlled_simulation
RN-00191,2026-08-20T10:48:16,normal_day_walk,0.0638,0.1897,0.077,1449.6,-20.461,0,3.114,0.808,7.356,4.512,0,6.03,0.8,172.1,10,0,44.6,1,0,0,0,controlled_simulation
RN-01140,2026-08-30T10:41:04,social_shout_laughter,0.1811,0.6249,0.1209,2697.1,-13.242,1,2.824,1.116,4.336,2.909,0,6.92,11.8,142.7,10,0,16.5,0,0,0,0,controlled_simulation
RN-00993,2026-08-14T09:46:55,exercise_running,0.1212,0.2273,0.0811,1083.4,-14.808,0,6.546,2.057,7.713,3.717,0,11.86,5.0,164.9,9,0,23.8,1,0,0,0,controlled_simulation
RN-01956,2026-08-06T19:23:30,manual_sos_simulation,0.0597,0.1847,0.0581,2284.0,-15.417,0,2.666,0.788,4.381,2.565,0,4.36,312.7,333.9,19,0,48.3,0,1,1,1,controlled_simulation
RN-01657,2026-08-14T05:27:57,simulated_help_call,0.3413,0.795,0.135,2280.0,-5.663,1,4.392,1.217,6.374,2.726,0,2.91,459.9,344.6,5,0,69.7,0,0,1,1,controlled_simulation
RN-00607,2026-08-03T05:18:06,normal_night_walk,0.0218,0.2106,0.1034,2224.4,-17.025,0,2.295,1.077,7.739,3.298,0,5.95,15.4,190.8,5,0,4.4,0,0,0,0,controlled_simulation
RN-00181,2026-08-15T19:38:52,normal_day_walk,0.015,0.0874,0.1023,2188.6,-12.296,0,2.717,0.809,8.293,3.367,0,3.78,3.0,5.0,19,0,27.1,0,0,0,0,controlled_simulation
RN-00302,2026-08-24T12:51:37,normal_day_walk,0.0648,0.179,0.0649,1594.2,-18.329,0,4.077,0.938,4.843,5.372,0,5.81,11.7,101.7,12,0,25.5,1,0,0,0,controlled_simulation
RN-00497,2026-08-06T22:18:59,normal_night_walk,0.0333,0.2736,0.02,1479.0,-18.552,0,3.156,0.496,8.925,4.231,0,4.97,33.0,128.4,22,1,22.1,0,0,0,0,controlled_simulation
RN-01721,2026-08-13T02:39:49,simulated_help_call,0.3035,0.811,0.2271,2520.9,-12.216,1,3.613,1.472,7.147,4.139,0,4.01,406.1,574.3,2,1,95.9,0,0,0,1,controlled_simulation
RN-01710,2026-08-03T03:37:15,simulated_help_call,0.3882,0.99,0.2059,3032.3,-7.39,1,4.867,1.311,3.748,1.374,0,8.93,100.0,180.0,3,1,73.2,0,0,1,1,controlled_simulation
RN-01888,2026-08-19T02:46:01,simulated_distress_combined,0.2865,0.9025,0.1841,3471.9,-8.044,1,15.867,6.283,28.838,21.755,1,7.63,466.9,717.1,2,1,109.5,1,0,1,1,controlled_simulation
RN-01992,2026-08-28T08:58:31,manual_sos_simulation,0.0463,0.3139,0.0656,1603.4,-19.454,0,2.072,0.854,9.207,3.288,0,3.53,436.4,440.8,8,0,80.6,0,1,1,1,controlled_simulation
RN-00518,2026-08-15T23:33:02,normal_night_walk,0.0223,0.1993,0.0739,2293.1,-7.957,0,5.049,1.26,8.873,2.504,0,7.3,34.1,183.5,23,1,13.0,0,0,0,0,controlled_simulation
RN-01985,2026-08-05T16:32:24,manual_sos_simulation,0.0325,0.2138,0.0694,2493.6,-23.777,0,2.955,1.049,4.477,2.362,0,5.83,0.0,349.1,16,0,23.6,1,1,1,1,controlled_simulation
RN-01070,2026-08-03T15:44:48,exercise_running,0.0919,0.3866,0.0764,876.1,-11.337,0,6.697,1.368,13.939,12.09,0,14.42,1.9,5.0,15,0,26.1,0,0,0,0,controlled_simulation
RN-00477,2026-08-02T00:18:08,normal_night_walk,0.0821,0.1116,0.065,2105.6,-28.232,0,4.171,0.947,7.449,3.674,0,4.47,28.6,20.0,0,1,7.5,1,0,0,0,controlled_simulation
RN-00158,2026-08-01T20:28:49,normal_day_walk,0.0713,0.1585,0.0831,1586.1,-17.945,0,2.659,1.697,7.932,3.966,0,7.19,30.9,277.0,20,0,31.5,0,0,0,0,controlled_simulation
RN-01244,2026-08-28T19:20:43,social_shout_laughter,0.2359,0.6386,0.1526,2427.7,-18.298,1,5.451,1.227,5.042,2.763,0,5.52,24.5,266.0,19,0,10.4,0,0,0,0,controlled_simulation
RN-01196,2026-08-17T06:55:52,social_shout_laughter,0.2046,0.5586,0.1824,2616.7,-8.895,1,2.625,1.521,8.087,3.659,0,4.03,0.0,137.8,6,0,22.9,0,0,0,0,controlled_simulation
RN-00017,2026-08-29T21:44:52,normal_day_walk,0.0507,0.1614,0.0839,2008.3,-17.734,0,3.409,0.906,8.443,4.215,0,5.78,12.7,128.0,21,0,1.0,0,0,0,0,controlled_simulation
RN-01536,2026-08-29T23:13:13,suspicious_night_deviation,0.0539,0.1473,0.0456,1806.2,-22.209,0,4.518,1.014,4.996,6.095,0,6.17,292.8,433.6,23,1,40.0,1,0,0,0,controlled_simulation
RN-01073,2026-08-01T09:04:08,exercise_running,0.1052,0.4149,0.1021,1402.2,-13.583,0,4.192,2.95,13.776,8.867,0,11.22,31.5,116.8,9,0,24.4,1,0,0,0,controlled_simulation
RN-01972,2026-08-13T17:19:26,manual_sos_simulation,0.0297,0.1589,0.064,2483.6,-14.166,0,3.829,0.924,8.644,2.046,0,6.66,150.3,492.3,17,0,76.9,0,1,1,1,controlled_simulation
RN-00547,2026-08-08T05:14:00,normal_night_walk,0.0645,0.1294,0.1157,2379.8,-14.179,0,3.556,1.341,7.6,5.889,0,8.84,48.5,36.3,5,0,5.7,0,0,0,0,controlled_simulation
RN-01540,2026-08-24T02:20:05,suspicious_night_deviation,0.0487,0.1577,0.0949,1764.1,-21.331,0,3.128,1.252,6.57,4.367,0,6.24,400.6,321.2,2,1,66.8,1,0,0,0,controlled_simulation
RN-00659,2026-08-15T00:37:40,normal_night_walk,0.0538,0.0698,0.126,2530.6,-13.427,0,2.715,1.181,7.946,4.39,0,7.2,19.8,117.7,0,1,18.3,0,0,0,0,controlled_simulation
RN-01626,2026-08-08T03:45:21,suspicious_night_deviation,0.0442,0.0779,0.1189,2364.2,-13.213,0,3.158,0.741,6.043,4.394,0,7.81,541.9,576.9,3,1,62.0,0,0,0,0,controlled_simulation
RN-01020,2026-08-27T15:00:50,exercise_running,0.0997,0.1878,0.0948,1741.3,-17.968,0,7.387,2.596,14.567,9.976,0,12.54,11.5,186.1,15,0,33.4,0,0,0,0,controlled_simulation
RN-01663,2026-08-03T04:34:01,simulated_help_call,0.4145,0.8167,0.1999,2531.5,-13.853,1,2.998,1.093,8.186,3.262,0,5.78,288.3,510.0,4,1,91.2,0,0,0,1,controlled_simulation
RN-01505,2026-08-05T00:35:30,suspicious_night_deviation,0.0707,0.0882,0.0679,1830.5,-21.001,0,2.782,1.138,6.346,6.04,0,4.7,447.8,741.2,0,1,79.5,2,0,0,0,controlled_simulation
RN-00960,2026-08-02T09:52:35,exercise_running,0.0868,0.3843,0.0825,2043.5,-21.675,0,4.63,3.018,14.125,5.985,0,10.15,27.3,59.2,9,0,32.0,0,0,0,0,controlled_simulation
RN-01882,2026-08-16T02:18:08,simulated_distress_combined,0.3301,0.8657,0.2783,3320.7,-9.668,1,23.088,4.331,37.075,22.552,1,12.37,451.6,572.7,2,1,97.3,2,0,1,1,controlled_simulation
RN-00284,2026-08-05T15:37:19,normal_day_walk,0.0696,0.1688,0.0766,1883.7,-12.804,0,2.94,0.491,5.388,3.382,0,7.29,7.5,148.2,15,0,42.2,0,0,0,0,controlled_simulation
RN-00798,2026-08-22T09:28:03,normal_commute,0.0484,0.1244,0.1145,1767.6,-20.644,0,3.038,1.49,4.474,3.416,0,12.09,24.6,124.3,9,0,16.2,1,0,0,0,controlled_simulation
RN-01627,2026-08-20T04:29:13,suspicious_night_deviation,0.0991,0.1736,0.1075,1376.3,-30.237,0,3.895,1.156,8.878,3.172,0,6.73,470.1,250.0,4,1,71.3,0,0,0,0,controlled_simulation
RN-00226,2026-08-11T06:22:57,normal_day_walk,0.0631,0.1536,0.1149,2285.7,-5.911,0,5.443,0.95,6.358,0.87,0,4.02,17.3,261.3,6,0,57.4,0,0,0,0,controlled_simulation
RN-00027,2026-08-24T08:30:03,normal_day_walk,0.0567,0.1214,0.1001,2624.3,-24.911,0,2.665,0.582,5.724,2.57,0,6.96,36.6,133.8,8,0,49.4,1,0,0,0,controlled_simulation
RN-01771,2026-08-14T08:51:40,simulated_fall,0.1183,0.2384,0.0564,1176.6,-17.351,0,12.794,5.455,27.991,27.618,1,8.09,268.3,189.2,8,0,42.2,0,0,1,1,controlled_simulation
RN-00438,2026-08-01T04:59:24,normal_night_walk,0.0431,0.2834,0.1104,1579.8,-14.163,0,3.639,0.818,7.689,3.149,0,3.91,44.4,309.1,4,1,27.7,0,0,0,0,controlled_simulation
RN-01949,2026-08-22T15:14:46,manual_sos_simulation,0.0665,0.1889,0.0782,805.4,-19.058,0,3.433,1.513,3.927,1.493,0,3.55,351.5,409.5,15,0,57.0,1,1,1,1,controlled_simulation
RN-01389,2026-08-08T18:13:26,minor_route_deviation,0.0395,0.175,0.0983,2349.0,-15.1,0,2.803,1.208,5.728,1.65,0,4.48,100.8,168.6,18,0,22.3,1,0,0,0,controlled_simulation
RN-00230,2026-08-14T19:09:45,normal_day_walk,0.0895,0.1165,0.0879,1774.0,-25.91,0,3.204,1.105,8.305,2.485,0,6.29,26.7,171.3,19,0,20.8,1,0,0,0,controlled_simulation
RN-00038,2026-08-31T13:13:33,normal_day_walk,0.0319,0.1503,0.0929,1590.1,-11.628,0,2.731,1.384,7.983,0.87,0,2.8,21.5,303.9,13,0,1.0,0,0,0,0,controlled_simulation
RN-00750,2026-08-14T19:45:37,normal_commute,0.061,0.212,0.0749,2755.4,-10.645,0,5.155,1.197,3.676,4.396,0,22.33,14.3,139.5,19,0,15.6,1,0,0,0,controlled_simulation
RN-01046,2026-08-27T14:32:47,exercise_running,0.0727,0.3474,0.0556,2299.8,-15.495,0,7.868,2.153,12.587,11.923,0,13.63,21.2,74.9,14,0,12.4,1,0,0,0,controlled_simulation
RN-01399,2026-08-25T15:20:56,minor_route_deviation,0.0549,0.1695,0.1246,1469.2,-13.5,0,2.567,1.746,6.547,0.4,0,5.43,99.4,312.6,15,0,15.4,0,0,0,0,controlled_simulation
RN-00470,2026-08-25T02:06:13,normal_night_walk,0.0452,0.2323,0.078,1667.7,-12.1,0,3.05,0.692,11.196,2.979,0,5.46,0.0,112.1,2,1,24.9,1,0,0,0,controlled_simulation
RN-01693,2026-08-11T22:23:43,simulated_help_call,0.2774,0.8527,0.2036,3541.8,-14.673,1,3.863,0.678,10.856,5.157,0,4.14,468.1,366.6,22,1,56.4,0,0,1,1,controlled_simulation
RN-01968,2026-08-08T16:27:53,manual_sos_simulation,0.0595,0.097,0.0377,1842.6,-17.916,0,3.884,0.224,10.267,2.491,0,9.88,415.6,407.1,16,0,74.9,0,1,1,1,controlled_simulation
RN-00688,2026-08-31T09:37:40,normal_commute,0.0342,0.0493,0.1091,2229.0,-18.633,0,2.596,0.975,4.618,3.212,0,22.29,27.6,112.9,9,0,20.9,0,0,0,0,controlled_simulation
RN-01844,2026-08-22T02:01:42,simulated_distress_combined,0.3174,0.7955,0.2297,2867.8,-7.88,1,20.827,5.609,25.804,36.723,1,8.82,425.1,838.6,2,1,90.5,1,0,1,1,controlled_simulation
RN-00640,2026-08-26T00:02:53,normal_night_walk,0.0509,0.1672,0.0527,1245.0,-25.495,0,3.427,1.332,6.826,3.043,0,5.27,16.9,20.0,0,1,3.4,0,0,0,0,controlled_simulation
RN-01713,2026-08-30T23:14:58,simulated_help_call,0.2389,0.8738,0.2547,2570.8,-6.523,1,2.691,1.234,7.187,2.219,0,6.69,376.3,457.0,23,1,113.2,0,0,0,1,controlled_simulation
RN-01219,2026-08-16T12:03:32,social_shout_laughter,0.2672,0.7367,0.1912,2936.9,-21.674,1,1.656,1.063,10.751,3.837,0,5.15,33.5,54.3,12,0,46.0,0,0,0,0,controlled_simulation
RN-01159,2026-08-12T08:39:56,social_shout_laughter,0.2893,0.5688,0.1491,3163.7,-26.769,1,4.157,0.2,10.727,3.396,0,6.48,0.0,151.5,8,0,41.8,0,0,0,0,controlled_simulation
RN-01416,2026-08-26T18:49:48,sudden_phone_drop,0.055,0.218,0.1062,1875.3,-21.797,0,17.067,4.922,22.338,19.92,1,9.47,24.2,46.3,18,0,12.7,0,0,0,0,controlled_simulation
RN-01528,2026-08-05T04:20:08,suspicious_night_deviation,0.083,0.1537,0.0903,2131.7,-18.592,0,2.874,1.552,7.995,2.716,0,5.86,267.5,561.9,4,1,100.5,2,0,0,0,controlled_simulation
RN-01656,2026-08-09T01:16:36,simulated_help_call,0.3134,0.8034,0.2342,3745.1,-17.941,1,4.33,0.973,9.788,3.157,0,2.92,167.0,753.7,1,1,64.0,0,0,0,1,controlled_simulation
RN-01301,2026-08-31T14:53:56,minor_route_deviation,0.068,0.2503,0.0851,1698.6,-17.245,0,3.479,1.059,11.751,2.983,0,2.34,173.4,219.7,14,0,7.6,0,0,0,0,controlled_simulation
RN-01823,2026-08-16T17:40:22,simulated_fall,0.1426,0.3856,0.0829,1176.0,-14.7,0,23.1,4.503,26.646,28.567,1,7.01,169.1,233.2,17,0,96.4,1,0,1,1,controlled_simulation
RN-00801,2026-08-17T18:51:58,normal_commute,0.0377,0.0802,0.1326,1519.6,-16.288,0,1.959,1.566,5.535,2.401,0,24.38,43.3,134.9,18,0,30.2,0,0,0,0,controlled_simulation
RN-01604,2026-08-19T03:34:38,suspicious_night_deviation,0.0658,0.296,0.0808,1898.1,-13.156,0,3.885,0.82,10.033,2.852,0,4.78,422.9,797.0,3,1,120.1,0,0,0,0,controlled_simulation
RN-00161,2026-08-11T06:35:55,normal_day_walk,0.0482,0.04,0.0812,2447.7,-9.588,0,3.956,1.602,10.48,3.431,0,4.81,11.9,5.0,6,0,32.0,0,0,0,0,controlled_simulation
RN-00957,2026-08-12T07:21:10,exercise_running,0.1203,0.3025,0.1067,2628.1,-16.747,0,4.807,2.18,12.162,8.754,0,13.33,19.6,177.7,7,0,37.3,1,0,0,0,controlled_simulation
RN-01187,2026-08-27T06:28:34,social_shout_laughter,0.1737,0.4724,0.109,3410.1,-17.573,0,2.584,1.342,11.119,2.576,0,3.25,5.2,111.3,6,0,27.1,0,0,0,0,controlled_simulation
RN-00822,2026-08-20T19:13:36,normal_commute,0.0722,0.1812,0.1269,2502.4,-28.758,0,2.931,1.147,6.667,4.445,0,18.02,33.3,51.2,19,0,34.6,0,0,0,0,controlled_simulation
RN-01682,2026-08-07T22:56:04,simulated_help_call,0.2852,0.8028,0.2636,2742.9,-9.97,1,4.595,0.699,7.491,2.628,0,3.08,348.2,385.3,22,1,109.2,0,0,0,1,controlled_simulation
RN-00878,2026-08-19T19:01:59,normal_commute,0.068,0.1919,0.0764,1122.1,-14.755,0,3.543,1.45,8.361,1.233,0,10.55,12.9,170.2,19,0,1.0,0,0,0,0,controlled_simulation
RN-00914,2026-08-09T07:01:44,normal_commute,0.0436,0.2071,0.0545,2047.6,-13.024,0,4.453,1.281,9.553,4.331,0,13.26,34.5,63.4,7,0,21.9,0,0,0,0,controlled_simulation
RN-00153,2026-08-06T12:57:55,normal_day_walk,0.0276,0.2519,0.0554,1974.4,-13.022,0,2.284,1.136,7.015,1.85,0,8.79,9.9,138.5,12,0,57.8,0,0,0,0,controlled_simulation
RN-01871,2026-08-03T23:52:26,simulated_distress_combined,0.3227,0.9921,0.2231,2443.0,-9.447,1,25.776,5.629,37.592,31.606,1,6.77,379.5,711.2,23,1,131.8,0,0,1,1,controlled_simulation
RN-01777,2026-08-21T12:49:13,simulated_fall,0.1819,0.434,0.0989,2506.4,-8.555,1,22.462,5.136,30.739,24.122,1,4.23,170.7,155.9,12,0,110.3,0,0,0,1,controlled_simulation
RN-00510,2026-08-05T04:28:17,normal_night_walk,0.0329,0.139,0.0589,1208.0,-16.808,0,1.561,1.431,4.293,3.344,0,2.2,34.6,53.2,4,1,24.4,0,0,0,0,controlled_simulation
RN-01136,2026-08-25T11:26:04,social_shout_laughter,0.1002,0.6418,0.1697,2782.6,-28.646,1,2.836,0.9,9.387,2.929,0,5.73,4.5,157.3,11,0,4.9,0,0,0,0,controlled_simulation
RN-01251,2026-08-22T10:04:05,social_shout_laughter,0.2494,0.7053,0.1769,2913.3,-23.483,1,3.621,1.359,4.826,5.013,0,4.71,26.7,18.3,10,0,52.8,1,0,0,0,controlled_simulation
RN-01684,2026-08-16T04:20:49,simulated_help_call,0.3817,0.7619,0.185,3861.8,-11.618,1,3.491,1.036,7.598,3.207,0,4.04,314.9,395.8,4,1,99.7,0,0,1,1,controlled_simulation
RN-00104,2026-08-24T08:47:11,normal_day_walk,0.0529,0.2619,0.0934,1676.5,-19.182,0,3.039,0.857,6.487,4.527,0,4.17,27.1,5.7,8,0,26.0,1,0,0,0,controlled_simulation
RN-01446,2026-08-16T15:01:50,sudden_phone_drop,0.0608,0.1069,0.043,1816.9,-10.254,0,12.441,5.487,17.0,13.791,1,3.59,10.0,310.0,15,0,18.1,1,0,0,0,controlled_simulation
RN-01444,2026-08-01T21:47:30,sudden_phone_drop,0.0436,0.2266,0.0558,1453.5,-11.102,0,9.414,6.155,21.243,24.694,1,6.55,25.3,203.0,21,0,21.5,0,0,0,0,controlled_simulation
RN-00587,2026-08-12T22:23:13,normal_night_walk,0.0716,0.0946,0.1083,2382.2,-20.372,0,2.936,0.212,8.326,0.74,0,6.86,29.8,158.3,22,1,44.8,0,0,0,0,controlled_simulation
RN-01769,2026-08-10T10:31:22,simulated_fall,0.1201,0.268,0.0895,2166.2,-16.432,0,19.701,6.861,27.578,25.338,1,4.06,226.1,138.4,10,0,67.1,0,0,0,1,controlled_simulation
RN-01144,2026-08-20T09:40:36,social_shout_laughter,0.2191,0.8341,0.1437,3433.8,-13.465,1,3.645,1.313,6.247,1.991,0,4.81,3.8,5.0,9,0,6.5,0,0,0,0,controlled_simulation
RN-00054,2026-08-28T21:18:41,normal_day_walk,0.0423,0.2478,0.087,1856.3,-16.317,0,2.874,0.929,9.317,3.037,0,5.24,23.1,426.1,21,0,40.3,0,0,0,0,controlled_simulation
RN-00152,2026-08-22T15:19:03,normal_day_walk,0.075,0.275,0.0335,1723.7,-10.251,0,2.53,0.879,8.732,0.4,0,3.38,40.1,5.0,15,0,1.0,1,0,0,0,controlled_simulation
RN-00404,2026-08-08T17:36:51,normal_day_walk,0.0503,0.1167,0.0851,2255.3,-12.536,0,3.377,1.029,10.577,3.409,0,7.67,31.5,38.0,17,0,47.4,0,0,0,0,controlled_simulation
RN-01943,2026-08-01T09:12:28,manual_sos_simulation,0.039,0.3287,0.0798,1490.0,-10.492,0,1.729,1.747,7.433,2.721,0,6.43,167.0,265.3,9,0,20.5,0,1,1,1,controlled_simulation
RN-00208,2026-08-15T14:14:58,normal_day_walk,0.0637,0.2293,0.0756,1912.2,-12.563,0,2.292,0.945,6.488,3.777,0,6.69,31.7,418.0,14,0,34.3,1,0,0,0,controlled_simulation
RN-01895,2026-08-10T04:34:14,simulated_distress_combined,0.2909,0.8726,0.2119,3558.6,-7.621,1,18.269,6.031,33.629,24.021,1,12.34,517.4,937.7,4,1,65.2,1,0,1,1,controlled_simulation
RN-01123,2026-08-21T12:09:03,social_shout_laughter,0.2524,0.5068,0.145,1978.2,-20.307,1,1.958,1.022,7.467,3.734,0,4.15,53.2,231.8,12,0,28.0,0,0,0,0,controlled_simulation
RN-01891,2026-08-31T02:18:40,simulated_distress_combined,0.3166,0.9501,0.2238,2676.2,-2.725,1,22.505,5.339,28.588,31.272,1,4.94,624.1,842.4,2,1,83.8,2,0,0,1,controlled_simulation
RN-00009,2026-08-29T11:48:16,normal_day_walk,0.0285,0.1089,0.0904,1404.7,-28.66,0,3.482,1.393,11.493,6.497,0,4.3,0.0,197.2,11,0,21.0,0,0,0,0,controlled_simulation
RN-01015,2026-08-25T12:40:09,exercise_running,0.0666,0.4046,0.0778,1921.2,-24.458,0,7.689,2.745,9.62,4.658,0,11.74,23.1,77.6,12,0,14.4,0,0,0,0,controlled_simulation
RN-01907,2026-08-01T00:36:04,simulated_distress_combined,0.3609,0.9589,0.1825,3907.3,-11.385,1,17.736,5.162,30.013,26.591,1,5.48,550.1,300.0,0,1,105.7,0,0,1,1,controlled_simulation
RN-01061,2026-08-22T08:13:36,exercise_running,0.0889,0.2093,0.0552,2233.8,-17.728,0,4.841,2.647,18.431,5.222,0,11.9,16.1,116.8,8,0,39.4,1,0,0,0,controlled_simulation
RN-00453,2026-08-02T03:47:23,normal_night_walk,0.0397,0.1665,0.0739,1872.0,-17.644,0,3.55,0.8,8.041,2.73,0,7.77,24.5,120.1,3,1,57.0,0,0,0,0,controlled_simulation
RN-00254,2026-08-15T19:00:31,normal_day_walk,0.0425,0.1678,0.0559,1782.8,-18.826,0,3.283,1.047,7.437,1.268,0,3.7,20.3,337.9,19,0,24.7,0,0,0,0,controlled_simulation
RN-01328,2026-08-03T07:20:58,minor_route_deviation,0.0557,0.1839,0.1094,1095.5,-13.55,0,2.909,1.032,3.126,4.836,0,6.24,129.7,228.1,7,0,39.4,0,0,0,0,controlled_simulation
RN-00897,2026-08-01T19:22:15,normal_commute,0.0333,0.1324,0.09,1948.5,-23.088,0,3.045,0.662,7.007,5.121,0,8.17,2.9,179.4,19,0,1.0,0,0,0,0,controlled_simulation
RN-01734,2026-08-27T03:16:06,simulated_help_call,0.2949,0.899,0.2245,2980.3,-7.254,1,3.873,0.825,8.535,1.333,0,6.12,226.6,415.5,3,1,88.7,1,0,0,1,controlled_simulation
RN-00881,2026-08-21T13:57:36,normal_commute,0.0259,0.1135,0.0655,1748.4,-29.91,0,3.876,1.084,9.169,2.878,0,11.14,42.1,201.0,13,0,60.7,0,0,0,0,controlled_simulation
RN-01596,2026-08-20T03:03:52,suspicious_night_deviation,0.0402,0.04,0.0656,1798.3,-17.523,0,2.987,1.019,5.185,1.19,0,4.18,209.6,700.7,3,1,84.9,0,0,0,0,controlled_simulation
RN-01889,2026-08-03T23:27:30,simulated_distress_combined,0.3386,0.8609,0.2286,3884.7,-9.175,1,20.071,8.559,32.922,22.467,1,10.62,572.3,532.0,23,1,72.4,0,0,1,1,controlled_simulation
RN-00624,2026-08-21T23:34:58,normal_night_walk,0.0513,0.1293,0.0868,1745.0,-19.205,0,3.845,1.435,7.462,2.021,0,1.89,35.9,205.0,23,1,38.8,1,0,0,0,controlled_simulation
RN-00346,2026-08-14T22:59:26,normal_day_walk,0.038,0.1441,0.0803,1156.5,-21.1,0,2.097,1.16,8.351,3.483,0,0.99,2.7,73.2,22,1,26.3,0,0,0,0,controlled_simulation
RN-01703,2026-08-05T03:36:01,simulated_help_call,0.2707,0.7048,0.1888,2450.9,-10.353,1,4.429,0.636,7.91,2.011,0,6.46,253.1,542.1,3,1,105.7,0,0,1,1,controlled_simulation
RN-00263,2026-08-13T14:11:05,normal_day_walk,0.0295,0.3449,0.0618,2804.8,-12.984,0,3.174,1.235,8.299,2.559,0,1.22,7.0,248.4,14,0,26.4,0,0,0,0,controlled_simulation
RN-01635,2026-08-25T03:56:34,suspicious_night_deviation,0.0767,0.2946,0.0682,1590.3,-8.495,0,1.588,1.304,9.218,1.546,0,2.02,618.3,372.6,3,1,104.3,1,0,0,0,controlled_simulation
RN-01322,2026-08-11T14:38:32,minor_route_deviation,0.0406,0.34,0.1097,971.1,-20.213,0,3.041,1.152,10.586,3.211,0,6.65,147.9,369.0,14,0,44.8,0,0,0,0,controlled_simulation
RN-01439,2026-08-05T22:14:16,sudden_phone_drop,0.0665,0.1362,0.0616,1780.4,-13.842,0,14.534,3.845,18.578,12.143,1,5.26,32.7,65.1,22,1,29.2,0,0,0,0,controlled_simulation
RN-00151,2026-08-17T17:50:31,normal_day_walk,0.0434,0.2212,0.0584,1108.6,-16.546,0,2.799,1.443,8.062,2.163,0,3.4,1.8,100.2,17,0,21.7,0,0,0,0,controlled_simulation
RN-00473,2026-08-02T01:44:45,normal_night_walk,0.0408,0.2431,0.0767,1537.5,-13.369,0,2.641,0.796,6.415,4.29,0,3.01,54.1,201.0,1,1,29.2,0,0,0,0,controlled_simulation
RN-00641,2026-08-30T04:49:21,normal_night_walk,0.0564,0.2187,0.0678,2007.3,-13.4,0,3.304,1.226,4.841,3.665,0,3.96,32.0,214.9,4,1,7.8,0,0,0,0,controlled_simulation
RN-01983,2026-08-22T14:15:27,manual_sos_simulation,0.0511,0.17,0.1104,1584.7,-31.118,0,4.227,1.798,8.73,2.359,0,6.02,100.1,20.0,14,0,45.4,0,1,1,1,controlled_simulation
RN-01883,2026-08-25T03:33:21,simulated_distress_combined,0.2831,0.8592,0.236,2755.3,-6.899,1,20.955,5.687,31.346,27.278,1,12.98,565.2,480.3,3,1,89.1,3,0,1,1,controlled_simulation
RN-00551,2026-08-31T23:28:44,normal_night_walk,0.0812,0.2121,0.0929,1234.8,-17.124,0,2.516,1.156,5.845,3.505,0,4.52,20.2,234.5,23,1,24.1,1,0,0,0,controlled_simulation
RN-01780,2026-08-20T18:20:07,simulated_fall,0.0898,0.5189,0.0869,1286.8,-17.319,0,16.856,4.053,30.871,13.113,1,3.04,94.8,27.4,18,0,81.6,0,0,1,1,controlled_simulation
RN-00929,2026-08-26T13:08:07,normal_commute,0.0177,0.0961,0.0865,1913.1,-21.47,0,2.862,0.85,4.298,4.029,0,18.48,34.3,118.2,13,0,29.9,0,0,0,0,controlled_simulation
RN-00489,2026-08-18T01:33:11,normal_night_walk,0.0525,0.2034,0.1313,1358.4,-10.865,0,3.809,1.031,3.115,1.15,0,4.96,8.0,161.8,1,1,1.0,0,0,0,0,controlled_simulation
RN-01812,2026-08-12T19:04:59,simulated_fall,0.1175,0.1687,0.0603,2190.1,-14.478,0,26.83,3.715,23.756,33.274,1,5.87,143.5,31.1,19,0,73.3,1,0,1,1,controlled_simulation
RN-01172,2026-08-17T12:09:47,social_shout_laughter,0.1639,0.4674,0.1356,2129.5,-12.821,0,3.366,0.929,4.399,3.411,0,5.56,37.1,184.1,12,0,29.7,0,0,0,0,controlled_simulation
RN-00147,2026-08-22T13:33:00,normal_day_walk,0.0462,0.1859,0.117,1764.5,-28.274,0,5.691,1.392,9.599,4.013,0,3.38,0.0,163.5,13,0,24.4,0,0,0,0,controlled_simulation
RN-01705,2026-08-26T20:58:44,simulated_help_call,0.3388,0.7504,0.2681,2929.6,-10.788,1,3.168,1.221,6.561,2.396,0,6.72,100.0,597.5,20,0,108.3,1,0,1,1,controlled_simulation
RN-01929,2026-08-22T15:46:28,manual_sos_simulation,0.0692,0.12,0.0563,1559.7,-17.758,0,2.687,0.974,8.406,1.696,0,5.58,137.7,389.6,15,0,46.1,0,1,1,1,controlled_simulation
RN-00403,2026-08-19T10:51:51,normal_day_walk,0.0493,0.0682,0.0776,1833.8,-14.796,0,2.287,1.576,7.215,5.269,0,3.83,42.6,146.6,10,0,7.0,0,0,0,0,controlled_simulation
RN-00955,2026-08-04T07:24:02,exercise_running,0.0319,0.2654,0.1025,2347.6,-13.369,0,6.139,0.903,13.919,2.985,0,11.74,42.5,125.8,7,0,8.0,0,0,0,0,controlled_simulation
RN-01878,2026-08-31T22:30:02,simulated_distress_combined,0.2883,0.8732,0.2153,3500.0,-8.296,1,21.941,5.673,38.217,24.802,1,6.2,334.4,349.9,22,1,107.6,1,0,0,1,controlled_simulation
RN-00660,2026-08-21T23:21:32,normal_night_walk,0.0708,0.1778,0.093,1213.5,-20.52,0,2.45,0.8,6.138,3.308,0,6.12,8.5,223.4,23,1,47.7,0,0,0,0,controlled_simulation
RN-01373,2026-08-04T15:07:05,minor_route_deviation,0.0391,0.0769,0.0708,2000.9,-17.002,0,3.457,1.076,10.472,2.543,0,5.75,140.4,279.9,15,0,59.4,1,0,0,0,controlled_simulation
RN-00464,2026-08-12T00:57:13,normal_night_walk,0.0217,0.104,0.0352,2271.3,-28.861,0,4.558,1.005,7.94,2.384,0,4.7,21.2,203.0,0,1,2.3,0,0,0,0,controlled_simulation
RN-01350,2026-08-01T15:36:29,minor_route_deviation,0.0213,0.1668,0.0877,1402.7,-14.099,0,4.074,1.257,7.984,2.992,0,6.16,168.1,210.9,15,0,5.6,0,0,0,0,controlled_simulation
RN-00187,2026-08-31T08:12:53,normal_day_walk,0.054,0.1778,0.0769,1575.5,-6.502,0,2.674,1.142,8.136,2.059,0,3.77,46.4,137.1,8,0,43.5,0,0,0,0,controlled_simulation
RN-01148,2026-08-23T18:07:21,social_shout_laughter,0.2315,0.8284,0.227,3066.5,-14.053,1,3.75,1.874,4.074,2.392,0,8.86,13.6,21.0,18,0,20.8,1,0,0,0,controlled_simulation
RN-01225,2026-08-23T14:06:48,social_shout_laughter,0.1627,0.7029,0.1674,2063.0,-20.74,1,2.99,1.593,9.35,3.221,0,5.97,38.1,108.9,14,0,4.4,1,0,0,0,controlled_simulation
RN-00609,2026-08-02T03:25:34,normal_night_walk,0.0488,0.1753,0.0274,1757.4,-20.344,0,3.146,0.944,5.954,4.298,0,3.27,28.3,34.6,3,1,25.7,0,0,0,0,controlled_simulation
RN-00144,2026-08-12T08:00:03,normal_day_walk,0.0676,0.3394,0.1101,1658.0,-12.175,0,4.074,0.547,8.393,4.37,0,6.99,21.9,181.3,8,0,31.5,0,0,0,0,controlled_simulation
RN-00752,2026-08-30T07:44:11,normal_commute,0.0429,0.1807,0.101,1413.5,-19.574,0,2.466,0.641,6.322,4.591,0,14.57,26.4,273.0,7,0,49.1,0,0,0,0,controlled_simulation
RN-01535,2026-08-27T21:39:02,suspicious_night_deviation,0.075,0.0615,0.0826,1538.1,-28.239,0,4.992,1.049,4.287,2.169,0,5.61,431.6,404.5,21,0,58.3,0,0,0,0,controlled_simulation
RN-00982,2026-08-30T12:30:12,exercise_running,0.1085,0.4287,0.0722,1340.6,-11.745,0,3.718,2.937,12.478,8.418,0,13.28,17.4,130.7,12,0,21.4,0,0,0,0,controlled_simulation
RN-00198,2026-08-11T10:10:26,normal_day_walk,0.07,0.172,0.0905,1789.7,-21.041,0,4.799,1.184,8.041,1.909,0,4.59,21.6,104.2,10,0,31.7,0,0,0,0,controlled_simulation
RN-01634,2026-08-18T21:55:15,suspicious_night_deviation,0.055,0.2944,0.093,2300.6,-23.883,0,0.863,1.388,8.589,1.274,0,3.58,423.1,676.4,21,0,83.9,0,0,0,0,controlled_simulation
RN-00884,2026-08-16T08:15:45,normal_commute,0.0607,0.1195,0.0588,1721.6,-19.761,0,3.434,1.705,7.841,1.256,0,19.87,56.1,11.9,8,0,10.3,0,0,0,0,controlled_simulation
RN-00280,2026-08-01T09:58:45,normal_day_walk,0.0308,0.2084,0.0656,1945.5,-16.092,0,3.731,1.964,6.256,2.679,0,7.52,18.1,70.8,9,0,20.6,0,0,0,0,controlled_simulation
RN-00294,2026-08-24T18:09:12,normal_day_walk,0.06,0.2725,0.1204,1895.4,-21.116,0,3.544,1.38,5.621,1.686,0,4.82,11.8,190.2,18,0,27.7,0,0,0,0,controlled_simulation
RN-01824,2026-08-22T13:37:25,simulated_fall,0.1546,0.5321,0.1211,1700.1,-17.83,0,21.305,3.977,28.692,27.534,1,5.47,141.4,185.0,13,0,99.3,0,0,1,1,controlled_simulation
RN-00401,2026-08-08T09:08:22,normal_day_walk,0.0389,0.2309,0.0424,1608.5,-15.893,0,2.146,1.279,11.649,4.783,0,6.23,22.5,134.8,9,0,18.0,1,0,0,0,controlled_simulation
RN-00123,2026-08-03T13:11:06,normal_day_walk,0.056,0.1972,0.1027,1308.8,-19.432,0,1.601,0.871,7.931,1.771,0,3.65,5.3,61.6,13,0,61.0,0,0,0,0,controlled_simulation
RN-01208,2026-08-27T12:34:08,social_shout_laughter,0.2661,0.806,0.1537,4173.5,-12.048,1,2.91,1.291,8.26,2.463,0,4.04,24.0,160.3,12,0,15.6,0,0,0,0,controlled_simulation
RN-00203,2026-08-24T12:31:32,normal_day_walk,0.0385,0.1756,0.0531,2241.4,-20.424,0,3.754,0.592,6.602,4.812,0,2.01,0.0,163.0,12,0,14.3,2,0,0,0,controlled_simulation
RN-01463,2026-08-31T22:56:21,sudden_phone_drop,0.0313,0.2638,0.0885,1727.7,-11.264,0,14.652,6.815,26.741,18.104,1,2.3,6.8,177.3,22,1,29.8,0,0,0,0,controlled_simulation
RN-00836,2026-08-01T07:48:19,normal_commute,0.0525,0.2086,0.0984,1708.9,-20.694,0,2.796,1.636,5.283,3.379,0,22.87,16.0,218.1,7,0,16.2,1,0,0,0,controlled_simulation
RN-00247,2026-08-18T13:36:28,normal_day_walk,0.0294,0.0796,0.1075,2028.4,-16.957,0,2.52,0.73,9.011,3.422,0,6.2,18.2,220.0,13,0,39.2,0,0,0,0,controlled_simulation
RN-01440,2026-08-06T08:27:41,sudden_phone_drop,0.0825,0.1894,0.0576,2238.9,-8.179,0,17.546,2.715,26.641,18.617,1,7.18,4.7,104.9,8,0,19.5,0,0,0,0,controlled_simulation
RN-01754,2026-08-18T12:51:08,simulated_fall,0.0867,0.3115,0.0758,1652.9,-19.526,0,20.045,4.929,24.453,19.641,1,5.84,222.8,97.3,12,0,66.0,0,0,1,1,controlled_simulation
RN-01902,2026-08-25T23:05:24,simulated_distress_combined,0.4183,0.9512,0.2171,2590.1,-7.096,1,19.166,6.838,28.664,24.795,1,13.78,434.4,470.1,23,1,125.6,0,0,1,1,controlled_simulation
RN-01708,2026-08-31T20:21:42,simulated_help_call,0.266,0.8302,0.1979,2644.5,-9.253,1,3.644,1.355,9.456,4.716,0,0.2,309.4,452.4,20,0,77.9,1,0,1,1,controlled_simulation
RN-01881,2026-08-13T04:24:06,simulated_distress_combined,0.2509,0.9408,0.2743,2627.7,-5.87,1,19.262,7.521,26.499,28.014,1,6.78,605.7,661.0,4,1,100.6,2,0,1,1,controlled_simulation
RN-01154,2026-08-22T21:24:21,social_shout_laughter,0.1461,0.8949,0.207,3644.7,-10.327,1,3.046,1.225,9.658,4.843,0,4.59,38.4,38.3,21,0,23.6,0,0,0,0,controlled_simulation
RN-01662,2026-08-31T20:27:51,simulated_help_call,0.2797,0.7824,0.1555,3213.7,-13.154,1,4.116,1.125,6.717,1.39,0,5.45,489.0,422.8,20,0,30.0,2,0,1,1,controlled_simulation
RN-01427,2026-08-11T14:24:37,sudden_phone_drop,0.0622,0.2277,0.043,1637.8,-30.159,0,17.499,5.769,24.276,24.326,1,8.55,31.1,174.6,14,0,16.6,0,0,0,0,controlled_simulation
RN-00385,2026-08-19T16:12:58,normal_day_walk,0.0638,0.27,0.0432,2181.2,-18.102,0,3.01,1.05,7.84,4.07,0,4.52,14.0,9.3,16,0,39.1,0,0,0,0,controlled_simulation
RN-01759,2026-08-15T11:22:32,simulated_fall,0.1211,0.2943,0.054,1975.0,-25.844,0,22.281,5.17,24.515,16.621,1,8.03,46.8,149.0,11,0,60.7,1,0,1,1,controlled_simulation
RN-00855,2026-08-21T17:30:12,normal_commute,0.0701,0.3117,0.1061,2204.7,-24.32,0,4.804,0.821,10.05,3.07,0,21.3,43.1,30.0,17,0,21.3,0,0,0,0,controlled_simulation
RN-01590,2026-08-08T22:24:27,suspicious_night_deviation,0.0304,0.1775,0.0383,822.3,-23.131,0,2.959,1.738,9.218,2.382,0,5.09,296.5,307.0,22,1,81.4,2,0,0,0,controlled_simulation
RN-00220,2026-08-12T16:23:17,normal_day_walk,0.0508,0.2216,0.084,2591.7,-18.906,0,2.981,1.563,8.772,1.571,0,7.59,17.4,230.3,16,0,44.4,0,0,0,0,controlled_simulation
RN-00642,2026-08-09T20:46:53,normal_night_walk,0.031,0.2145,0.0393,2310.0,-30.685,0,3.015,0.677,8.501,4.717,0,4.94,49.6,147.2,20,0,16.2,1,0,0,0,controlled_simulation
RN-00002,2026-08-02T21:21:58,normal_day_walk,0.077,0.1692,0.0903,2043.9,-7.292,0,2.815,0.977,8.565,3.439,0,6.58,17.3,123.4,21,0,12.7,0,0,0,0,controlled_simulation
RN-00113,2026-08-15T15:58:10,normal_day_walk,0.0251,0.1794,0.0718,1783.4,-20.817,0,3.446,0.995,3.796,2.609,0,7.0,0.0,167.1,15,0,43.3,0,0,0,0,controlled_simulation
RN-00699,2026-08-22T17:56:26,normal_commute,0.0635,0.04,0.0397,1936.5,-24.822,0,3.826,1.065,6.842,2.869,0,16.28,27.8,170.1,17,0,40.1,0,0,0,0,controlled_simulation
RN-01916,2026-08-14T02:13:16,simulated_distress_combined,0.2625,0.9874,0.2575,3571.7,-11.229,1,18.549,5.517,34.287,28.817,1,12.83,410.1,735.5,2,1,111.6,3,0,1,1,controlled_simulation
RN-00952,2026-08-28T19:22:49,exercise_running,0.0958,0.4488,0.0563,1158.1,-25.332,0,8.227,2.028,13.078,5.898,0,8.86,0.0,113.4,19,0,39.4,0,0,0,0,controlled_simulation
RN-01649,2026-08-03T23:40:16,suspicious_night_deviation,0.0558,0.2698,0.0792,1527.2,-15.776,0,2.244,1.402,7.93,3.449,0,2.22,482.3,391.9,23,1,87.1,1,0,0,0,controlled_simulation
RN-01637,2026-08-20T03:54:39,suspicious_night_deviation,0.0645,0.1265,0.1028,2646.7,-18.536,0,3.667,1.563,8.254,3.394,0,5.64,482.5,761.8,3,1,40.0,1,0,0,0,controlled_simulation
RN-01886,2026-08-12T21:11:01,simulated_distress_combined,0.3109,0.8828,0.2268,3758.9,-6.128,1,20.956,5.96,34.528,26.664,1,3.5,481.9,671.6,21,0,161.8,0,0,0,1,controlled_simulation
RN-01411,2026-08-25T07:36:49,sudden_phone_drop,0.0471,0.1274,0.0782,1696.7,-16.802,0,12.811,5.664,27.846,13.066,1,2.77,23.4,262.2,7,0,11.1,0,0,0,0,controlled_simulation
RN-01410,2026-08-20T06:41:13,sudden_phone_drop,0.0155,0.1876,0.0836,1121.7,-17.139,0,16.869,3.091,24.464,12.151,1,7.03,34.8,38.8,6,0,21.6,0,0,0,0,controlled_simulation
RN-01534,2026-08-11T01:24:40,suspicious_night_deviation,0.0586,0.2298,0.0699,1561.6,-16.474,0,2.727,1.63,4.136,3.041,0,2.88,678.2,303.7,1,1,58.9,1,0,0,0,controlled_simulation
RN-01292,2026-08-31T06:08:50,minor_route_deviation,0.0715,0.2042,0.0868,1691.1,-23.296,0,3.42,1.818,8.448,4.441,0,5.91,140.9,80.0,6,0,12.8,1,0,0,0,controlled_simulation
RN-01809,2026-08-06T08:33:52,simulated_fall,0.2098,0.355,0.1171,1488.1,-18.644,1,12.22,5.96,28.948,23.087,1,5.61,133.7,109.6,8,0,71.5,1,0,1,1,controlled_simulation
RN-00442,2026-08-13T20:28:44,normal_night_walk,0.0542,0.1068,0.111,1261.0,-18.226,0,1.684,1.391,6.406,3.396,0,4.84,27.7,303.9,20,0,40.1,0,0,0,0,controlled_simulation
RN-01521,2026-08-04T21:48:10,suspicious_night_deviation,0.0664,0.1476,0.0908,1745.6,-19.738,0,3.673,0.857,6.239,3.93,0,3.21,441.0,250.0,21,0,53.4,1,0,0,0,controlled_simulation
RN-01137,2026-08-06T13:04:04,social_shout_laughter,0.2324,0.3734,0.1666,3202.1,-17.243,1,4.687,1.09,9.837,1.608,0,6.4,28.1,90.2,13,0,24.1,0,0,0,0,controlled_simulation
RN-01716,2026-08-08T21:47:58,simulated_help_call,0.3438,0.7627,0.2789,3201.8,-8.83,1,2.683,0.843,9.591,2.529,0,5.12,329.2,395.6,21,0,51.9,0,0,1,1,controlled_simulation
RN-01257,2026-08-22T06:35:57,social_shout_laughter,0.2013,0.6774,0.1731,2744.0,-14.289,1,2.826,1.27,9.48,3.554,0,3.08,13.3,256.2,6,0,2.8,0,0,0,0,controlled_simulation
RN-01864,2026-08-30T03:47:05,simulated_distress_combined,0.2301,0.7431,0.2744,2528.8,-9.502,1,22.649,3.882,28.755,21.39,1,14.05,424.6,754.3,3,1,107.7,0,0,1,1,controlled_simulation
RN-01632,2026-08-12T21:39:56,suspicious_night_deviation,0.0587,0.2008,0.0417,1995.3,-14.034,0,4.249,1.165,6.301,1.384,0,5.72,450.6,492.1,21,0,106.7,2,0,0,0,controlled_simulation
RN-01696,2026-08-13T00:40:51,simulated_help_call,0.2169,0.6261,0.273,2999.7,-13.452,1,4.256,0.424,11.39,3.409,0,4.22,461.1,356.5,0,1,91.1,1,0,1,1,controlled_simulation
RN-01398,2026-08-14T10:42:44,minor_route_deviation,0.0833,0.2421,0.0807,1352.2,-18.645,0,3.254,1.385,10.109,2.258,0,5.7,199.5,368.6,10,0,55.6,0,0,0,0,controlled_simulation
RN-00664,2026-08-07T04:40:00,normal_night_walk,0.0501,0.1734,0.02,1578.3,-23.757,0,3.696,0.903,5.956,3.518,0,4.43,15.4,123.9,4,1,19.7,0,0,0,0,controlled_simulation
RN-01836,2026-08-11T21:05:39,simulated_fall,0.1658,0.5752,0.0882,878.6,-23.505,0,19.069,5.322,28.484,22.228,1,4.04,209.9,207.3,21,0,102.5,0,0,0,1,controlled_simulation
RN-01258,2026-08-29T15:42:12,social_shout_laughter,0.2257,0.6068,0.2217,2663.7,-18.056,1,4.694,1.492,5.743,3.411,0,0.86,25.1,298.1,15,0,4.7,0,0,0,0,controlled_simulation
RN-01774,2026-08-13T21:42:56,simulated_fall,0.1,0.2361,0.064,2405.8,-24.584,0,17.606,7.274,25.547,24.357,1,7.46,187.3,117.1,21,0,69.3,1,0,0,1,controlled_simulation
RN-01701,2026-08-18T03:02:50,simulated_help_call,0.3102,0.812,0.1909,3616.6,-19.873,1,5.037,0.856,3.287,3.411,0,3.74,154.2,306.2,3,1,32.7,0,0,0,1,controlled_simulation
RN-00318,2026-08-02T21:18:34,normal_day_walk,0.048,0.1851,0.0745,1717.1,-16.209,0,3.231,0.733,9.104,1.828,0,3.68,18.4,138.4,21,0,20.1,0,0,0,0,controlled_simulation
RN-00649,2026-08-26T03:42:12,normal_night_walk,0.0563,0.1684,0.0942,2356.8,-24.046,0,1.393,0.969,8.243,5.094,0,5.0,20.1,302.1,3,1,44.7,0,0,0,0,controlled_simulation
RN-01435,2026-08-14T08:03:56,sudden_phone_drop,0.0727,0.1763,0.0713,1640.1,-17.038,0,13.835,5.036,22.317,20.163,1,9.25,43.5,279.2,8,0,26.6,0,0,0,0,controlled_simulation
RN-01480,2026-08-20T20:40:27,sudden_phone_drop,0.0627,0.1798,0.1018,2075.7,-26.175,0,12.106,3.8,21.213,14.829,1,6.0,17.0,174.9,20,0,15.3,1,0,0,0,controlled_simulation
RN-00710,2026-08-19T08:44:33,normal_commute,0.0638,0.2273,0.0292,1965.5,-20.818,0,1.325,1.656,7.092,4.495,0,19.9,31.6,221.1,8,0,38.5,0,0,0,0,controlled_simulation
RN-01383,2026-08-17T15:17:10,minor_route_deviation,0.0565,0.2605,0.0761,2932.3,-8.285,0,4.573,1.268,10.28,1.886,0,5.7,72.5,248.6,15,0,36.4,0,0,0,0,controlled_simulation
RN-01283,2026-08-13T13:34:39,minor_route_deviation,0.0484,0.1491,0.0668,1934.0,-7.453,0,3.55,0.357,7.23,4.057,0,3.39,144.9,80.0,13,0,20.6,0,0,0,0,controlled_simulation
RN-00973,2026-08-28T12:20:20,exercise_running,0.0578,0.2119,0.02,2423.9,-15.806,0,7.472,3.26,16.534,10.117,0,10.95,22.0,285.2,12,0,31.7,0,0,0,0,controlled_simulation
RN-00628,2026-08-15T21:50:27,normal_night_walk,0.0577,0.2745,0.0663,1201.1,-17.499,0,3.533,0.727,8.417,3.804,0,5.13,38.8,139.3,21,0,43.8,1,0,0,0,controlled_simulation
RN-00633,2026-08-20T02:59:14,normal_night_walk,0.0238,0.2738,0.0569,2546.2,-16.548,0,2.91,1.277,8.858,1.506,0,7.52,13.3,167.4,2,1,20.4,0,0,0,0,controlled_simulation
RN-01307,2026-08-17T15:07:58,minor_route_deviation,0.0698,0.1189,0.0759,2414.1,-11.472,0,2.541,1.243,6.942,2.983,0,4.43,101.8,80.0,15,0,24.5,1,0,0,0,controlled_simulation
RN-01401,2026-08-31T09:13:14,sudden_phone_drop,0.0723,0.2713,0.1257,1700.0,-16.738,0,11.324,3.102,21.505,19.572,1,6.68,23.6,189.7,9,0,30.9,1,0,0,0,controlled_simulation
RN-01409,2026-08-15T20:51:26,sudden_phone_drop,0.0475,0.1361,0.0615,1858.1,-14.299,0,10.543,4.792,24.774,15.194,1,6.55,25.2,308.9,20,0,31.7,0,0,0,0,controlled_simulation
RN-01249,2026-08-30T17:32:13,social_shout_laughter,0.146,0.9413,0.2217,3150.6,-17.248,1,2.45,0.884,8.86,1.937,0,5.44,9.6,172.4,17,0,63.6,0,0,0,0,controlled_simulation
RN-01953,2026-08-22T02:32:10,manual_sos_simulation,0.0417,0.0942,0.1011,1875.1,-25.797,0,1.455,1.356,6.381,2.53,0,6.58,330.7,572.6,2,1,67.6,0,1,1,1,controlled_simulation
RN-01255,2026-08-28T13:58:01,social_shout_laughter,0.2805,0.7091,0.2214,3428.9,-13.522,1,4.627,1.273,7.772,3.102,0,5.35,31.4,276.4,13,0,30.2,0,0,0,0,controlled_simulation
RN-01497,2026-08-31T03:44:42,suspicious_night_deviation,0.06,0.212,0.08,919.2,-22.485,0,2.132,1.243,9.78,2.408,0,3.48,452.5,672.9,3,1,151.7,3,0,0,0,controlled_simulation
RN-01372,2026-08-25T12:04:19,minor_route_deviation,0.0687,0.04,0.0687,1311.8,-22.823,0,1.892,1.183,5.212,3.657,0,7.07,168.3,80.0,12,0,72.9,0,0,0,0,controlled_simulation
RN-01530,2026-08-31T02:43:24,suspicious_night_deviation,0.0582,0.116,0.0783,1249.8,-13.255,0,2.59,1.0,6.621,1.489,0,3.78,299.6,405.3,2,1,84.2,1,0,0,0,controlled_simulation
RN-01664,2026-08-20T22:40:18,simulated_help_call,0.3276,0.8716,0.1386,3122.1,-14.833,1,3.648,1.055,7.47,2.136,0,5.02,100.0,459.6,22,1,92.8,0,0,1,1,controlled_simulation
RN-01355,2026-08-19T10:05:00,minor_route_deviation,0.0558,0.2359,0.0795,1192.9,-15.46,0,3.727,0.957,8.01,1.1,0,5.98,79.8,267.9,10,0,4.9,0,0,0,0,controlled_simulation
RN-01926,2026-08-14T16:31:46,manual_sos_simulation,0.0219,0.04,0.0796,1718.4,-24.893,0,3.782,1.51,3.599,2.692,0,6.39,87.9,57.6,16,0,20.6,0,1,1,1,controlled_simulation
RN-01901,2026-08-10T21:50:42,simulated_distress_combined,0.4062,0.9142,0.1348,3950.2,-8.551,1,21.108,6.365,34.74,26.641,1,3.56,562.1,401.3,21,0,145.4,3,0,1,1,controlled_simulation
RN-01644,2026-08-27T03:45:35,suspicious_night_deviation,0.0617,0.1133,0.0512,1174.5,-22.877,0,2.747,1.229,9.009,4.313,0,2.81,608.0,734.4,3,1,127.8,0,0,0,0,controlled_simulation
RN-01849,2026-08-02T22:54:50,simulated_distress_combined,0.45,1.0,0.215,3683.0,-5.937,1,19.774,6.339,31.213,32.651,1,11.81,723.0,697.9,22,1,154.2,2,0,0,1,controlled_simulation
RN-00796,2026-08-26T18:50:26,normal_commute,0.0722,0.2896,0.0701,1354.5,-13.929,0,3.379,1.063,2.58,1.066,0,14.99,16.7,123.2,18,0,41.8,0,0,0,0,controlled_simulation
RN-00646,2026-08-21T05:19:40,normal_night_walk,0.0981,0.1748,0.0963,1337.4,-16.242,0,2.966,0.645,8.893,3.142,0,5.55,24.1,111.7,5,0,43.7,1,0,0,0,controlled_simulation
RN-01013,2026-08-11T12:04:05,exercise_running,0.1224,0.142,0.0743,2044.1,-15.561,0,4.974,2.074,11.062,6.063,0,8.67,33.0,221.1,12,0,41.0,0,0,0,0,controlled_simulation
RN-01840,2026-08-26T12:51:21,simulated_fall,0.1123,0.4806,0.1086,1559.2,-25.59,0,25.423,3.444,26.582,19.95,1,4.86,235.9,246.3,12,0,73.2,0,0,0,1,controlled_simulation
RN-00557,2026-08-09T01:31:33,normal_night_walk,0.0431,0.2404,0.1122,1917.4,-20.519,0,4.282,0.606,11.687,1.292,0,7.06,15.9,176.6,1,1,24.2,0,0,0,0,controlled_simulation
RN-00682,2026-08-11T07:29:45,normal_commute,0.0654,0.2093,0.0601,2338.2,-12.586,0,4.357,1.096,6.676,3.947,0,20.26,16.2,145.3,7,0,9.1,0,0,0,0,controlled_simulation
RN-00578,2026-08-23T02:24:00,normal_night_walk,0.047,0.147,0.0827,2280.1,-14.344,0,1.663,1.085,8.814,4.003,0,4.95,36.8,337.0,2,1,53.7,0,0,0,0,controlled_simulation
RN-01110,2026-08-29T08:08:29,exercise_running,0.077,0.2682,0.036,2460.9,-17.164,0,5.891,2.678,7.0,6.187,0,10.02,3.4,71.7,8,0,20.7,0,0,0,0,controlled_simulation
RN-01267,2026-08-20T16:15:06,minor_route_deviation,0.0512,0.2286,0.0637,2155.1,-13.06,0,2.906,1.119,11.992,1.852,0,5.98,148.7,449.0,16,0,13.4,1,0,0,0,controlled_simulation
RN-01723,2026-08-09T01:35:35,simulated_help_call,0.2798,0.9461,0.2543,3215.9,-9.377,1,3.985,1.049,10.522,3.398,0,4.07,280.2,307.1,1,1,89.9,0,0,0,1,controlled_simulation
RN-01184,2026-08-29T06:22:40,social_shout_laughter,0.2141,0.4421,0.1243,2562.4,-11.343,1,5.447,1.308,5.197,1.157,0,4.11,12.1,37.8,6,0,6.8,0,0,0,0,controlled_simulation
RN-00525,2026-08-18T23:38:16,normal_night_walk,0.0553,0.2527,0.0992,1592.4,-23.923,0,4.378,1.034,9.132,1.678,0,4.41,19.2,320.0,23,1,26.0,1,0,0,0,controlled_simulation
RN-01060,2026-08-03T10:34:19,exercise_running,0.0417,0.1499,0.1009,2626.1,-10.797,0,10.852,2.943,14.351,5.806,0,10.98,0.0,213.4,10,0,54.5,0,0,0,0,controlled_simulation
RN-00541,2026-08-26T05:37:45,normal_night_walk,0.0521,0.2199,0.0953,2252.3,-16.44,0,3.684,1.025,5.311,3.678,0,2.21,4.5,249.0,5,0,44.1,0,0,0,0,controlled_simulation
RN-01195,2026-08-20T22:02:25,social_shout_laughter,0.215,0.7542,0.1501,3346.3,-24.0,1,3.718,0.714,9.855,0.4,0,5.19,18.9,156.0,22,1,6.3,0,0,0,0,controlled_simulation
RN-01679,2026-08-17T03:04:13,simulated_help_call,0.2387,0.7237,0.2829,3873.3,-14.287,1,2.76,0.317,5.166,4.426,0,2.43,107.1,455.4,3,1,71.3,1,0,1,1,controlled_simulation
RN-00749,2026-08-30T19:21:01,normal_commute,0.0569,0.1554,0.0718,1431.2,-21.05,0,1.563,0.897,8.907,2.749,0,26.45,4.5,58.5,19,0,22.8,0,0,0,0,controlled_simulation
RN-01852,2026-08-02T21:05:13,simulated_distress_combined,0.3671,0.7563,0.2109,3542.8,-9.805,1,21.079,6.411,35.147,29.797,1,10.64,344.1,514.6,21,0,65.4,1,0,1,1,controlled_simulation
RN-01431,2026-08-15T20:57:22,sudden_phone_drop,0.035,0.1218,0.0436,1689.4,-18.991,0,13.421,3.831,22.278,16.939,1,8.13,17.5,210.7,20,0,44.6,0,0,0,0,controlled_simulation
RN-00485,2026-08-07T01:10:34,normal_night_walk,0.0561,0.2865,0.0454,2129.7,-18.021,0,2.161,0.583,6.268,1.338,0,3.54,14.8,141.3,1,1,40.3,0,0,0,0,controlled_simulation
RN-01758,2026-08-09T07:27:17,simulated_fall,0.1079,0.2919,0.0777,2190.4,-18.777,0,14.46,5.878,30.846,22.271,1,6.77,256.9,101.5,7,0,49.4,0,0,0,1,controlled_simulation
RN-00096,2026-08-08T21:34:28,normal_day_walk,0.0202,0.0912,0.107,2389.3,-18.852,0,0.725,1.018,7.123,2.491,0,5.38,8.0,258.1,21,0,19.3,0,0,0,0,controlled_simulation
RN-01021,2026-08-20T16:56:05,exercise_running,0.0759,0.2999,0.0832,2180.1,-22.213,0,9.5,1.925,15.135,9.152,0,11.24,5.2,137.3,16,0,13.5,1,0,0,0,controlled_simulation
RN-00564,2026-08-18T05:19:04,normal_night_walk,0.0349,0.1915,0.0608,1853.2,-19.391,0,3.009,0.869,6.559,2.815,0,5.14,45.8,221.5,5,0,30.5,0,0,0,0,controlled_simulation
RN-01265,2026-08-29T13:16:28,minor_route_deviation,0.0622,0.1396,0.0402,2024.1,-19.34,0,3.615,1.781,8.813,4.135,0,5.66,99.4,247.5,13,0,58.2,0,0,0,0,controlled_simulation
RN-00743,2026-08-14T18:50:57,normal_commute,0.051,0.0431,0.0745,1563.9,-19.627,0,2.826,1.008,5.351,3.897,0,20.13,26.3,101.0,18,0,8.9,0,0,0,0,controlled_simulation
RN-00864,2026-08-29T08:22:43,normal_commute,0.0507,0.2502,0.0808,1824.6,-20.794,0,3.49,1.045,7.124,2.869,0,22.97,57.1,139.1,8,0,29.2,0,0,0,0,controlled_simulation
RN-01599,2026-08-13T00:18:48,suspicious_night_deviation,0.0919,0.2202,0.0754,2429.7,-17.867,0,3.908,1.582,9.532,3.038,0,2.91,330.1,834.7,0,1,41.6,1,0,0,0,controlled_simulation
RN-01715,2026-08-30T20:30:45,simulated_help_call,0.308,0.7772,0.2641,3817.7,-10.055,1,3.554,1.267,6.295,1.998,0,3.55,262.1,350.0,20,0,82.9,0,0,1,1,controlled_simulation
RN-01485,2026-08-15T01:04:33,suspicious_night_deviation,0.0351,0.1568,0.0707,1451.3,-16.501,0,4.228,0.918,8.843,0.98,0,1.71,295.8,851.1,1,1,113.4,0,0,0,0,controlled_simulation
RN-00892,2026-08-09T19:59:28,normal_commute,0.0465,0.2919,0.0829,1776.4,-17.425,0,3.73,0.963,6.194,4.23,0,17.66,46.7,207.3,19,0,22.0,0,0,0,0,controlled_simulation
RN-01578,2026-08-23T23:07:42,suspicious_night_deviation,0.0647,0.2918,0.1147,2135.4,-9.153,0,1.524,1.195,9.826,2.579,0,2.17,642.3,568.0,23,1,69.2,3,0,0,0,controlled_simulation
RN-01039,2026-08-03T13:58:24,exercise_running,0.025,0.3298,0.0985,2944.8,-14.486,0,6.369,2.3,11.702,9.035,0,8.77,11.7,43.6,13,0,21.5,0,0,0,0,controlled_simulation
RN-00207,2026-08-19T10:36:00,normal_day_walk,0.0511,0.1994,0.0911,1822.6,-20.207,0,2.755,1.294,6.334,3.744,0,2.55,33.0,103.4,10,0,6.5,0,0,0,0,controlled_simulation
RN-00393,2026-08-24T12:54:01,normal_day_walk,0.0717,0.0988,0.0919,1705.1,-21.242,0,3.211,0.71,5.533,2.324,0,6.29,32.1,88.6,12,0,28.9,0,0,0,0,controlled_simulation
RN-00795,2026-08-19T19:50:56,normal_commute,0.0403,0.1825,0.0828,1669.2,-15.8,0,3.233,0.825,11.472,2.682,0,25.41,54.9,242.1,19,0,11.0,0,0,0,0,controlled_simulation
RN-00871,2026-08-04T07:52:29,normal_commute,0.0439,0.2761,0.078,2117.6,-14.098,0,4.857,0.857,7.273,4.254,0,14.63,32.5,241.2,7,0,19.1,0,0,0,0,controlled_simulation
RN-00398,2026-08-05T15:15:02,normal_day_walk,0.0258,0.0515,0.0739,1470.3,-14.889,0,3.541,0.623,10.011,3.036,0,7.59,20.3,117.6,15,0,1.0,1,0,0,0,controlled_simulation
RN-00767,2026-08-15T17:04:02,normal_commute,0.0361,0.1595,0.0864,2707.3,-25.57,0,4.46,1.159,12.043,2.677,0,8.17,10.7,86.8,17,0,50.2,0,0,0,0,controlled_simulation
RN-01842,2026-08-30T04:49:31,simulated_distress_combined,0.331,0.8403,0.234,2861.0,-7.406,1,21.74,6.254,32.093,27.617,1,4.77,590.7,583.6,4,1,111.3,1,0,1,1,controlled_simulation
RN-01242,2026-08-30T20:59:42,social_shout_laughter,0.1903,0.4672,0.1061,2717.8,-16.673,1,3.667,1.338,10.476,4.485,0,3.77,24.5,265.7,20,0,36.3,0,0,0,0,controlled_simulation
RN-01029,2026-08-14T19:00:18,exercise_running,0.0837,0.1907,0.0718,1123.4,-19.312,0,6.854,2.141,9.088,7.279,0,12.91,10.7,82.2,19,0,18.7,0,0,0,0,controlled_simulation
RN-01793,2026-08-17T15:12:58,simulated_fall,0.1023,0.4641,0.0686,2382.6,-16.717,0,18.203,5.082,28.25,16.9,1,1.82,209.7,67.2,15,0,45.4,0,0,0,1,controlled_simulation
RN-00643,2026-08-12T23:13:03,normal_night_walk,0.0481,0.115,0.0671,1596.5,-20.369,0,2.269,1.495,7.553,2.333,0,5.13,3.0,154.1,23,1,2.8,0,0,0,0,controlled_simulation
RN-01892,2026-08-28T01:57:20,simulated_distress_combined,0.2947,0.8231,0.2665,2773.5,-7.709,1,18.129,7.309,38.964,24.163,1,6.84,654.9,605.2,1,1,122.6,0,0,1,1,controlled_simulation
RN-00613,2026-08-08T20:41:48,normal_night_walk,0.0541,0.2618,0.0968,1524.0,-19.785,0,1.088,1.111,7.341,1.354,0,6.35,49.7,281.0,20,0,22.9,2,0,0,0,controlled_simulation
RN-01763,2026-08-18T11:28:39,simulated_fall,0.0855,0.3475,0.0899,911.6,-24.751,0,19.448,3.64,28.112,15.582,1,6.14,269.9,44.0,11,0,47.1,0,0,0,1,controlled_simulation
RN-00961,2026-08-28T21:00:38,exercise_running,0.025,0.2431,0.1167,1831.6,-24.447,0,6.588,2.876,11.624,10.121,0,16.46,23.5,60.2,21,0,36.2,0,0,0,0,controlled_simulation
RN-01571,2026-08-24T04:05:07,suspicious_night_deviation,0.044,0.073,0.076,2766.1,-27.033,0,1.968,1.445,6.436,0.4,0,4.42,484.0,770.8,4,1,133.2,0,0,0,0,controlled_simulation
RN-00726,2026-08-09T18:42:20,normal_commute,0.0595,0.2431,0.0991,1241.5,-16.763,0,3.824,1.207,7.873,3.657,0,15.65,48.3,173.0,18,0,59.7,0,0,0,0,controlled_simulation
RN-00684,2026-08-27T17:05:38,normal_commute,0.0433,0.0878,0.1119,2233.9,-19.204,0,4.233,0.942,7.537,2.268,0,15.92,35.3,111.8,17,0,33.6,1,0,0,0,controlled_simulation
RN-00099,2026-08-22T11:40:00,normal_day_walk,0.0579,0.2311,0.0797,1195.9,-24.312,0,1.772,1.109,7.06,3.41,0,2.94,4.8,82.9,11,0,4.1,0,0,0,0,controlled_simulation
RN-00805,2026-08-10T19:16:53,normal_commute,0.0581,0.3142,0.0959,1536.7,-8.589,0,4.188,0.881,12.161,0.478,0,19.52,10.7,129.9,19,0,42.8,1,0,0,0,controlled_simulation
RN-01752,2026-08-08T15:15:39,simulated_fall,0.1501,0.377,0.0704,1749.1,-13.591,0,24.323,6.532,29.029,18.504,1,7.67,313.2,93.5,15,0,54.2,1,0,1,1,controlled_simulation
RN-01598,2026-08-04T04:49:34,suspicious_night_deviation,0.0967,0.2227,0.0366,1918.9,-14.699,0,3.93,1.168,11.303,1.241,0,5.77,419.6,491.1,4,1,95.7,3,0,0,0,controlled_simulation
RN-00407,2026-08-01T17:17:31,normal_day_walk,0.0171,0.1419,0.1231,2148.0,-20.802,0,2.977,1.025,6.177,2.59,0,3.19,0.0,61.5,17,0,24.1,0,0,0,0,controlled_simulation
RN-00503,2026-08-10T02:33:31,normal_night_walk,0.0369,0.0898,0.0931,1285.8,-21.096,0,3.568,0.715,5.3,4.004,0,7.28,8.4,357.6,2,1,35.7,1,0,0,0,controlled_simulation
RN-01072,2026-08-20T13:43:19,exercise_running,0.0721,0.08,0.0792,2341.8,-14.989,0,7.409,2.807,16.563,8.984,0,11.66,27.0,142.7,13,0,34.0,0,0,0,0,controlled_simulation
RN-01057,2026-08-15T12:35:40,exercise_running,0.0822,0.2855,0.0903,1570.5,-12.449,0,7.643,2.21,15.413,6.283,0,7.46,24.8,51.4,12,0,30.1,0,0,0,0,controlled_simulation
RN-00930,2026-08-23T07:05:49,normal_commute,0.0601,0.1822,0.0773,2485.5,-11.426,0,2.796,0.467,4.81,2.798,0,22.91,16.4,250.9,7,0,48.9,0,0,0,0,controlled_simulation
RN-00780,2026-08-25T08:52:05,normal_commute,0.0536,0.1923,0.0717,1709.7,-8.35,0,1.512,1.159,7.306,1.444,0,24.22,22.9,138.5,8,0,3.9,1,0,0,0,controlled_simulation
RN-00201,2026-08-11T20:08:19,normal_day_walk,0.0529,0.2541,0.0657,2373.6,-19.531,0,2.028,1.028,9.55,2.498,0,2.44,6.5,147.8,20,0,3.7,0,0,0,0,controlled_simulation
RN-00135,2026-08-06T15:04:39,normal_day_walk,0.1037,0.2076,0.0709,1907.3,-18.318,0,2.552,0.857,5.615,4.124,0,5.57,35.6,131.5,15,0,19.0,0,0,0,0,controlled_simulation
RN-01052,2026-08-13T16:10:23,exercise_running,0.0837,0.256,0.09,1914.3,-17.151,0,3.431,2.318,12.337,7.531,0,15.88,13.1,88.4,16,0,57.6,0,0,0,0,controlled_simulation
RN-00041,2026-08-06T20:20:08,normal_day_walk,0.0919,0.192,0.0841,1674.3,-8.761,0,2.896,1.05,8.731,0.923,0,6.04,25.3,5.5,20,0,37.6,1,0,0,0,controlled_simulation
RN-01018,2026-08-07T16:45:24,exercise_running,0.0792,0.3263,0.0702,1614.9,-10.651,0,3.841,1.131,10.925,8.506,0,12.52,13.2,167.7,16,0,23.0,1,0,0,0,controlled_simulation
RN-00231,2026-08-11T12:17:37,normal_day_walk,0.0202,0.0847,0.082,1565.0,-15.192,0,4.976,0.733,8.722,2.176,0,5.25,24.8,187.4,12,0,35.2,0,0,0,0,controlled_simulation
RN-01514,2026-08-26T01:31:31,suspicious_night_deviation,0.0885,0.221,0.0795,1851.8,-22.212,0,1.77,0.953,4.361,3.914,0,5.94,514.5,688.9,1,1,46.2,0,0,0,0,controlled_simulation
RN-01797,2026-08-09T19:53:34,simulated_fall,0.1668,0.4252,0.0646,1881.2,-25.129,0,20.778,5.159,23.061,20.167,1,5.28,169.6,250.2,19,0,35.0,0,0,0,1,controlled_simulation
RN-00379,2026-08-13T15:01:43,normal_day_walk,0.0841,0.2808,0.0936,1486.7,-14.213,0,3.551,0.994,6.228,2.636,0,3.84,30.0,5.0,15,0,31.2,0,0,0,0,controlled_simulation
RN-00289,2026-08-10T20:11:32,normal_day_walk,0.0706,0.1548,0.0811,1825.7,-15.213,0,3.497,1.513,11.281,3.891,0,7.78,21.4,113.7,20,0,38.6,0,0,0,0,controlled_simulation
RN-00419,2026-08-31T19:34:12,normal_day_walk,0.0386,0.1679,0.0639,1788.2,-19.989,0,3.663,0.686,4.208,5.391,0,4.52,12.1,213.1,19,0,23.0,0,0,0,0,controlled_simulation
RN-01699,2026-08-23T02:23:35,simulated_help_call,0.2225,0.8419,0.1551,2224.8,-14.282,1,4.478,1.571,6.768,2.9,0,6.42,345.9,663.0,2,1,57.3,1,0,1,1,controlled_simulation
RN-00392,2026-08-24T07:07:12,normal_day_walk,0.0454,0.2595,0.1114,1466.1,-20.476,0,3.17,0.93,9.953,4.861,0,4.57,15.6,21.5,7,0,6.3,0,0,0,0,controlled_simulation
RN-00593,2026-08-14T04:18:01,normal_night_walk,0.0227,0.107,0.0859,1562.7,-19.108,0,1.342,0.786,10.516,5.469,0,5.42,29.1,23.7,4,1,39.9,1,0,0,0,controlled_simulation
RN-01523,2026-08-03T02:17:07,suspicious_night_deviation,0.0445,0.2425,0.0666,2679.6,-16.568,0,2.422,0.75,7.247,2.979,0,5.19,311.7,289.7,2,1,61.8,1,0,0,0,controlled_simulation
RN-01163,2026-08-30T19:26:58,social_shout_laughter,0.2283,0.7266,0.147,2644.4,-16.62,1,4.561,1.29,7.175,1.769,0,3.36,17.1,185.9,19,0,29.2,0,0,0,0,controlled_simulation
RN-01087,2026-08-06T06:02:22,exercise_running,0.0857,0.3615,0.0954,2155.5,-21.278,0,6.598,2.015,9.084,5.283,0,10.56,3.8,111.0,6,0,1.0,0,0,0,0,controlled_simulation
RN-01496,2026-08-09T04:34:54,suspicious_night_deviation,0.0631,0.3165,0.0726,1522.8,-15.4,0,1.935,0.944,4.726,1.996,0,4.14,455.9,470.9,4,1,76.2,2,0,0,0,controlled_simulation
RN-00648,2026-08-29T04:18:15,normal_night_walk,0.0428,0.2772,0.0802,2342.3,-20.991,0,2.857,1.064,7.781,5.662,0,4.52,22.2,102.6,4,1,1.0,0,0,0,0,controlled_simulation
RN-01153,2026-08-30T07:50:36,social_shout_laughter,0.2256,0.8856,0.189,3770.5,-16.406,1,3.349,0.911,7.423,3.406,0,6.27,13.1,182.4,7,0,1.0,0,0,0,0,controlled_simulation
RN-01368,2026-08-28T07:22:42,minor_route_deviation,0.065,0.2123,0.0991,1621.5,-17.052,0,3.37,0.896,13.138,3.431,0,4.43,138.2,80.0,7,0,25.5,1,0,0,0,controlled_simulation
RN-00521,2026-08-26T02:16:09,normal_night_walk,0.0411,0.1461,0.0862,1712.5,-13.287,0,5.163,1.134,11.147,3.248,0,3.44,42.4,76.5,2,1,51.8,0,0,0,0,controlled_simulation
RN-01863,2026-08-08T23:37:45,simulated_distress_combined,0.2985,0.9213,0.1851,3500.2,-9.983,1,21.837,5.056,32.843,27.541,1,12.09,592.6,696.1,23,1,63.3,2,0,1,1,controlled_simulation
RN-00065,2026-08-09T10:32:01,normal_day_walk,0.0171,0.1545,0.1097,1941.2,-20.502,0,1.238,1.113,7.491,4.255,0,5.61,22.4,176.9,10,0,36.1,0,0,0,0,controlled_simulation
RN-01837,2026-08-16T13:14:38,simulated_fall,0.0843,0.3578,0.0774,1714.6,-14.211,0,22.538,4.59,34.061,15.842,1,7.48,108.7,148.9,13,0,56.2,0,0,1,1,controlled_simulation
RN-00015,2026-08-13T18:55:52,normal_day_walk,0.0287,0.1387,0.0263,1776.8,-23.312,0,3.484,1.522,6.042,2.215,0,9.53,44.3,63.2,18,0,19.8,0,0,0,0,controlled_simulation
RN-01181,2026-08-02T07:29:54,social_shout_laughter,0.2529,0.7535,0.223,3149.9,-23.101,1,3.878,1.556,7.847,5.376,0,3.12,9.8,228.3,7,0,46.2,0,0,0,0,controlled_simulation
RN-01065,2026-08-07T06:42:59,exercise_running,0.025,0.2567,0.1341,1712.0,-20.203,0,4.001,2.888,15.485,9.154,0,12.29,27.9,108.1,6,0,18.5,0,0,0,0,controlled_simulation
RN-00493,2026-08-10T03:31:34,normal_night_walk,0.0645,0.2013,0.0767,1227.3,-16.616,0,3.687,1.171,9.186,1.047,0,6.7,46.6,132.6,3,1,27.4,0,0,0,0,controlled_simulation
RN-00380,2026-08-20T18:17:08,normal_day_walk,0.0454,0.2381,0.1297,1806.6,-14.777,0,3.058,0.844,6.698,1.564,0,2.58,28.9,134.6,18,0,40.8,0,0,0,0,controlled_simulation
RN-00188,2026-08-21T20:39:10,normal_day_walk,0.0835,0.1955,0.1398,1631.6,-21.832,0,4.445,1.324,10.755,2.929,0,5.47,0.0,99.8,20,0,28.8,0,0,0,0,controlled_simulation
RN-00764,2026-08-02T07:54:50,normal_commute,0.0402,0.2198,0.0554,2366.4,-20.046,0,2.512,1.901,7.281,1.594,0,23.12,17.5,147.4,7,0,26.2,1,0,0,0,controlled_simulation
RN-00217,2026-08-05T21:43:32,normal_day_walk,0.0265,0.2293,0.0859,1425.6,-19.139,0,4.947,1.352,10.424,1.985,0,4.24,31.7,91.6,21,0,24.3,0,0,0,0,controlled_simulation
RN-00792,2026-08-12T08:39:53,normal_commute,0.1023,0.1438,0.1055,1915.2,-16.31,0,4.102,1.367,6.1,2.491,0,21.94,30.2,227.4,8,0,23.5,0,0,0,0,controlled_simulation
RN-01077,2026-08-31T16:11:19,exercise_running,0.0884,0.4077,0.0452,2749.5,-19.758,0,6.37,2.062,10.898,7.317,0,11.38,51.1,5.0,16,0,3.1,1,0,0,0,controlled_simulation
RN-00879,2026-08-22T18:25:05,normal_commute,0.0349,0.277,0.0554,1354.2,-17.942,0,4.519,1.643,7.184,2.098,0,23.09,48.5,235.9,18,0,44.8,0,0,0,0,controlled_simulation
RN-00338,2026-08-08T15:12:58,normal_day_walk,0.0493,0.1624,0.0895,2537.4,-12.27,0,4.093,1.529,6.166,2.198,0,3.88,19.1,220.8,15,0,24.8,0,0,0,0,controlled_simulation
RN-01773,2026-08-21T14:34:02,simulated_fall,0.1047,0.2162,0.0631,2545.0,-21.344,0,14.47,3.975,26.678,17.157,1,7.88,99.9,95.9,14,0,39.2,0,0,1,1,controlled_simulation
RN-00720,2026-08-16T19:13:12,normal_commute,0.0541,0.143,0.0648,1794.6,-28.253,0,2.244,1.13,9.635,3.154,0,15.6,8.2,96.8,19,0,16.9,0,0,0,0,controlled_simulation
RN-01749,2026-08-08T21:15:06,simulated_help_call,0.2193,0.8728,0.1615,3358.9,-15.184,1,2.887,1.92,8.597,0.418,0,5.9,241.3,573.4,21,0,87.2,2,0,1,1,controlled_simulation
RN-00296,2026-08-18T21:36:44,normal_day_walk,0.0626,0.1556,0.1077,1452.7,-20.918,0,2.474,1.293,8.353,2.327,0,1.74,21.8,205.3,21,0,35.4,0,0,0,0,controlled_simulation
RN-01726,2026-08-13T00:34:51,simulated_help_call,0.2683,0.8263,0.1457,2907.3,-16.833,1,4.729,0.937,7.981,0.95,0,7.21,374.8,498.0,0,1,114.7,0,0,0,1,controlled_simulation
RN-01017,2026-08-25T13:00:20,exercise_running,0.1169,0.2463,0.1132,1998.7,-13.902,0,2.5,2.158,10.305,6.176,0,12.57,16.0,293.7,13,0,1.0,0,0,0,0,controlled_simulation
RN-01276,2026-08-26T06:02:58,minor_route_deviation,0.0513,0.2117,0.1025,1853.0,-18.255,0,4.471,0.768,11.528,2.07,0,3.57,71.4,349.8,6,0,43.9,0,0,0,0,controlled_simulation
RN-01751,2026-08-17T18:52:09,simulated_fall,0.1574,0.3103,0.1048,2287.9,-16.395,0,18.631,7.805,27.382,24.205,1,4.53,77.0,174.4,18,0,80.3,0,0,1,1,controlled_simulation
RN-01486,2026-08-08T01:51:37,suspicious_night_deviation,0.034,0.2124,0.065,1550.1,-15.881,0,3.425,0.536,8.412,3.34,0,3.09,467.8,644.9,1,1,74.6,2,0,0,0,controlled_simulation
RN-00456,2026-08-30T00:15:58,normal_night_walk,0.0782,0.1556,0.0269,1875.7,-16.996,0,3.679,1.317,10.242,2.874,0,4.65,24.2,143.9,0,1,1.0,1,0,0,0,controlled_simulation
RN-01997,2026-08-24T08:27:56,manual_sos_simulation,0.0539,0.1441,0.02,1808.8,-18.514,0,3.749,1.427,4.036,2.825,0,7.25,463.1,571.4,8,0,78.3,0,1,1,1,controlled_simulation
RN-00816,2026-08-08T13:38:02,normal_commute,0.0622,0.0433,0.0697,2425.7,-16.707,0,3.454,1.547,7.258,0.874,0,32.21,2.4,173.2,13,0,18.2,0,0,0,0,controlled_simulation
RN-01887,2026-08-14T22:36:32,simulated_distress_combined,0.3069,0.8421,0.1733,3315.7,-10.053,1,19.214,6.113,31.792,27.325,1,6.81,566.8,520.8,22,1,72.8,0,0,0,1,controlled_simulation
RN-00270,2026-08-07T15:46:28,normal_day_walk,0.0394,0.2697,0.1219,1765.3,-20.217,0,3.267,1.258,6.977,2.209,0,4.77,23.8,100.2,15,0,1.0,0,0,0,0,controlled_simulation
RN-00996,2026-08-20T08:03:17,exercise_running,0.1063,0.2278,0.082,1742.7,-20.763,0,7.177,1.469,18.858,8.046,0,10.33,17.7,93.0,8,0,29.3,1,0,0,0,controlled_simulation
RN-00202,2026-08-21T16:14:29,normal_day_walk,0.0557,0.1757,0.0471,2393.7,-6.83,0,3.834,0.741,9.534,3.56,0,5.86,22.5,231.9,16,0,15.1,0,0,0,0,controlled_simulation
RN-00162,2026-08-14T08:22:11,normal_day_walk,0.0665,0.2831,0.0559,2419.8,-11.138,0,3.365,1.074,8.263,2.021,0,5.79,0.0,182.2,8,0,65.9,0,0,0,0,controlled_simulation
RN-01580,2026-08-04T23:40:00,suspicious_night_deviation,0.0443,0.0935,0.1043,1945.7,-12.98,0,2.915,0.745,8.296,1.704,0,3.28,209.0,726.8,23,1,48.3,0,0,0,0,controlled_simulation
RN-00730,2026-08-22T08:12:49,normal_commute,0.0258,0.2226,0.0627,1767.9,-12.08,0,3.301,1.066,7.455,3.245,0,11.82,23.9,251.6,8,0,37.2,0,0,0,0,controlled_simulation
RN-00402,2026-08-05T17:01:31,normal_day_walk,0.0322,0.108,0.0455,1768.5,-13.815,0,3.849,1.479,5.585,3.029,0,4.98,44.8,117.2,17,0,46.0,1,0,0,0,controlled_simulation
RN-00703,2026-08-22T18:15:33,normal_commute,0.0533,0.2202,0.0402,1817.1,-28.336,0,2.897,0.472,7.019,2.692,0,15.91,29.4,349.4,18,0,30.7,0,0,0,0,controlled_simulation
RN-01501,2026-08-16T23:58:36,suspicious_night_deviation,0.057,0.1849,0.0446,1246.1,-10.934,0,2.151,0.831,3.059,4.941,0,5.08,466.5,539.3,23,1,108.8,1,0,0,0,controlled_simulation
RN-01846,2026-08-24T03:49:40,simulated_distress_combined,0.2768,0.9561,0.137,4104.1,-4.58,1,18.305,7.232,32.39,34.438,1,14.58,316.9,684.4,3,1,56.9,1,0,1,1,controlled_simulation
RN-01796,2026-08-01T19:07:57,simulated_fall,0.0736,0.3772,0.0589,2070.5,-20.808,0,16.44,4.247,25.867,20.626,1,8.62,119.6,5.0,19,0,65.1,0,0,0,1,controlled_simulation
RN-01130,2026-08-24T10:16:27,social_shout_laughter,0.2765,0.8059,0.197,2229.0,-17.519,1,4.477,0.986,7.467,2.834,0,4.93,23.6,110.6,10,0,13.0,0,0,0,0,controlled_simulation
RN-00566,2026-08-13T05:26:30,normal_night_walk,0.0519,0.3187,0.0827,2253.8,-14.407,0,3.426,1.404,8.58,3.328,0,5.33,11.6,218.6,5,0,12.8,1,0,0,0,controlled_simulation
RN-01414,2026-08-04T07:15:35,sudden_phone_drop,0.0449,0.1933,0.0749,2235.0,-24.836,0,9.87,5.574,24.737,20.856,1,4.33,10.5,253.4,7,0,1.0,1,0,0,0,controlled_simulation
RN-01022,2026-08-11T12:24:55,exercise_running,0.0937,0.201,0.0638,1455.1,-19.516,0,4.876,2.63,13.869,5.637,0,6.0,13.9,45.8,12,0,56.8,1,0,0,0,controlled_simulation
RN-01026,2026-08-21T09:12:40,exercise_running,0.0676,0.1725,0.0832,1932.9,-16.208,0,5.205,1.449,13.082,6.018,0,7.24,15.0,271.2,9,0,27.1,1,0,0,0,controlled_simulation
RN-01412,2026-08-28T17:04:47,sudden_phone_drop,0.0515,0.2057,0.0731,2455.3,-15.095,0,10.702,4.199,24.818,19.976,1,7.75,8.6,223.4,17,0,33.2,0,0,0,0,controlled_simulation
RN-01896,2026-08-21T01:38:27,simulated_distress_combined,0.2749,0.7756,0.1807,3021.1,-9.706,1,21.012,6.651,30.773,34.131,1,2.16,475.2,658.5,1,1,45.0,2,0,0,1,controlled_simulation
RN-01586,2026-08-13T22:57:05,suspicious_night_deviation,0.0476,0.1593,0.107,2358.8,-18.113,0,5.021,0.976,8.672,2.714,0,4.67,368.3,250.0,22,1,87.0,1,0,0,0,controlled_simulation
RN-01105,2026-08-30T15:17:01,exercise_running,0.1107,0.2753,0.1082,1295.5,-22.198,0,8.326,2.816,15.049,7.914,0,10.51,5.9,120.4,15,0,51.5,2,0,0,0,controlled_simulation
RN-00206,2026-08-25T20:51:19,normal_day_walk,0.0205,0.1008,0.1236,2195.9,-20.786,0,4.065,0.362,5.967,2.52,0,6.95,13.4,124.0,20,0,18.2,0,0,0,0,controlled_simulation
RN-00035,2026-08-21T15:07:51,normal_day_walk,0.0677,0.2264,0.0778,1711.8,-21.768,0,3.547,1.295,8.093,5.442,0,4.54,15.8,158.3,15,0,6.8,0,0,0,0,controlled_simulation
RN-00776,2026-08-12T08:03:03,normal_commute,0.0298,0.1557,0.1086,1952.1,-20.315,0,2.013,0.844,7.527,2.365,0,25.32,41.4,5.0,8,0,53.1,1,0,0,0,controlled_simulation
RN-00509,2026-08-05T05:15:04,normal_night_walk,0.0448,0.2181,0.0503,2860.5,-6.81,0,3.003,1.183,5.95,4.037,0,6.25,46.5,307.5,5,0,37.1,0,0,0,0,controlled_simulation
RN-01452,2026-08-21T20:03:37,sudden_phone_drop,0.0633,0.3724,0.0622,1970.9,-16.799,0,15.256,4.022,24.845,24.029,1,4.46,29.9,341.6,20,0,20.6,0,0,0,0,controlled_simulation
RN-01479,2026-08-01T11:11:08,sudden_phone_drop,0.072,0.1816,0.0699,2654.5,-19.827,0,10.417,5.459,25.362,20.323,1,5.34,0.0,142.0,11,0,47.7,0,0,0,0,controlled_simulation
RN-01971,2026-08-19T04:38:42,manual_sos_simulation,0.0625,0.1294,0.0242,1604.9,-14.933,0,3.699,1.032,5.855,3.978,0,8.5,397.0,420.8,4,1,38.2,0,1,1,1,controlled_simulation
RN-01391,2026-08-22T10:22:28,minor_route_deviation,0.0781,0.185,0.0827,1430.2,-22.071,0,4.559,1.076,9.514,2.343,0,5.74,119.9,103.9,10,0,24.7,0,0,0,0,controlled_simulation
RN-00092,2026-08-02T18:37:48,normal_day_walk,0.0529,0.341,0.0619,1465.8,-15.701,0,3.282,1.725,8.215,4.156,0,5.92,16.5,104.4,18,0,51.4,0,0,0,0,controlled_simulation
RN-01364,2026-08-22T21:41:00,minor_route_deviation,0.0498,0.2074,0.1132,2383.2,-20.503,0,4.848,1.126,6.961,5.332,0,6.95,103.0,80.0,21,0,23.8,1,0,0,0,controlled_simulation
RN-00898,2026-08-28T09:57:46,normal_commute,0.0689,0.1678,0.0664,1609.3,-19.775,0,3.864,1.573,3.486,4.778,0,11.33,19.9,272.2,9,0,60.2,0,0,0,0,controlled_simulation
RN-00565,2026-08-01T21:19:11,normal_night_walk,0.0459,0.1551,0.04,2191.7,-11.318,0,2.688,2.136,6.175,0.518,0,4.21,11.8,307.9,21,0,32.0,0,0,0,0,controlled_simulation
RN-01370,2026-08-24T17:38:16,minor_route_deviation,0.0352,0.2296,0.0766,1437.9,-17.826,0,4.68,1.274,10.824,2.282,0,4.79,142.1,252.9,17,0,40.3,0,0,0,0,controlled_simulation
RN-00777,2026-08-07T17:31:47,normal_commute,0.0785,0.2171,0.0749,1334.5,-24.971,0,2.181,0.915,6.407,3.192,0,21.29,30.2,207.4,17,0,9.0,1,0,0,0,controlled_simulation
RN-00242,2026-08-16T16:52:52,normal_day_walk,0.0706,0.1232,0.0823,1007.5,-23.746,0,3.732,0.84,4.792,2.582,0,5.15,0.0,131.5,16,0,74.3,0,0,0,0,controlled_simulation
RN-00014,2026-08-25T20:50:06,normal_day_walk,0.0491,0.2502,0.0744,1959.1,-17.117,0,3.684,1.568,7.191,2.165,0,6.65,0.0,142.8,20,0,16.3,0,0,0,0,controlled_simulation
RN-00316,2026-08-10T15:25:19,normal_day_walk,0.015,0.1715,0.1005,2413.4,-18.264,0,3.047,1.389,3.727,4.394,0,6.97,12.4,46.1,15,0,17.3,0,0,0,0,controlled_simulation
RN-00601,2026-08-23T02:41:14,normal_night_walk,0.0452,0.2674,0.0929,1994.3,-15.002,0,2.715,0.998,4.317,2.144,0,4.64,30.3,388.8,2,1,24.8,0,0,0,0,controlled_simulation
RN-00388,2026-08-04T10:35:42,normal_day_walk,0.0594,0.1263,0.1011,976.4,-19.906,0,3.231,0.2,5.33,3.044,0,1.68,13.6,31.9,10,0,55.8,1,0,0,0,controlled_simulation
RN-01298,2026-08-22T20:36:33,minor_route_deviation,0.0269,0.2146,0.0863,2356.4,-11.069,0,2.477,1.24,8.575,4.159,0,4.66,141.6,285.0,20,0,13.6,1,0,0,0,controlled_simulation
RN-00167,2026-08-08T11:15:21,normal_day_walk,0.0208,0.2701,0.0562,1769.0,-15.751,0,2.456,1.093,6.328,3.322,0,4.08,22.1,355.3,11,0,6.0,1,0,0,0,controlled_simulation
RN-00841,2026-08-20T09:16:11,normal_commute,0.0526,0.1764,0.0575,2343.2,-28.377,0,4.183,1.137,7.767,1.014,0,26.06,34.0,266.8,9,0,10.9,0,0,0,0,controlled_simulation
RN-00021,2026-08-07T06:55:56,normal_day_walk,0.0878,0.2312,0.1178,2136.9,-21.495,0,1.785,1.077,5.156,2.378,0,6.41,15.3,245.4,6,0,38.5,0,0,0,0,controlled_simulation
RN-00647,2026-08-24T05:19:06,normal_night_walk,0.0456,0.0881,0.0672,2561.5,-15.841,0,3.006,1.394,3.785,2.569,0,6.3,4.3,132.9,5,0,1.0,0,0,0,0,controlled_simulation
RN-01843,2026-08-26T03:50:35,simulated_distress_combined,0.3169,0.8596,0.1913,3777.8,-10.025,1,19.847,6.344,32.848,31.562,1,7.79,698.9,605.2,3,1,109.3,3,0,0,1,controlled_simulation
RN-01509,2026-08-06T00:01:08,suspicious_night_deviation,0.0474,0.1608,0.0354,3021.4,-22.314,0,4.278,1.316,5.007,1.681,0,2.66,560.4,434.8,0,1,85.5,2,0,0,0,controlled_simulation
RN-01155,2026-08-03T16:21:35,social_shout_laughter,0.2662,0.4552,0.1761,2701.1,-17.244,1,3.997,1.28,7.002,3.854,0,5.55,8.5,111.6,16,0,36.0,0,0,0,0,controlled_simulation
RN-01529,2026-08-16T01:23:47,suspicious_night_deviation,0.0551,0.3735,0.0775,1753.9,-16.361,0,4.26,1.49,11.556,3.341,0,4.89,180.0,520.4,1,1,81.1,0,0,0,0,controlled_simulation
RN-00832,2026-08-18T18:38:12,normal_commute,0.0655,0.2072,0.1517,2087.1,-17.316,0,4.155,1.004,4.639,0.4,0,9.41,10.7,26.4,18,0,1.0,0,0,0,0,controlled_simulation
RN-01268,2026-08-14T21:36:03,minor_route_deviation,0.0719,0.1573,0.1073,1810.1,-14.76,0,3.129,1.587,3.557,3.534,0,4.29,134.6,163.8,21,0,49.3,0,0,0,0,controlled_simulation
RN-01591,2026-08-03T22:46:10,suspicious_night_deviation,0.0194,0.04,0.0439,1544.0,-17.3,0,3.495,1.466,7.024,5.574,0,2.7,475.7,426.6,22,1,100.5,0,0,0,0,controlled_simulation
RN-01900,2026-08-29T03:44:57,simulated_distress_combined,0.3158,0.9134,0.2202,3642.2,-11.423,1,15.284,7.187,36.035,26.478,1,3.11,439.2,664.8,3,1,56.6,1,0,0,1,controlled_simulation
RN-00563,2026-08-16T00:08:57,normal_night_walk,0.0295,0.144,0.0334,1920.5,-20.746,0,5.153,1.687,8.913,3.428,0,6.14,9.7,195.5,0,1,1.0,2,0,0,0,controlled_simulation
RN-01952,2026-08-28T17:00:39,manual_sos_simulation,0.0236,0.2106,0.0856,1269.0,-16.912,0,2.971,1.256,7.809,1.843,0,7.03,434.9,220.0,17,0,21.8,0,1,1,1,controlled_simulation
RN-00687,2026-08-28T17:22:48,normal_commute,0.0317,0.1592,0.1073,1983.0,-20.156,0,4.87,0.757,8.353,3.127,0,18.4,26.5,192.0,17,0,36.9,0,0,0,0,controlled_simulation
RN-00958,2026-08-08T19:07:43,exercise_running,0.1018,0.3209,0.0713,1445.5,-19.052,0,8.975,2.368,13.835,9.09,0,11.0,24.3,109.1,19,0,29.8,2,0,0,0,controlled_simulation
RN-00190,2026-08-10T15:03:57,normal_day_walk,0.0182,0.0942,0.0803,2181.1,-24.791,0,4.551,1.241,5.976,2.796,0,3.98,9.2,235.1,15,0,31.8,1,0,0,0,controlled_simulation
RN-01807,2026-08-25T21:11:56,simulated_fall,0.0946,0.08,0.1054,1391.2,-26.462,0,17.514,5.925,27.619,29.465,1,10.61,30.0,194.4,21,0,79.5,0,0,0,1,controlled_simulation
RN-00976,2026-08-29T10:30:00,exercise_running,0.0773,0.2452,0.0434,2240.3,-12.069,0,5.432,2.883,11.395,11.914,0,9.51,44.2,240.1,10,0,43.4,0,0,0,0,controlled_simulation
RN-00700,2026-08-24T17:55:51,normal_commute,0.0599,0.1284,0.0628,1853.8,-13.07,0,4.279,0.862,5.699,3.28,0,18.73,28.7,40.2,17,0,1.0,1,0,0,0,controlled_simulation
RN-01500,2026-08-24T21:18:47,suspicious_night_deviation,0.069,0.2774,0.0918,2379.7,-14.503,0,3.748,1.172,9.291,2.233,0,4.15,441.9,790.7,21,0,137.9,0,0,0,0,controlled_simulation
RN-01706,2026-08-22T01:23:53,simulated_help_call,0.3014,0.8864,0.2196,3288.9,-18.991,1,3.174,0.711,6.9,5.312,0,4.48,100.0,582.4,1,1,77.5,0,0,0,1,controlled_simulation
RN-00511,2026-08-22T23:01:38,normal_night_walk,0.0402,0.1591,0.0658,1613.2,-16.533,0,3.986,0.92,7.975,2.985,0,1.07,7.3,225.2,23,1,26.7,1,0,0,0,controlled_simulation
RN-01083,2026-08-31T09:14:14,exercise_running,0.0781,0.4533,0.1111,1820.1,-18.594,0,4.758,2.485,16.002,9.603,0,6.0,0.0,323.7,9,0,28.8,0,0,0,0,controlled_simulation
RN-00475,2026-08-24T23:57:51,normal_night_walk,0.0762,0.1454,0.0725,1891.0,-20.05,0,3.788,0.921,7.052,0.4,0,6.34,48.3,63.8,23,1,14.0,0,0,0,0,controlled_simulation
RN-01585,2026-08-22T23:20:19,suspicious_night_deviation,0.0956,0.151,0.0489,733.9,-12.202,0,3.787,0.955,6.625,2.716,0,5.27,485.5,373.5,23,1,105.6,1,0,0,0,controlled_simulation
RN-00857,2026-08-17T18:01:41,normal_commute,0.0816,0.2061,0.0601,2836.5,-18.411,0,3.543,1.942,10.805,5.014,0,16.64,0.0,265.7,18,0,23.1,0,0,0,0,controlled_simulation
RN-00748,2026-08-23T19:27:37,normal_commute,0.0547,0.1393,0.1071,1147.4,-8.25,0,2.944,0.58,4.519,0.933,0,28.42,18.4,316.2,19,0,24.4,0,0,0,0,controlled_simulation
RN-00253,2026-08-26T16:36:09,normal_day_walk,0.0306,0.072,0.0758,1938.4,-24.122,0,2.401,0.762,6.212,3.762,0,4.42,18.1,157.6,16,0,31.5,0,0,0,0,controlled_simulation
RN-00022,2026-08-19T18:43:05,normal_day_walk,0.015,0.2013,0.0652,2115.9,-25.908,0,3.265,1.245,10.732,0.524,0,3.79,22.4,244.0,18,0,36.0,0,0,0,0,controlled_simulation
RN-01338,2026-08-12T16:52:20,minor_route_deviation,0.088,0.1125,0.0442,1569.9,-23.98,0,2.274,0.748,7.237,0.619,0,6.37,177.8,250.7,16,0,9.2,2,0,0,0,controlled_simulation
RN-00460,2026-08-13T22:30:41,normal_night_walk,0.0323,0.195,0.0438,2071.7,-19.654,0,3.066,1.292,7.901,3.248,0,2.62,37.7,108.1,22,1,19.7,2,0,0,0,controlled_simulation
RN-01185,2026-08-01T09:53:13,social_shout_laughter,0.2402,0.6206,0.1407,3078.4,-16.389,1,4.544,1.036,9.047,2.265,0,2.59,18.1,173.3,9,0,51.3,0,0,0,0,controlled_simulation
RN-00277,2026-08-15T19:51:17,normal_day_walk,0.0535,0.2689,0.1157,1789.2,-14.268,0,2.72,1.186,7.389,0.963,0,4.91,11.5,78.3,19,0,52.8,0,0,0,0,controlled_simulation
RN-00956,2026-08-04T17:56:05,exercise_running,0.0732,0.2164,0.0537,1701.9,-16.697,0,4.731,1.921,12.869,6.913,0,6.64,24.5,117.6,17,0,50.0,1,0,0,0,controlled_simulation
RN-01216,2026-08-23T22:34:21,social_shout_laughter,0.2857,0.6404,0.1408,2723.2,-14.598,1,3.46,0.688,7.438,2.044,0,5.16,9.4,177.4,22,1,37.1,1,0,0,0,controlled_simulation
RN-00386,2026-08-28T12:50:05,normal_day_walk,0.0542,0.2467,0.1122,1561.3,-22.007,0,2.794,0.92,6.145,0.527,0,7.61,41.4,172.0,12,0,60.3,0,0,0,0,controlled_simulation
RN-00806,2026-08-15T17:02:15,normal_commute,0.0371,0.0639,0.1193,2298.7,-4.601,0,3.48,1.286,8.96,3.661,0,7.45,0.0,164.3,17,0,32.0,0,0,0,0,controlled_simulation
RN-01438,2026-08-22T06:57:53,sudden_phone_drop,0.0363,0.2464,0.0999,1545.5,-23.586,0,15.088,4.132,18.687,11.477,1,3.98,20.0,71.6,6,0,11.9,1,0,0,0,controlled_simulation
RN-01516,2026-08-10T23:50:30,suspicious_night_deviation,0.0942,0.1351,0.0921,3075.9,-17.477,0,2.419,1.386,9.38,2.051,0,4.92,609.2,900.0,23,1,116.3,3,0,0,0,controlled_simulation
RN-00344,2026-08-17T22:26:37,normal_day_walk,0.048,0.1988,0.0554,2151.8,-20.664,0,2.245,0.791,8.771,4.064,0,6.66,13.8,97.0,22,1,33.5,0,0,0,0,controlled_simulation
RN-00770,2026-08-25T07:16:03,normal_commute,0.0559,0.2231,0.0439,2064.7,-17.368,0,3.827,1.13,9.69,2.55,0,10.41,57.2,44.7,7,0,24.7,1,0,0,0,controlled_simulation
RN-01333,2026-08-23T12:29:27,minor_route_deviation,0.0918,0.1715,0.0833,1696.6,-16.136,0,3.285,0.727,6.061,1.711,0,4.07,89.9,231.6,12,0,42.7,0,0,0,0,controlled_simulation
RN-01686,2026-08-19T02:33:23,simulated_help_call,0.3115,0.8143,0.1867,3078.6,-11.119,1,2.949,0.634,6.957,2.608,0,6.85,139.7,291.1,2,1,48.2,0,0,1,1,controlled_simulation
RN-00131,2026-08-09T11:47:31,normal_day_walk,0.0162,0.1159,0.1056,2199.7,-18.476,0,3.567,1.235,5.193,3.19,0,5.1,0.0,136.9,11,0,26.0,0,0,0,0,controlled_simulation
RN-01688,2026-08-13T04:19:39,simulated_help_call,0.3176,0.8897,0.1909,3551.5,-13.359,1,2.907,1.373,5.318,2.923,0,1.65,100.0,318.0,4,1,132.9,0,0,1,1,controlled_simulation
RN-00872,2026-08-20T17:15:15,normal_commute,0.0629,0.2089,0.0602,1387.0,-12.464,0,3.45,1.243,8.451,1.315,0,4.99,53.2,226.5,17,0,38.5,1,0,0,0,controlled_simulation
RN-01124,2026-08-28T16:45:22,social_shout_laughter,0.1831,0.7454,0.1474,3662.4,-15.894,1,3.764,0.682,11.092,4.368,0,4.44,33.7,261.9,16,0,23.8,0,0,0,0,controlled_simulation
RN-01397,2026-08-10T08:11:45,minor_route_deviation,0.0399,0.2351,0.0897,1803.3,-19.021,0,4.479,0.739,10.088,0.696,0,6.17,131.4,156.1,8,0,10.0,1,0,0,0,controlled_simulation
RN-00088,2026-08-03T07:02:14,normal_day_walk,0.0816,0.142,0.0754,2109.0,-25.049,0,3.616,0.445,11.225,3.723,0,3.04,22.7,57.6,7,0,12.9,0,0,0,0,controlled_simulation
RN-01483,2026-08-13T21:45:49,suspicious_night_deviation,0.0337,0.1656,0.0476,1741.9,-26.439,0,3.472,1.255,7.732,4.715,0,10.0,494.5,608.7,21,0,110.7,2,0,0,0,controlled_simulation
RN-00331,2026-08-03T17:31:40,normal_day_walk,0.0531,0.0745,0.1077,1571.3,-15.048,0,1.397,1.359,5.994,4.047,0,6.63,25.0,187.8,17,0,7.3,1,0,0,0,controlled_simulation
RN-01239,2026-08-30T15:08:18,social_shout_laughter,0.0925,0.5902,0.1892,2893.9,-22.91,0,2.563,1.082,8.858,4.258,0,4.96,34.6,111.0,15,0,30.1,0,0,0,0,controlled_simulation
RN-00467,2026-08-01T23:17:34,normal_night_walk,0.0635,0.1993,0.0841,1750.8,-10.348,0,3.816,1.147,8.84,3.904,0,7.87,14.8,219.1,23,1,38.6,0,0,0,0,controlled_simulation
RN-00122,2026-08-06T22:38:59,normal_day_walk,0.0307,0.2923,0.0481,1892.7,-24.14,0,3.17,0.693,6.145,2.038,0,1.91,12.3,62.3,22,1,48.3,0,0,0,0,controlled_simulation
RN-01639,2026-08-15T03:44:53,suspicious_night_deviation,0.0596,0.2765,0.0546,1237.2,-23.381,0,4.441,0.89,11.482,2.565,0,3.43,460.0,478.8,3,1,63.8,1,0,0,0,controlled_simulation
RN-01045,2026-08-16T15:58:14,exercise_running,0.1098,0.2613,0.0796,1343.2,-17.645,0,6.193,2.418,13.772,5.681,0,11.51,5.7,81.0,15,0,18.4,0,0,0,0,controlled_simulation
RN-01725,2026-08-13T03:05:09,simulated_help_call,0.1871,0.724,0.1549,3042.1,-11.637,1,3.675,0.51,8.64,1.554,0,3.52,389.3,414.3,3,1,99.1,0,0,0,1,controlled_simulation
RN-01096,2026-08-19T16:10:06,exercise_running,0.095,0.2536,0.0738,2732.5,-19.281,0,6.202,1.307,12.488,9.658,0,11.95,33.7,110.4,16,0,1.0,0,0,0,0,controlled_simulation
RN-01131,2026-08-21T21:14:00,social_shout_laughter,0.1245,0.7555,0.1352,2794.8,-13.625,1,2.732,1.432,6.975,2.267,0,4.07,8.2,265.4,21,0,37.3,1,0,0,0,controlled_simulation
RN-01295,2026-08-05T07:46:48,minor_route_deviation,0.0735,0.0691,0.0781,1675.5,-18.544,0,3.222,1.056,7.675,3.099,0,8.88,191.3,186.3,7,0,13.6,0,0,0,0,controlled_simulation
RN-00861,2026-08-05T08:48:40,normal_commute,0.0637,0.152,0.0865,2075.9,-21.212,0,3.143,0.683,9.001,3.225,0,8.89,42.2,9.4,8,0,39.5,0,0,0,0,controlled_simulation
RN-01460,2026-08-19T09:24:20,sudden_phone_drop,0.015,0.1717,0.0588,1331.0,-22.311,0,9.0,4.141,24.769,12.123,1,1.39,3.6,95.8,9,0,40.1,0,0,0,0,controlled_simulation
RN-01127,2026-08-10T14:33:36,social_shout_laughter,0.1626,0.6474,0.1686,3403.2,-20.259,1,4.121,1.223,8.12,3.364,0,2.52,0.0,222.9,14,0,5.5,1,0,0,0,controlled_simulation
